[Licensing::Module] Trying to connect to existing licensing client channel...
Built from '6000.2/respin/6000.2.6f2-cc51a95c03' branch; Version is '6000.2.6f2 (4a4dcaec6541) revision 4869578'; Using compiler version '194234433'; Build Type 'Release'
OS: 'Windows 10  (10.0.19045) 64bit Core' Language: 'ko' Physical Memory: 16309 MB
BatchMode: 1, IsHumanControllingUs: 0, StartBugReporterOnCrash: 0, Is64bit: 1
Date: 2025-11-15T16:50:57Z
[Licensing::IpcConnector] Successfully connected to: "LicenseClient-jsg91" at "2025-11-15T16:50:57.3224683Z"

COMMAND LINE ARGUMENTS:
C:\Program Files\Unity\Hub\Editor\6000.2.6f2\Editor\Unity.exe
-adb2
-batchMode
-noUpm
-name
AssetImportWorker1
-projectPath
E:/UnityProject/Slot Advanture
-logFile
Logs/AssetImportWorker1.log
-srvPort
11715
-licensingIpc
LicenseClient-jsg91
-job-worker-count
3
-background-job-worker-count
8
-gc-helper-count
1
-name
AssetImport
Successfully changed project path to: E:/UnityProject/Slot Advanture
E:/UnityProject/Slot Advanture
[UnityMemory] Configuration Parameters - Can be set up in boot.config
    "memorysetup-allocator-temp-initial-block-size-main=262144"
    "memorysetup-allocator-temp-initial-block-size-worker=262144"
    "memorysetup-bucket-allocator-granularity=16"
    "memorysetup-bucket-allocator-bucket-count=8"
    "memorysetup-bucket-allocator-block-size=33554432"
    "memorysetup-bucket-allocator-block-count=8"
    "memorysetup-main-allocator-block-size=16777216"
    "memorysetup-thread-allocator-block-size=16777216"
    "memorysetup-gfx-main-allocator-block-size=16777216"
    "memorysetup-gfx-thread-allocator-block-size=16777216"
    "memorysetup-cache-allocator-block-size=4194304"
    "memorysetup-typetree-allocator-block-size=2097152"
    "memorysetup-profiler-bucket-allocator-granularity=16"
    "memorysetup-profiler-bucket-allocator-bucket-count=8"
    "memorysetup-profiler-bucket-allocator-block-size=33554432"
    "memorysetup-profiler-bucket-allocator-block-count=8"
    "memorysetup-profiler-allocator-block-size=16777216"
    "memorysetup-profiler-editor-allocator-block-size=1048576"
    "memorysetup-temp-allocator-size-main=16777216"
    "memorysetup-job-temp-allocator-block-size=2097152"
    "memorysetup-job-temp-allocator-block-size-background=1048576"
    "memorysetup-job-temp-allocator-reduction-small-platforms=262144"
    "memorysetup-temp-allocator-size-background-worker=32768"
    "memorysetup-temp-allocator-size-job-worker=262144"
    "memorysetup-temp-allocator-size-preload-manager=33554432"
    "memorysetup-temp-allocator-size-nav-mesh-worker=65536"
    "memorysetup-temp-allocator-size-audio-worker=65536"
    "memorysetup-temp-allocator-size-cloud-worker=32768"
    "memorysetup-temp-allocator-size-gi-baking-worker=262144"
    "memorysetup-temp-allocator-size-gi-baking-worker=262144"
    "memorysetup-temp-allocator-size-gi-baking-worker=262144"
    "memorysetup-temp-allocator-size-gi-baking-worker=262144"
    "memorysetup-temp-allocator-size-gi-baking-worker=262144"
    "memorysetup-temp-allocator-size-gfx=262144"
Player connection [21968]  Target information:

Player connection [21968]  * "[IP] 172.30.1.72 [Port] 0 [Flags] 2 [Guid] 3536466997 [EditorId] 3536466997 [Version] 1048832 [Id] WindowsEditor(7,DESKTOP-L09M1LS) [Debug] 1 [PackageName] WindowsEditor [ProjectName] Editor" 

Player connection [21968] Host joined multi-casting on [225.0.0.222:54997]...
Player connection [21968] Host joined alternative multi-casting on [225.0.0.222:34997]...
JobSystem: Creating JobQueue using job-worker-count value 3
Input System module state changed to: Initialized.
[Physics::Module] Initialized fallback backend.
[Physics::Module] Id: 0xdecafbad
[Licensing::Client] Code 10 while verifying Licensing Client signature (process Id: 18568, path: "C:/Program Files/Unity Hub/UnityLicensingClient_V1/Unity.Licensing.Client.exe")
[Licensing::Module] LicensingClient has failed validation; ignoring
[Licensing::Client] Handshaking with LicensingClient:
  Version:                 1.17.3+a4e98f1
  Session Id:              002f08c9532444eb80f903fc4ee7172c
  Correlation Id:          3ef4fd5fa8c28b9d4efdfcd7e7c68bbf
  External correlation Id: 3628519194638472600
  Machine Id:              zXvn4n8rpEBWTmCCnRCK30A+XeI=
[Licensing::Module] Successfully connected to LicensingClient on channel: "LicenseClient-jsg91" (connect: 0.00s, validation: 0.00s, handshake: 0.09s)
[Licensing::IpcConnector] Successfully connected to: "LicenseClient-jsg91-notifications" at "2025-11-15T16:50:57.4177368Z"
[Licensing::Module] Licensing Background thread has ended after 0.10s
Library Redirect Path: Library/
[Physics::Module] Selected backend.
[Physics::Module] Name: PhysX
[Physics::Module] Id: 0xf2b8ea05
[Physics::Module] SDK Version: 4.1.2
[Physics::Module] Integration Version: 1.0.0
[Physics::Module] Threading Mode: Multi-Threaded
Refreshing native plugins compatible for Editor in 14.90 ms, found 9 plugins.
Preloading 0 native plugins for Editor in 0.00 ms.
Initialize engine version: 6000.2.6f2 (4a4dcaec6541)
[Subsystems] Discovering subsystems at path C:/Program Files/Unity/Hub/Editor/6000.2.6f2/Editor/Data/Resources/UnitySubsystems
[Subsystems] Discovering subsystems at path E:/UnityProject/Slot Advanture/Assets
GfxDevice: creating device client; kGfxThreadingModeNonThreaded
Direct3D:
    Version:  Direct3D 11.0 [level 11.1]
    Renderer: NVIDIA GeForce RTX 2060 SUPER (ID=0x1f06)
    Vendor:   NVIDIA
    VRAM:     8006 MB
    Driver:   32.0.15.6094
Initialize mono
Mono path[0] = 'C:/Program Files/Unity/Hub/Editor/6000.2.6f2/Editor/Data/Managed'
Mono path[1] = 'C:/Program Files/Unity/Hub/Editor/6000.2.6f2/Editor/Data/MonoBleedingEdge/lib/mono/unityjit-win32'
Mono config path = 'C:/Program Files/Unity/Hub/Editor/6000.2.6f2/Editor/Data/MonoBleedingEdge/etc'
Using monoOptions --debugger-agent=transport=dt_socket,embedding=1,server=y,suspend=n,address=127.0.0.1:56992
Begin MonoManager ReloadAssembly
Registering precompiled unity dll's ...
Register platform support module: C:/Program Files/Unity/Hub/Editor/6000.2.6f2/Editor/Data/PlaybackEngines/WindowsStandaloneSupport/UnityEditor.WindowsStandalone.Extensions.dll
Registered in 0.004969 seconds.
- Loaded All Assemblies, in  1.473 seconds
Native extension for WindowsStandalone target not found
Mono: successfully reloaded assembly
- Finished resetting the current domain, in  1.049 seconds
Domain Reload Profiling: 2517ms
	BeginReloadAssembly (707ms)
		ExecutionOrderSort (0ms)
		DisableScriptedObjects (0ms)
		BackupInstance (0ms)
		ReleaseScriptingObjects (0ms)
		CreateAndSetChildDomain (2ms)
	RebuildCommonClasses (100ms)
	RebuildNativeTypeToScriptingClass (34ms)
	initialDomainReloadingComplete (128ms)
	LoadAllAssembliesAndSetupDomain (495ms)
		LoadAssemblies (694ms)
		RebuildTransferFunctionScriptingTraits (0ms)
		AnalyzeDomain (488ms)
			TypeCache.Refresh (484ms)
				TypeCache.ScanAssembly (448ms)
			BuildScriptInfoCaches (0ms)
			ResolveRequiredComponents (1ms)
	FinalizeReload (1054ms)
		ReleaseScriptCaches (0ms)
		RebuildScriptCaches (0ms)
		SetupLoadedEditorAssemblies (822ms)
			LogAssemblyErrors (0ms)
			InitializePlatformSupportModulesInManaged (123ms)
			SetLoadedEditorAssemblies (11ms)
			BeforeProcessingInitializeOnLoad (213ms)
			ProcessInitializeOnLoadAttributes (310ms)
			ProcessInitializeOnLoadMethodAttributes (163ms)
			AfterProcessingInitializeOnLoad (0ms)
			EditorAssembliesLoaded (0ms)
		ExecutionOrderSort2 (0ms)
		AwakeInstancesAfterBackupRestoration (0ms)
========================================================================
Worker process is ready to serve import requests
Import Worker Mode flag is 0x00
Begin MonoManager ReloadAssembly
[Licensing::Client] Successfully resolved entitlement details
[Licensing::Module] License group:
  Id: 14568626684708-UnityPersXXXX
  Product: Unity Personal
  Type: Assigned
  Expiration: Unlimited
- Loaded All Assemblies, in  3.072 seconds
Refreshing native plugins compatible for Editor in 11.28 ms, found 9 plugins.
Native extension for WindowsStandalone target not found
Refreshing native plugins compatible for Editor in 5.90 ms, found 9 plugins.
Package Manager log level set to [2]
[Package Manager] Failed to launch server process. Reason: Unity was launched with the -noUpm command-line argument
[Package Manager] Unable to send message (not connected to server process).
[Package Manager] Cannot connect to Unity Package Manager local server
Mono: successfully reloaded assembly
- Finished resetting the current domain, in  3.570 seconds
Domain Reload Profiling: 6634ms
	BeginReloadAssembly (493ms)
		ExecutionOrderSort (0ms)
		DisableScriptedObjects (23ms)
		BackupInstance (0ms)
		ReleaseScriptingObjects (0ms)
		CreateAndSetChildDomain (73ms)
	RebuildCommonClasses (104ms)
	RebuildNativeTypeToScriptingClass (33ms)
	initialDomainReloadingComplete (98ms)
	LoadAllAssembliesAndSetupDomain (2335ms)
		LoadAssemblies (1543ms)
		RebuildTransferFunctionScriptingTraits (0ms)
		AnalyzeDomain (1061ms)
			TypeCache.Refresh (856ms)
				TypeCache.ScanAssembly (817ms)
			BuildScriptInfoCaches (166ms)
			ResolveRequiredComponents (33ms)
	FinalizeReload (3571ms)
		ReleaseScriptCaches (0ms)
		RebuildScriptCaches (0ms)
		SetupLoadedEditorAssemblies (3188ms)
			LogAssemblyErrors (0ms)
			InitializePlatformSupportModulesInManaged (4ms)
			SetLoadedEditorAssemblies (16ms)
			BeforeProcessingInitializeOnLoad (764ms)
			ProcessInitializeOnLoadAttributes (2124ms)
			ProcessInitializeOnLoadMethodAttributes (260ms)
			AfterProcessingInitializeOnLoad (18ms)
			EditorAssembliesLoaded (1ms)
		ExecutionOrderSort2 (0ms)
		AwakeInstancesAfterBackupRestoration (16ms)
WARNING: Shader Unsupported: 'Hidden/Universal Render Pipeline/Terrain/Lit (Base Pass)' - All subshaders removed
WARNING: Shader Did you use #pragma only_renderers and omit this platform?
WARNING: Shader If subshaders removal was intentional, you may have forgotten turning Fallback off?
WARNING: Shader Unsupported: 'Hidden/Universal Render Pipeline/Terrain/Lit (Base Pass)' - All subshaders removed
WARNING: Shader Did you use #pragma only_renderers and omit this platform?
WARNING: Shader If subshaders removal was intentional, you may have forgotten turning Fallback off?
WARNING: Shader Unsupported: 'Universal Render Pipeline/Terrain/Lit' - All subshaders removed
WARNING: Shader Did you use #pragma only_renderers and omit this platform?
WARNING: Shader If subshaders removal was intentional, you may have forgotten turning Fallback off?
WARNING: Shader Unsupported: 'Universal Render Pipeline/Terrain/Lit' - All subshaders removed
WARNING: Shader Did you use #pragma only_renderers and omit this platform?
WARNING: Shader If subshaders removal was intentional, you may have forgotten turning Fallback off?
Launched and connected shader compiler UnityShaderCompiler.exe after 0.07 seconds
Refreshing native plugins compatible for Editor in 8.73 ms, found 9 plugins.
Preloading 0 native plugins for Editor in 0.00 ms.
Unloading 185 Unused Serialized files (Serialized files now loaded: 0)
Unloading 8336 unused Assets / (24.4 MB). Loaded Objects now: 8711.
Memory consumption went from 196.2 MB to 171.9 MB.
Total: 28.248900 ms (FindLiveObjects: 1.164500 ms CreateObjectMapping: 1.919800 ms MarkObjects: 10.157500 ms  DeleteObjects: 15.005600 ms)

========================================================================
Received Import Request.
  Time since last request: 67606.896876 seconds.
  path: Assets/00_Scenes/LOBBY.unity
  artifactKey: Guid(bc54099c2506f38459790e47854f6742) Importer(815301076,1909f56bfc062723c751e8b465ee728b)
Start importing Assets/00_Scenes/LOBBY.unity using Guid(bc54099c2506f38459790e47854f6742) Importer(815301076,1909f56bfc062723c751e8b465ee728b) (PreviewImporter) -> (artifact id: '7c480b0154bdfc0f7bebf75e3da51603') in 0.0187509 seconds
Number of updated asset objects reloaded before import = 0Number of asset objects unloaded after import = 0

========================================================================
Received Prepare
Begin MonoManager ReloadAssembly
[Licensing::Client] Successfully resolved entitlement details
- Loaded All Assemblies, in  8.288 seconds
Refreshing native plugins compatible for Editor in 11.47 ms, found 9 plugins.
Native extension for WindowsStandalone target not found
[Package Manager] Failed to launch server process. Reason: Unity was launched with the -noUpm command-line argument
[Package Manager] Unable to send message (not connected to server process).
[Package Manager] Cannot connect to Unity Package Manager local server
Mono: successfully reloaded assembly
- Finished resetting the current domain, in  3.619 seconds
Domain Reload Profiling: 11930ms
	BeginReloadAssembly (3641ms)
		ExecutionOrderSort (36ms)
		DisableScriptedObjects (958ms)
		BackupInstance (0ms)
		ReleaseScriptingObjects (14ms)
		CreateAndSetChildDomain (953ms)
	RebuildCommonClasses (103ms)
	RebuildNativeTypeToScriptingClass (43ms)
	initialDomainReloadingComplete (97ms)
	LoadAllAssembliesAndSetupDomain (4422ms)
		LoadAssemblies (4160ms)
		RebuildTransferFunctionScriptingTraits (0ms)
		AnalyzeDomain (1093ms)
			TypeCache.Refresh (157ms)
				TypeCache.ScanAssembly (0ms)
			BuildScriptInfoCaches (861ms)
			ResolveRequiredComponents (41ms)
	FinalizeReload (3624ms)
		ReleaseScriptCaches (0ms)
		RebuildScriptCaches (0ms)
		SetupLoadedEditorAssemblies (3147ms)
			LogAssemblyErrors (0ms)
			InitializePlatformSupportModulesInManaged (4ms)
			SetLoadedEditorAssemblies (18ms)
			BeforeProcessingInitializeOnLoad (1058ms)
			ProcessInitializeOnLoadAttributes (1785ms)
			ProcessInitializeOnLoadMethodAttributes (258ms)
			AfterProcessingInitializeOnLoad (23ms)
			EditorAssembliesLoaded (1ms)
		ExecutionOrderSort2 (0ms)
		AwakeInstancesAfterBackupRestoration (27ms)
WARNING: Shader Unsupported: 'Hidden/Universal Render Pipeline/Terrain/Lit (Base Pass)' - All subshaders removed
WARNING: Shader Did you use #pragma only_renderers and omit this platform?
WARNING: Shader If subshaders removal was intentional, you may have forgotten turning Fallback off?
WARNING: Shader Unsupported: 'Hidden/Universal Render Pipeline/Terrain/Lit (Base Pass)' - All subshaders removed
WARNING: Shader Did you use #pragma only_renderers and omit this platform?
WARNING: Shader If subshaders removal was intentional, you may have forgotten turning Fallback off?
WARNING: Shader Unsupported: 'Universal Render Pipeline/Terrain/Lit' - All subshaders removed
WARNING: Shader Did you use #pragma only_renderers and omit this platform?
WARNING: Shader If subshaders removal was intentional, you may have forgotten turning Fallback off?
WARNING: Shader Unsupported: 'Universal Render Pipeline/Terrain/Lit' - All subshaders removed
WARNING: Shader Did you use #pragma only_renderers and omit this platform?
WARNING: Shader If subshaders removal was intentional, you may have forgotten turning Fallback off?
Refreshing native plugins compatible for Editor in 15.25 ms, found 9 plugins.
Preloading 0 native plugins for Editor in 0.00 ms.
Unloading 185 Unused Serialized files (Serialized files now loaded: 0)
Unloading 8334 unused Assets / (23.2 MB). Loaded Objects now: 8719.
Memory consumption went from 195.2 MB to 172.1 MB.
Total: 71.862400 ms (FindLiveObjects: 3.385200 ms CreateObjectMapping: 5.341300 ms MarkObjects: 22.076400 ms  DeleteObjects: 41.057200 ms)

Prepare: number of updated asset objects reloaded= 0
========================================================================
Received Prepare
Begin MonoManager ReloadAssembly
[Licensing::Client] Successfully resolved entitlement details
- Loaded All Assemblies, in  4.738 seconds
Refreshing native plugins compatible for Editor in 12.15 ms, found 9 plugins.
Native extension for WindowsStandalone target not found
[Package Manager] Failed to launch server process. Reason: Unity was launched with the -noUpm command-line argument
[Package Manager] Unable to send message (not connected to server process).
[Package Manager] Cannot connect to Unity Package Manager local server
Mono: successfully reloaded assembly
- Finished resetting the current domain, in  3.308 seconds
Domain Reload Profiling: 8066ms
	BeginReloadAssembly (1088ms)
		ExecutionOrderSort (0ms)
		DisableScriptedObjects (110ms)
		BackupInstance (0ms)
		ReleaseScriptingObjects (6ms)
		CreateAndSetChildDomain (285ms)
	RebuildCommonClasses (133ms)
	RebuildNativeTypeToScriptingClass (60ms)
	initialDomainReloadingComplete (110ms)
	LoadAllAssembliesAndSetupDomain (3356ms)
		LoadAssemblies (3031ms)
		RebuildTransferFunctionScriptingTraits (0ms)
		AnalyzeDomain (751ms)
			TypeCache.Refresh (23ms)
				TypeCache.ScanAssembly (0ms)
			BuildScriptInfoCaches (675ms)
			ResolveRequiredComponents (40ms)
	FinalizeReload (3319ms)
		ReleaseScriptCaches (0ms)
		RebuildScriptCaches (0ms)
		SetupLoadedEditorAssemblies (2836ms)
			LogAssemblyErrors (0ms)
			InitializePlatformSupportModulesInManaged (5ms)
			SetLoadedEditorAssemblies (16ms)
			BeforeProcessingInitializeOnLoad (823ms)
			ProcessInitializeOnLoadAttributes (1531ms)
			ProcessInitializeOnLoadMethodAttributes (414ms)
			AfterProcessingInitializeOnLoad (44ms)
			EditorAssembliesLoaded (3ms)
		ExecutionOrderSort2 (1ms)
		AwakeInstancesAfterBackupRestoration (43ms)
WARNING: Shader Unsupported: 'Hidden/Universal Render Pipeline/Terrain/Lit (Base Pass)' - All subshaders removed
WARNING: Shader Did you use #pragma only_renderers and omit this platform?
WARNING: Shader If subshaders removal was intentional, you may have forgotten turning Fallback off?
WARNING: Shader Unsupported: 'Hidden/Universal Render Pipeline/Terrain/Lit (Base Pass)' - All subshaders removed
WARNING: Shader Did you use #pragma only_renderers and omit this platform?
WARNING: Shader If subshaders removal was intentional, you may have forgotten turning Fallback off?
WARNING: Shader Unsupported: 'Universal Render Pipeline/Terrain/Lit' - All subshaders removed
WARNING: Shader Did you use #pragma only_renderers and omit this platform?
WARNING: Shader If subshaders removal was intentional, you may have forgotten turning Fallback off?
WARNING: Shader Unsupported: 'Universal Render Pipeline/Terrain/Lit' - All subshaders removed
WARNING: Shader Did you use #pragma only_renderers and omit this platform?
WARNING: Shader If subshaders removal was intentional, you may have forgotten turning Fallback off?
Refreshing native plugins compatible for Editor in 6.44 ms, found 9 plugins.
Preloading 0 native plugins for Editor in 0.00 ms.
Unloading 185 Unused Serialized files (Serialized files now loaded: 0)
Unloading 8334 unused Assets / (23.4 MB). Loaded Objects now: 8724.
Memory consumption went from 195.3 MB to 171.9 MB.
Total: 50.205700 ms (FindLiveObjects: 2.495700 ms CreateObjectMapping: 2.757200 ms MarkObjects: 19.258500 ms  DeleteObjects: 25.691000 ms)

Prepare: number of updated asset objects reloaded= 0
========================================================================
Received Prepare
Begin MonoManager ReloadAssembly
[Licensing::Client] Successfully resolved entitlement details
- Loaded All Assemblies, in  9.124 seconds
Refreshing native plugins compatible for Editor in 10.35 ms, found 9 plugins.
Native extension for WindowsStandalone target not found
[Package Manager] Failed to launch server process. Reason: Unity was launched with the -noUpm command-line argument
[Package Manager] Unable to send message (not connected to server process).
[Package Manager] Cannot connect to Unity Package Manager local server
Mono: successfully reloaded assembly
- Finished resetting the current domain, in  3.674 seconds
Domain Reload Profiling: 12803ms
	BeginReloadAssembly (4234ms)
		ExecutionOrderSort (0ms)
		DisableScriptedObjects (1179ms)
		BackupInstance (0ms)
		ReleaseScriptingObjects (6ms)
		CreateAndSetChildDomain (1601ms)
	RebuildCommonClasses (151ms)
	RebuildNativeTypeToScriptingClass (39ms)
	initialDomainReloadingComplete (109ms)
	LoadAllAssembliesAndSetupDomain (4595ms)
		LoadAssemblies (3867ms)
		RebuildTransferFunctionScriptingTraits (0ms)
		AnalyzeDomain (1432ms)
			TypeCache.Refresh (62ms)
				TypeCache.ScanAssembly (0ms)
			BuildScriptInfoCaches (1228ms)
			ResolveRequiredComponents (58ms)
	FinalizeReload (3675ms)
		ReleaseScriptCaches (0ms)
		RebuildScriptCaches (0ms)
		SetupLoadedEditorAssemblies (3171ms)
			LogAssemblyErrors (0ms)
			InitializePlatformSupportModulesInManaged (24ms)
			SetLoadedEditorAssemblies (99ms)
			BeforeProcessingInitializeOnLoad (1422ms)
			ProcessInitializeOnLoadAttributes (1317ms)
			ProcessInitializeOnLoadMethodAttributes (288ms)
			AfterProcessingInitializeOnLoad (16ms)
			EditorAssembliesLoaded (4ms)
		ExecutionOrderSort2 (0ms)
		AwakeInstancesAfterBackupRestoration (24ms)
WARNING: Shader Unsupported: 'Hidden/Universal Render Pipeline/Terrain/Lit (Base Pass)' - All subshaders removed
WARNING: Shader Did you use #pragma only_renderers and omit this platform?
WARNING: Shader If subshaders removal was intentional, you may have forgotten turning Fallback off?
WARNING: Shader Unsupported: 'Hidden/Universal Render Pipeline/Terrain/Lit (Base Pass)' - All subshaders removed
WARNING: Shader Did you use #pragma only_renderers and omit this platform?
WARNING: Shader If subshaders removal was intentional, you may have forgotten turning Fallback off?
WARNING: Shader Unsupported: 'Universal Render Pipeline/Terrain/Lit' - All subshaders removed
WARNING: Shader Did you use #pragma only_renderers and omit this platform?
WARNING: Shader If subshaders removal was intentional, you may have forgotten turning Fallback off?
WARNING: Shader Unsupported: 'Universal Render Pipeline/Terrain/Lit' - All subshaders removed
WARNING: Shader Did you use #pragma only_renderers and omit this platform?
WARNING: Shader If subshaders removal was intentional, you may have forgotten turning Fallback off?
Refreshing native plugins compatible for Editor in 5.60 ms, found 9 plugins.
Preloading 0 native plugins for Editor in 0.00 ms.
Unloading 185 Unused Serialized files (Serialized files now loaded: 0)
Unloading 8334 unused Assets / (24.5 MB). Loaded Objects now: 8729.
Memory consumption went from 195.2 MB to 170.7 MB.
Total: 39.629500 ms (FindLiveObjects: 1.273400 ms CreateObjectMapping: 2.503700 ms MarkObjects: 13.770600 ms  DeleteObjects: 22.077700 ms)

Prepare: number of updated asset objects reloaded= 0
========================================================================
Received Prepare
Begin MonoManager ReloadAssembly
[Licensing::Client] Successfully resolved entitlement details
- Loaded All Assemblies, in  8.885 seconds
Refreshing native plugins compatible for Editor in 44.12 ms, found 9 plugins.
Native extension for WindowsStandalone target not found
[Package Manager] Failed to launch server process. Reason: Unity was launched with the -noUpm command-line argument
[Package Manager] Unable to send message (not connected to server process).
[Package Manager] Cannot connect to Unity Package Manager local server
Mono: successfully reloaded assembly
- Finished resetting the current domain, in  4.828 seconds
Domain Reload Profiling: 13722ms
	BeginReloadAssembly (2736ms)
		ExecutionOrderSort (0ms)
		DisableScriptedObjects (443ms)
		BackupInstance (0ms)
		ReleaseScriptingObjects (22ms)
		CreateAndSetChildDomain (804ms)
	RebuildCommonClasses (141ms)
	RebuildNativeTypeToScriptingClass (66ms)
	initialDomainReloadingComplete (194ms)
	LoadAllAssembliesAndSetupDomain (5755ms)
		LoadAssemblies (5027ms)
		RebuildTransferFunctionScriptingTraits (0ms)
		AnalyzeDomain (1349ms)
			TypeCache.Refresh (147ms)
				TypeCache.ScanAssembly (0ms)
			BuildScriptInfoCaches (1100ms)
			ResolveRequiredComponents (55ms)
	FinalizeReload (4830ms)
		ReleaseScriptCaches (0ms)
		RebuildScriptCaches (0ms)
		SetupLoadedEditorAssemblies (4137ms)
			LogAssemblyErrors (0ms)
			InitializePlatformSupportModulesInManaged (7ms)
			SetLoadedEditorAssemblies (33ms)
			BeforeProcessingInitializeOnLoad (1455ms)
			ProcessInitializeOnLoadAttributes (2282ms)
			ProcessInitializeOnLoadMethodAttributes (332ms)
			AfterProcessingInitializeOnLoad (23ms)
			EditorAssembliesLoaded (4ms)
		ExecutionOrderSort2 (0ms)
		AwakeInstancesAfterBackupRestoration (37ms)
WARNING: Shader Unsupported: 'Hidden/Universal Render Pipeline/Terrain/Lit (Base Pass)' - All subshaders removed
WARNING: Shader Did you use #pragma only_renderers and omit this platform?
WARNING: Shader If subshaders removal was intentional, you may have forgotten turning Fallback off?
WARNING: Shader Unsupported: 'Hidden/Universal Render Pipeline/Terrain/Lit (Base Pass)' - All subshaders removed
WARNING: Shader Did you use #pragma only_renderers and omit this platform?
WARNING: Shader If subshaders removal was intentional, you may have forgotten turning Fallback off?
WARNING: Shader Unsupported: 'Universal Render Pipeline/Terrain/Lit' - All subshaders removed
WARNING: Shader Did you use #pragma only_renderers and omit this platform?
WARNING: Shader If subshaders removal was intentional, you may have forgotten turning Fallback off?
WARNING: Shader Unsupported: 'Universal Render Pipeline/Terrain/Lit' - All subshaders removed
WARNING: Shader Did you use #pragma only_renderers and omit this platform?
WARNING: Shader If subshaders removal was intentional, you may have forgotten turning Fallback off?
Refreshing native plugins compatible for Editor in 12.67 ms, found 9 plugins.
Preloading 0 native plugins for Editor in 0.00 ms.
Unloading 185 Unused Serialized files (Serialized files now loaded: 0)
Unloading 8334 unused Assets / (21.2 MB). Loaded Objects now: 8734.
Memory consumption went from 195.3 MB to 174.1 MB.
Total: 65.521000 ms (FindLiveObjects: 4.374800 ms CreateObjectMapping: 3.017100 ms MarkObjects: 27.794800 ms  DeleteObjects: 30.329900 ms)

Prepare: number of updated asset objects reloaded= 0
========================================================================
Received Prepare
Begin MonoManager ReloadAssembly
[Licensing::Client] Successfully resolved entitlement details
- Loaded All Assemblies, in  5.065 seconds
Refreshing native plugins compatible for Editor in 8.02 ms, found 9 plugins.
Native extension for WindowsStandalone target not found
[Package Manager] Failed to launch server process. Reason: Unity was launched with the -noUpm command-line argument
[Package Manager] Unable to send message (not connected to server process).
[Package Manager] Cannot connect to Unity Package Manager local server
Mono: successfully reloaded assembly
- Finished resetting the current domain, in  4.690 seconds
Domain Reload Profiling: 9762ms
	BeginReloadAssembly (1573ms)
		ExecutionOrderSort (1ms)
		DisableScriptedObjects (241ms)
		BackupInstance (0ms)
		ReleaseScriptingObjects (5ms)
		CreateAndSetChildDomain (393ms)
	RebuildCommonClasses (120ms)
	RebuildNativeTypeToScriptingClass (42ms)
	initialDomainReloadingComplete (104ms)
	LoadAllAssembliesAndSetupDomain (3231ms)
		LoadAssemblies (2506ms)
		RebuildTransferFunctionScriptingTraits (0ms)
		AnalyzeDomain (1180ms)
			TypeCache.Refresh (57ms)
				TypeCache.ScanAssembly (0ms)
			BuildScriptInfoCaches (988ms)
			ResolveRequiredComponents (61ms)
	FinalizeReload (4691ms)
		ReleaseScriptCaches (0ms)
		RebuildScriptCaches (0ms)
		SetupLoadedEditorAssemblies (4019ms)
			LogAssemblyErrors (0ms)
			InitializePlatformSupportModulesInManaged (7ms)
			SetLoadedEditorAssemblies (41ms)
			BeforeProcessingInitializeOnLoad (1440ms)
			ProcessInitializeOnLoadAttributes (2179ms)
			ProcessInitializeOnLoadMethodAttributes (324ms)
			AfterProcessingInitializeOnLoad (28ms)
			EditorAssembliesLoaded (1ms)
		ExecutionOrderSort2 (0ms)
		AwakeInstancesAfterBackupRestoration (33ms)
WARNING: Shader Unsupported: 'Hidden/Universal Render Pipeline/Terrain/Lit (Base Pass)' - All subshaders removed
WARNING: Shader Did you use #pragma only_renderers and omit this platform?
WARNING: Shader If subshaders removal was intentional, you may have forgotten turning Fallback off?
WARNING: Shader Unsupported: 'Hidden/Universal Render Pipeline/Terrain/Lit (Base Pass)' - All subshaders removed
WARNING: Shader Did you use #pragma only_renderers and omit this platform?
WARNING: Shader If subshaders removal was intentional, you may have forgotten turning Fallback off?
WARNING: Shader Unsupported: 'Universal Render Pipeline/Terrain/Lit' - All subshaders removed
WARNING: Shader Did you use #pragma only_renderers and omit this platform?
WARNING: Shader If subshaders removal was intentional, you may have forgotten turning Fallback off?
WARNING: Shader Unsupported: 'Universal Render Pipeline/Terrain/Lit' - All subshaders removed
WARNING: Shader Did you use #pragma only_renderers and omit this platform?
WARNING: Shader If subshaders removal was intentional, you may have forgotten turning Fallback off?
Refreshing native plugins compatible for Editor in 16.51 ms, found 9 plugins.
Preloading 0 native plugins for Editor in 0.00 ms.
Unloading 185 Unused Serialized files (Serialized files now loaded: 0)
Unloading 8334 unused Assets / (25.5 MB). Loaded Objects now: 8739.
Memory consumption went from 195.4 MB to 169.9 MB.
Total: 69.471800 ms (FindLiveObjects: 1.696300 ms CreateObjectMapping: 5.566800 ms MarkObjects: 20.406000 ms  DeleteObjects: 41.801200 ms)

Prepare: number of updated asset objects reloaded= 0
========================================================================
Received Import Request.
  Time since last request: 2188.129813 seconds.
  path: Assets/steam_appid.txt
  artifactKey: Guid(53c6fc9f08c600d44b3aa753c55fce2e) Importer(2089858483,0ecaa5967403d082aa24f35e1b516d23)
Start importing Assets/steam_appid.txt using Guid(53c6fc9f08c600d44b3aa753c55fce2e) Importer(2089858483,0ecaa5967403d082aa24f35e1b516d23) (ScriptedImporter) -> (artifact id: '844aa6abb55e6b6e9a685413d66d8adb') in 3.4319105 seconds
Number of updated asset objects reloaded before import = 0Number of asset objects unloaded after import = 1

========================================================================
Received Import Request.
  Time since last request: 0.001920 seconds.
  path: Assets/Font/Deadunsan OTF Bold.otf
  artifactKey: Guid(2bcaefb4df2073c42a57408beaa7b932) Importer(2089858483,0ecaa5967403d082aa24f35e1b516d23)
Start importing Assets/Font/Deadunsan OTF Bold.otf using Guid(2bcaefb4df2073c42a57408beaa7b932) Importer(2089858483,0ecaa5967403d082aa24f35e1b516d23) (ScriptedImporter) -> (artifact id: 'b6663d2935421b89624b04728db6741b') in 0.5015255 seconds
Number of updated asset objects reloaded before import = 0Number of asset objects unloaded after import = 3

========================================================================
Received Import Request.
  Time since last request: 0.000043 seconds.
  path: Assets/Font/Deadunsan OTF Regular SDF Outline.asset
  artifactKey: Guid(c6a3051331cfc9b4ebc2072aca04e1df) Importer(2089858483,0ecaa5967403d082aa24f35e1b516d23)
Start importing Assets/Font/Deadunsan OTF Regular SDF Outline.asset using Guid(c6a3051331cfc9b4ebc2072aca04e1df) Importer(2089858483,0ecaa5967403d082aa24f35e1b516d23) (ScriptedImporter) -> (artifact id: '8009b5776e2c2835f0916ec96e4801d4') in 0.9983418 seconds
Number of updated asset objects reloaded before import = 0Number of asset objects unloaded after import = 3

========================================================================
Received Import Request.
  Time since last request: 0.000048 seconds.
  path: Assets/00_Scenes/MAP.unity
  artifactKey: Guid(905e16656d984984297728914b32926b) Importer(2089858483,0ecaa5967403d082aa24f35e1b516d23)
Start importing Assets/00_Scenes/MAP.unity using Guid(905e16656d984984297728914b32926b) Importer(2089858483,0ecaa5967403d082aa24f35e1b516d23) (ScriptedImporter) -> (artifact id: 'c95dd49dc1673c462213ff84ec390c70') in 0.0297073 seconds
Number of updated asset objects reloaded before import = 0Number of asset objects unloaded after import = 1

========================================================================
Received Import Request.
  Time since last request: 0.000043 seconds.
  path: Assets/02_Sprites/Spear.png
  artifactKey: Guid(000d649cf4d33d249af97baa3318eb4e) Importer(2089858483,0ecaa5967403d082aa24f35e1b516d23)
Start importing Assets/02_Sprites/Spear.png using Guid(000d649cf4d33d249af97baa3318eb4e) Importer(2089858483,0ecaa5967403d082aa24f35e1b516d23) (ScriptedImporter) -> (artifact id: '0b5c075020da1aa64c6d25aecc382605') in 0.2591449 seconds
Number of updated asset objects reloaded before import = 0Number of asset objects unloaded after import = 3

========================================================================
Received Import Request.
  Time since last request: 0.000026 seconds.
  path: Assets/01_Scripts/EffectControl/FastSlashEffect.cs
  artifactKey: Guid(ad15e53c903fb574391be221f57dd926) Importer(2089858483,0ecaa5967403d082aa24f35e1b516d23)
Start importing Assets/01_Scripts/EffectControl/FastSlashEffect.cs using Guid(ad15e53c903fb574391be221f57dd926) Importer(2089858483,0ecaa5967403d082aa24f35e1b516d23) (ScriptedImporter) -> (artifact id: 'aec33bed3323f11b513bad6047d1bafc') in 0.0330166 seconds
Number of updated asset objects reloaded before import = 0Number of asset objects unloaded after import = 0

========================================================================
Received Import Request.
  Time since last request: 0.000246 seconds.
  path: Assets/02_Sprites/miss.png
  artifactKey: Guid(a85e099cab69eca45884df646174bef4) Importer(2089858483,0ecaa5967403d082aa24f35e1b516d23)
Start importing Assets/02_Sprites/miss.png using Guid(a85e099cab69eca45884df646174bef4) Importer(2089858483,0ecaa5967403d082aa24f35e1b516d23) (ScriptedImporter) -> (artifact id: '434fc3115635878a13faa3120e3c9d08') in 0.0754901 seconds
Number of updated asset objects reloaded before import = 0Number of asset objects unloaded after import = 3

========================================================================
Received Import Request.
  Time since last request: 0.000206 seconds.
  path: Assets/01_Scripts/Item/InventoryContext.cs
  artifactKey: Guid(846c6c212443e554baabe191988b50d0) Importer(2089858483,0ecaa5967403d082aa24f35e1b516d23)
Start importing Assets/01_Scripts/Item/InventoryContext.cs using Guid(846c6c212443e554baabe191988b50d0) Importer(2089858483,0ecaa5967403d082aa24f35e1b516d23) (ScriptedImporter) -> (artifact id: '04fe9ef1e66af6e82889cba1963e1ef0') in 0.0348035 seconds
Number of updated asset objects reloaded before import = 0Number of asset objects unloaded after import = 0

========================================================================
Received Import Request.
  Time since last request: 0.000407 seconds.
  path: Assets/01_Scripts/MainUI/ButtonController.cs
  artifactKey: Guid(520f434af55b2ce4b84da430248846bb) Importer(2089858483,0ecaa5967403d082aa24f35e1b516d23)
Start importing Assets/01_Scripts/MainUI/ButtonController.cs using Guid(520f434af55b2ce4b84da430248846bb) Importer(2089858483,0ecaa5967403d082aa24f35e1b516d23) (ScriptedImporter) -> (artifact id: '1b1bfa978fd2ef63cda78a957046f447') in 0.0344949 seconds
Number of updated asset objects reloaded before import = 0Number of asset objects unloaded after import = 0

========================================================================
Received Import Request.
  Time since last request: 0.000065 seconds.
  path: Assets/00_Scenes/LOBBY.unity
  artifactKey: Guid(bc54099c2506f38459790e47854f6742) Importer(2089858483,0ecaa5967403d082aa24f35e1b516d23)
Start importing Assets/00_Scenes/LOBBY.unity using Guid(bc54099c2506f38459790e47854f6742) Importer(2089858483,0ecaa5967403d082aa24f35e1b516d23) (ScriptedImporter) -> (artifact id: 'd0f3cd782a27ed93e5d03a3727ee68ac') in 0.0296024 seconds
Number of updated asset objects reloaded before import = 0Number of asset objects unloaded after import = 1

========================================================================
Received Import Request.
  Time since last request: 0.000127 seconds.
  path: Assets/01_Scripts/Battle/MonsterAI.cs
  artifactKey: Guid(e1c39a2822f2d9a4b8ecc772932625c6) Importer(2089858483,0ecaa5967403d082aa24f35e1b516d23)
Start importing Assets/01_Scripts/Battle/MonsterAI.cs using Guid(e1c39a2822f2d9a4b8ecc772932625c6) Importer(2089858483,0ecaa5967403d082aa24f35e1b516d23) (ScriptedImporter) -> (artifact id: '0094a995eed0673b8d901d831b0427e9') in 0.0359209 seconds
Number of updated asset objects reloaded before import = 0Number of asset objects unloaded after import = 0

========================================================================
Received Import Request.
  Time since last request: 0.000064 seconds.
  path: Assets/01_Scripts/MainUI/ButtonEventManager.cs
  artifactKey: Guid(9405512b6f9c0894fa4ae1738a9bc66f) Importer(2089858483,0ecaa5967403d082aa24f35e1b516d23)
Start importing Assets/01_Scripts/MainUI/ButtonEventManager.cs using Guid(9405512b6f9c0894fa4ae1738a9bc66f) Importer(2089858483,0ecaa5967403d082aa24f35e1b516d23) (ScriptedImporter) -> (artifact id: 'f76d57faceb1cbb91bfecd2a397cfbb2') in 0.033131 seconds
Number of updated asset objects reloaded before import = 0Number of asset objects unloaded after import = 0

========================================================================
Received Import Request.
  Time since last request: 0.000039 seconds.
  path: Assets/01_Scripts/EffectControl/AudioSourcePlayDelayed.cs
  artifactKey: Guid(610c027dd1e03aa4eb8a5c65bc621e61) Importer(2089858483,0ecaa5967403d082aa24f35e1b516d23)
Start importing Assets/01_Scripts/EffectControl/AudioSourcePlayDelayed.cs using Guid(610c027dd1e03aa4eb8a5c65bc621e61) Importer(2089858483,0ecaa5967403d082aa24f35e1b516d23) (ScriptedImporter) -> (artifact id: 'a094719929c9c0b1926cad1959ecc28e') in 0.0321358 seconds
Number of updated asset objects reloaded before import = 0Number of asset objects unloaded after import = 0

========================================================================
Received Import Request.
  Time since last request: 0.000075 seconds.
  path: Assets/Font/WenCang Study Chinese Font -Simplified Chinese Fonts SDF.asset
  artifactKey: Guid(c9ba3b9de372a974fbceb9c8730ce94b) Importer(2089858483,0ecaa5967403d082aa24f35e1b516d23)
Start importing Assets/Font/WenCang Study Chinese Font -Simplified Chinese Fonts SDF.asset using Guid(c9ba3b9de372a974fbceb9c8730ce94b) Importer(2089858483,0ecaa5967403d082aa24f35e1b516d23) (ScriptedImporter) -> (artifact id: '37a23b68de15f927e9ffe08bd7747bfd') in 0.4869345 seconds
Number of updated asset objects reloaded before import = 0Number of asset objects unloaded after import = 3

========================================================================
Received Import Request.
  Time since last request: 0.000034 seconds.
  path: Assets/01_Scripts/Item/ConsumeSlot.cs
  artifactKey: Guid(b18ce04a4dfe9924097f0f2ca4cf813f) Importer(2089858483,0ecaa5967403d082aa24f35e1b516d23)
Start importing Assets/01_Scripts/Item/ConsumeSlot.cs using Guid(b18ce04a4dfe9924097f0f2ca4cf813f) Importer(2089858483,0ecaa5967403d082aa24f35e1b516d23) (ScriptedImporter) -> (artifact id: '1693fcdce42ba90d9ff6c3a6ba3d9f46') in 0.0273204 seconds
Number of updated asset objects reloaded before import = 0Number of asset objects unloaded after import = 0

========================================================================
Received Import Request.
  Time since last request: 0.000045 seconds.
  path: Assets/03_Prefabs/PrefabManager.prefab
  artifactKey: Guid(a89737d5df0025346b6b0e93af06af74) Importer(2089858483,0ecaa5967403d082aa24f35e1b516d23)
Start importing Assets/03_Prefabs/PrefabManager.prefab using Guid(a89737d5df0025346b6b0e93af06af74) Importer(2089858483,0ecaa5967403d082aa24f35e1b516d23) (ScriptedImporter) -> (artifact id: 'aff60749e36cebaceb00b72f3050f483') in 0.9530375 seconds
Number of updated asset objects reloaded before import = 0Number of asset objects unloaded after import = 936

========================================================================
Received Import Request.
  Time since last request: 0.000041 seconds.
  path: Assets/01_Scripts/Battle/BattleManager.cs
  artifactKey: Guid(a315c15d837847747abde5d8085237c0) Importer(2089858483,0ecaa5967403d082aa24f35e1b516d23)
Start importing Assets/01_Scripts/Battle/BattleManager.cs using Guid(a315c15d837847747abde5d8085237c0) Importer(2089858483,0ecaa5967403d082aa24f35e1b516d23) (ScriptedImporter) -> (artifact id: '7f9b9c611d2566c9b69c4836573fe988') in 0.0256042 seconds
Number of updated asset objects reloaded before import = 0Number of asset objects unloaded after import = 0

========================================================================
Received Import Request.
  Time since last request: 0.000038 seconds.
  path: Assets/01_Scripts/Ending/EndingPopup.cs
  artifactKey: Guid(766bd33f40263554f971c259da23f43c) Importer(2089858483,0ecaa5967403d082aa24f35e1b516d23)
Start importing Assets/01_Scripts/Ending/EndingPopup.cs using Guid(766bd33f40263554f971c259da23f43c) Importer(2089858483,0ecaa5967403d082aa24f35e1b516d23) (ScriptedImporter) -> (artifact id: '90dc1e1eb2670d660bf6460b9b14a41c') in 0.0284245 seconds
Number of updated asset objects reloaded before import = 0Number of asset objects unloaded after import = 0

========================================================================
Received Import Request.
  Time since last request: 0.000687 seconds.
  path: Assets/Font/Signboard(YinQi Huang) Bold Figure Chinese Font -Simplified Chinese Fonts.ttf
  artifactKey: Guid(ad6ddc43d6cc21a4c91258ef8c9a84a6) Importer(2089858483,0ecaa5967403d082aa24f35e1b516d23)
Start importing Assets/Font/Signboard(YinQi Huang) Bold Figure Chinese Font -Simplified Chinese Fonts.ttf using Guid(ad6ddc43d6cc21a4c91258ef8c9a84a6) Importer(2089858483,0ecaa5967403d082aa24f35e1b516d23) (ScriptedImporter) -> (artifact id: 'fb6edc555d3cc76e7e21c346598e9780') in 0.0960047 seconds
Number of updated asset objects reloaded before import = 0Number of asset objects unloaded after import = 3

========================================================================
Received Import Request.
  Time since last request: 0.000021 seconds.
  path: Assets/01_Scripts/Battle/StatUI.cs
  artifactKey: Guid(5381ad0e807d50945b5b1125b326c684) Importer(2089858483,0ecaa5967403d082aa24f35e1b516d23)
Start importing Assets/01_Scripts/Battle/StatUI.cs using Guid(5381ad0e807d50945b5b1125b326c684) Importer(2089858483,0ecaa5967403d082aa24f35e1b516d23) (ScriptedImporter) -> (artifact id: 'd2b825d428a6f95bb6909360e33b1fd7') in 0.0237748 seconds
Number of updated asset objects reloaded before import = 0Number of asset objects unloaded after import = 0

========================================================================
Received Import Request.
  Time since last request: 0.000035 seconds.
  path: Assets/02_Sprites/Logo.png
  artifactKey: Guid(eddd254432bc71942881d1d5f42e75e2) Importer(2089858483,0ecaa5967403d082aa24f35e1b516d23)
Start importing Assets/02_Sprites/Logo.png using Guid(eddd254432bc71942881d1d5f42e75e2) Importer(2089858483,0ecaa5967403d082aa24f35e1b516d23) (ScriptedImporter) -> (artifact id: 'b64cf15752e37e8974052658b85ac6ba') in 0.0604411 seconds
Number of updated asset objects reloaded before import = 0Number of asset objects unloaded after import = 3

========================================================================
Received Import Request.
  Time since last request: 0.000387 seconds.
  path: Assets/LocalizationCSV/MonsterLocalizationCSV.csv
  artifactKey: Guid(07428e227a81b4e4b90e595117b50fd6) Importer(2089858483,0ecaa5967403d082aa24f35e1b516d23)
Start importing Assets/LocalizationCSV/MonsterLocalizationCSV.csv using Guid(07428e227a81b4e4b90e595117b50fd6) Importer(2089858483,0ecaa5967403d082aa24f35e1b516d23) (ScriptedImporter) -> (artifact id: '204e23607c3aee5d0f7114b1e550a2db') in 0.027457 seconds
Number of updated asset objects reloaded before import = 0Number of asset objects unloaded after import = 1

========================================================================
Received Import Request.
  Time since last request: 0.000196 seconds.
  path: Assets/02_Sprites/Untitled-1.png
  artifactKey: Guid(7c25fabfff8b72440a894cc613a55478) Importer(2089858483,0ecaa5967403d082aa24f35e1b516d23)
Start importing Assets/02_Sprites/Untitled-1.png using Guid(7c25fabfff8b72440a894cc613a55478) Importer(2089858483,0ecaa5967403d082aa24f35e1b516d23) (ScriptedImporter) -> (artifact id: '088e3532d68dbb827f6bc723c8fc9101') in 0.0768187 seconds
Number of updated asset objects reloaded before import = 0Number of asset objects unloaded after import = 3

========================================================================
Received Import Request.
  Time since last request: 0.000062 seconds.
  path: Assets/UniversalRenderPipelineGlobalSettings.asset
  artifactKey: Guid(83773e5c1a87dbe4886a050722ecd2ef) Importer(2089858483,0ecaa5967403d082aa24f35e1b516d23)
Start importing Assets/UniversalRenderPipelineGlobalSettings.asset using Guid(83773e5c1a87dbe4886a050722ecd2ef) Importer(2089858483,0ecaa5967403d082aa24f35e1b516d23) (ScriptedImporter) -> (artifact id: '8d9591861d778de08e3e03c9e84dc996') in 2.97956 seconds
Number of updated asset objects reloaded before import = 0Number of asset objects unloaded after import = 179

========================================================================
Received Import Request.
  Time since last request: 0.000056 seconds.
  path: Assets/01_Scripts/Battle/BattleUnitButton.cs
  artifactKey: Guid(42c6b20afd604e24d9d57005ad71860d) Importer(2089858483,0ecaa5967403d082aa24f35e1b516d23)
Start importing Assets/01_Scripts/Battle/BattleUnitButton.cs using Guid(42c6b20afd604e24d9d57005ad71860d) Importer(2089858483,0ecaa5967403d082aa24f35e1b516d23) (ScriptedImporter) -> (artifact id: '09b81ca84682a5b47720774b3db76e98') in 0.0242174 seconds
Number of updated asset objects reloaded before import = 0Number of asset objects unloaded after import = 0

========================================================================
Received Import Request.
  Time since last request: 0.000048 seconds.
  path: Assets/01_Scripts/EffectControl/DoFadeSpriteRenderer.cs
  artifactKey: Guid(b139cb32555ec064b8a5e317f25ce727) Importer(2089858483,0ecaa5967403d082aa24f35e1b516d23)
Start importing Assets/01_Scripts/EffectControl/DoFadeSpriteRenderer.cs using Guid(b139cb32555ec064b8a5e317f25ce727) Importer(2089858483,0ecaa5967403d082aa24f35e1b516d23) (ScriptedImporter) -> (artifact id: 'd804197ed6a54e3fd122408a2a558cbf') in 0.0258252 seconds
Number of updated asset objects reloaded before import = 0Number of asset objects unloaded after import = 0

========================================================================
Received Import Request.
  Time since last request: 0.000038 seconds.
  path: Assets/02_Sprites/Running.png
  artifactKey: Guid(2b69b50fc34b44145a418822b49a10f8) Importer(2089858483,0ecaa5967403d082aa24f35e1b516d23)
Start importing Assets/02_Sprites/Running.png using Guid(2b69b50fc34b44145a418822b49a10f8) Importer(2089858483,0ecaa5967403d082aa24f35e1b516d23) (ScriptedImporter) -> (artifact id: '3769f5888cbe28069eeb98e40158be3a') in 0.0590565 seconds
Number of updated asset objects reloaded before import = 0Number of asset objects unloaded after import = 3

========================================================================
Received Import Request.
  Time since last request: 0.000025 seconds.
  path: Assets/00_Scenes/BATTLE.unity
  artifactKey: Guid(c0e5226650d421f4e886b8bb4dd20b94) Importer(2089858483,0ecaa5967403d082aa24f35e1b516d23)
Start importing Assets/00_Scenes/BATTLE.unity using Guid(c0e5226650d421f4e886b8bb4dd20b94) Importer(2089858483,0ecaa5967403d082aa24f35e1b516d23) (ScriptedImporter) -> (artifact id: '67fbfa957c05eb343bdfa303ff328222') in 0.0214085 seconds
Number of updated asset objects reloaded before import = 0Number of asset objects unloaded after import = 1

========================================================================
Received Import Request.
  Time since last request: 0.000023 seconds.
  path: Assets/01_Scripts/Skill/ChaseUnit.cs
  artifactKey: Guid(4223864b042d87545af5d5b821d399df) Importer(2089858483,0ecaa5967403d082aa24f35e1b516d23)
Start importing Assets/01_Scripts/Skill/ChaseUnit.cs using Guid(4223864b042d87545af5d5b821d399df) Importer(2089858483,0ecaa5967403d082aa24f35e1b516d23) (ScriptedImporter) -> (artifact id: 'b4b62930225e0f66e94a19ae9944d9b2') in 0.024 seconds
Number of updated asset objects reloaded before import = 0Number of asset objects unloaded after import = 0

========================================================================
Received Import Request.
  Time since last request: 0.000142 seconds.
  path: Assets/03_Prefabs/Player SelectMark.prefab
  artifactKey: Guid(76961e8cbba0c59439bd93de2cf44ae8) Importer(815301076,1909f56bfc062723c751e8b465ee728b)
Start importing Assets/03_Prefabs/Player SelectMark.prefab using Guid(76961e8cbba0c59439bd93de2cf44ae8) Importer(815301076,1909f56bfc062723c751e8b465ee728b) (PreviewImporter) -> (artifact id: '5251d71471830a400495d4b173c1553e') in 0.3899596 seconds
Number of updated asset objects reloaded before import = 0Number of asset objects unloaded after import = 9

========================================================================
Received Import Request.
  Time since last request: 0.000035 seconds.
  path: Assets/00_Scenes/MAIN.unity
  artifactKey: Guid(2cda990e2423bbf4892e6590ba056729) Importer(2089858483,0ecaa5967403d082aa24f35e1b516d23)
Start importing Assets/00_Scenes/MAIN.unity using Guid(2cda990e2423bbf4892e6590ba056729) Importer(2089858483,0ecaa5967403d082aa24f35e1b516d23) (ScriptedImporter) -> (artifact id: '031a5788cb556d350a1cffa5475d4bbe') in 0.0216857 seconds
Number of updated asset objects reloaded before import = 0Number of asset objects unloaded after import = 1

========================================================================
Received Import Request.
  Time since last request: 0.000038 seconds.
  path: Assets/03_Prefabs/LocalizationManager.prefab
  artifactKey: Guid(279adcb424b85574abd27096f296afb4) Importer(2089858483,0ecaa5967403d082aa24f35e1b516d23)
Start importing Assets/03_Prefabs/LocalizationManager.prefab using Guid(279adcb424b85574abd27096f296afb4) Importer(2089858483,0ecaa5967403d082aa24f35e1b516d23) (ScriptedImporter) -> (artifact id: '3387aac182a1addbe8113864686c8e0a') in 0.8169478 seconds
Number of updated asset objects reloaded before import = 0Number of asset objects unloaded after import = 16

========================================================================
Received Import Request.
  Time since last request: 0.000054 seconds.
  path: Assets/02_Sprites/Breakout-C/Breakout-009-C.png
  artifactKey: Guid(2ef397dfed7e5c04ea9dc57b66977210) Importer(2089858483,0ecaa5967403d082aa24f35e1b516d23)
Start importing Assets/02_Sprites/Breakout-C/Breakout-009-C.png using Guid(2ef397dfed7e5c04ea9dc57b66977210) Importer(2089858483,0ecaa5967403d082aa24f35e1b516d23) (ScriptedImporter) -> (artifact id: 'c99dfcd61e8d9df1297099ff5aaa9afb') in 0.056195 seconds
Number of updated asset objects reloaded before import = 0Number of asset objects unloaded after import = 3

========================================================================
Received Import Request.
  Time since last request: 0.000062 seconds.
  path: Assets/02_Sprites/Breakout-C/Breakout-007-C.png
  artifactKey: Guid(23dede2cd8497b143a0a479901e93086) Importer(2089858483,0ecaa5967403d082aa24f35e1b516d23)
Start importing Assets/02_Sprites/Breakout-C/Breakout-007-C.png using Guid(23dede2cd8497b143a0a479901e93086) Importer(2089858483,0ecaa5967403d082aa24f35e1b516d23) (ScriptedImporter) -> (artifact id: '42713bcb9c709d65d486e20cbefc1420') in 0.0715388 seconds
Number of updated asset objects reloaded before import = 0Number of asset objects unloaded after import = 3

========================================================================
Received Import Request.
  Time since last request: 0.000687 seconds.
  path: Assets/02_Sprites/digits/digit1.png
  artifactKey: Guid(02583e86d9105d84289616390acf69ca) Importer(2089858483,0ecaa5967403d082aa24f35e1b516d23)
Start importing Assets/02_Sprites/digits/digit1.png using Guid(02583e86d9105d84289616390acf69ca) Importer(2089858483,0ecaa5967403d082aa24f35e1b516d23) (ScriptedImporter) -> (artifact id: 'd08600f415bcd6fb1379c3357612c6a0') in 0.064347 seconds
Number of updated asset objects reloaded before import = 0Number of asset objects unloaded after import = 3

========================================================================
Received Import Request.
  Time since last request: 0.000024 seconds.
  path: Assets/03_Prefabs/Effect Prefabs/EnergyNovaMuzzleFire.prefab
  artifactKey: Guid(26a3a5e87e4213b488bb2e8b7a20b37f) Importer(2089858483,0ecaa5967403d082aa24f35e1b516d23)
Start importing Assets/03_Prefabs/Effect Prefabs/EnergyNovaMuzzleFire.prefab using Guid(26a3a5e87e4213b488bb2e8b7a20b37f) Importer(2089858483,0ecaa5967403d082aa24f35e1b516d23) (ScriptedImporter) -> (artifact id: '468008b3b33563bbca16a942115c3b09') in 0.4550787 seconds
Number of updated asset objects reloaded before import = 0Number of asset objects unloaded after import = 25

========================================================================
Received Import Request.
  Time since last request: 0.000034 seconds.
  path: Assets/02_Sprites/MapMark/Pictoicon_Angel.Png
  artifactKey: Guid(1b2f2dc22f2ad4150a040ec7ffdb6a1f) Importer(2089858483,0ecaa5967403d082aa24f35e1b516d23)
Start importing Assets/02_Sprites/MapMark/Pictoicon_Angel.Png using Guid(1b2f2dc22f2ad4150a040ec7ffdb6a1f) Importer(2089858483,0ecaa5967403d082aa24f35e1b516d23) (ScriptedImporter) -> (artifact id: 'e7c9396df9581fdb46718575b164b87a') in 0.0621811 seconds
Number of updated asset objects reloaded before import = 0Number of asset objects unloaded after import = 3

========================================================================
Received Import Request.
  Time since last request: 0.000040 seconds.
  path: Assets/03_Prefabs/Effect Prefabs/Mutant Cloud.prefab
  artifactKey: Guid(56b555c4a88909245b1a14c9fe6eeed1) Importer(2089858483,0ecaa5967403d082aa24f35e1b516d23)
Start importing Assets/03_Prefabs/Effect Prefabs/Mutant Cloud.prefab using Guid(56b555c4a88909245b1a14c9fe6eeed1) Importer(2089858483,0ecaa5967403d082aa24f35e1b516d23) (ScriptedImporter) -> (artifact id: '441296de3739a4fa45389c1335e5a416') in 0.1831955 seconds
Number of updated asset objects reloaded before import = 0Number of asset objects unloaded after import = 11

========================================================================
Received Import Request.
  Time since last request: 0.000029 seconds.
  path: Assets/03_Prefabs/Map/Warning Effect.prefab
  artifactKey: Guid(7437772b431661944b36c02eb77ccfba) Importer(2089858483,0ecaa5967403d082aa24f35e1b516d23)
Start importing Assets/03_Prefabs/Map/Warning Effect.prefab using Guid(7437772b431661944b36c02eb77ccfba) Importer(2089858483,0ecaa5967403d082aa24f35e1b516d23) (ScriptedImporter) -> (artifact id: 'b7cd90f0bcb46c5d9420fedf702e188c') in 0.5993024 seconds
Number of updated asset objects reloaded before import = 0Number of asset objects unloaded after import = 12

========================================================================
Received Import Request.
  Time since last request: 0.000409 seconds.
  path: Assets/03_Prefabs/BattlePrefab/Escape.prefab
  artifactKey: Guid(7070dcaa5c4fe4a44ba9a41dcdc8aae6) Importer(2089858483,0ecaa5967403d082aa24f35e1b516d23)
Start importing Assets/03_Prefabs/BattlePrefab/Escape.prefab using Guid(7070dcaa5c4fe4a44ba9a41dcdc8aae6) Importer(2089858483,0ecaa5967403d082aa24f35e1b516d23) (ScriptedImporter) -> (artifact id: 'e31bb92a4641108e9e7fe4f288952538') in 0.1855638 seconds
Number of updated asset objects reloaded before import = 0Number of asset objects unloaded after import = 15

========================================================================
Received Import Request.
  Time since last request: 0.000042 seconds.
  path: Assets/03_Prefabs/Item/Inventory Item Slot.prefab
  artifactKey: Guid(b9d9dbad4bd5db44d898542e1a7f48ff) Importer(2089858483,0ecaa5967403d082aa24f35e1b516d23)
Start importing Assets/03_Prefabs/Item/Inventory Item Slot.prefab using Guid(b9d9dbad4bd5db44d898542e1a7f48ff) Importer(2089858483,0ecaa5967403d082aa24f35e1b516d23) (ScriptedImporter) -> (artifact id: '86f9b394f4c925f2d568beb5870bfd06') in 0.7254879 seconds
Number of updated asset objects reloaded before import = 0Number of asset objects unloaded after import = 40

========================================================================
Received Import Request.
  Time since last request: 0.000039 seconds.
  path: Assets/03_Prefabs/PlayerUnitPrefabs/Male_Chain_01.prefab
  artifactKey: Guid(f8bf8014814846c4fb19e62efcea5113) Importer(2089858483,0ecaa5967403d082aa24f35e1b516d23)
Start importing Assets/03_Prefabs/PlayerUnitPrefabs/Male_Chain_01.prefab using Guid(f8bf8014814846c4fb19e62efcea5113) Importer(2089858483,0ecaa5967403d082aa24f35e1b516d23) (ScriptedImporter) -> (artifact id: '6e95be37f2cff1f3b2862afc24bee7d7') in 0.2594156 seconds
Number of updated asset objects reloaded before import = 0Number of asset objects unloaded after import = 127

========================================================================
Received Import Request.
  Time since last request: 0.000208 seconds.
  path: Assets/03_Prefabs/Item/Inventory.prefab
  artifactKey: Guid(132a5162b53bd2442a29de27b30b1c45) Importer(2089858483,0ecaa5967403d082aa24f35e1b516d23)
Start importing Assets/03_Prefabs/Item/Inventory.prefab using Guid(132a5162b53bd2442a29de27b30b1c45) Importer(2089858483,0ecaa5967403d082aa24f35e1b516d23) (ScriptedImporter) -> (artifact id: 'af5b4b2436f595b5dbe5b6846b5aefdd') in 1.2170799 seconds
Number of updated asset objects reloaded before import = 0Number of asset objects unloaded after import = 519

========================================================================
Received Import Request.
  Time since last request: 0.000034 seconds.
  path: Assets/04_ScriptableObject/Monster Skill/BigOne.asset
  artifactKey: Guid(5e152b2f70b103e4aad478e7e898dbdd) Importer(2089858483,0ecaa5967403d082aa24f35e1b516d23)
Start importing Assets/04_ScriptableObject/Monster Skill/BigOne.asset using Guid(5e152b2f70b103e4aad478e7e898dbdd) Importer(2089858483,0ecaa5967403d082aa24f35e1b516d23) (ScriptedImporter) -> (artifact id: '5510c47ee6065e46ef7e098220465333') in 0.1853208 seconds
Number of updated asset objects reloaded before import = 0Number of asset objects unloaded after import = 43

========================================================================
Received Import Request.
  Time since last request: 0.000046 seconds.
  path: Assets/05_Sound/Battle/Win sound 23.wav
  artifactKey: Guid(6fe0f30815bc30e409fbb6fd4de98a0a) Importer(2089858483,0ecaa5967403d082aa24f35e1b516d23)
Start importing Assets/05_Sound/Battle/Win sound 23.wav using Guid(6fe0f30815bc30e409fbb6fd4de98a0a) Importer(2089858483,0ecaa5967403d082aa24f35e1b516d23) (ScriptedImporter) -> (artifact id: '228af77acda522b73bfca1f5fc4a1470') in 0.2571946 seconds
Number of updated asset objects reloaded before import = 0Number of asset objects unloaded after import = 1

========================================================================
Received Import Request.
  Time since last request: 0.000029 seconds.
  path: Assets/03_Prefabs/Temp/UnitSelectBtn.prefab
  artifactKey: Guid(e104fde02fac5b241817eb242004f47d) Importer(2089858483,0ecaa5967403d082aa24f35e1b516d23)
Start importing Assets/03_Prefabs/Temp/UnitSelectBtn.prefab using Guid(e104fde02fac5b241817eb242004f47d) Importer(2089858483,0ecaa5967403d082aa24f35e1b516d23) (ScriptedImporter) -> (artifact id: 'b930c30d06cd928892f005a462ba5ddc') in 0.6057751 seconds
Number of updated asset objects reloaded before import = 0Number of asset objects unloaded after import = 59

========================================================================
Received Import Request.
  Time since last request: 0.000046 seconds.
  path: Assets/05_Sound/Battle/PlayerAttack.wav
  artifactKey: Guid(9e7af207508ad654ab1744ee1ddcf248) Importer(2089858483,0ecaa5967403d082aa24f35e1b516d23)
Start importing Assets/05_Sound/Battle/PlayerAttack.wav using Guid(9e7af207508ad654ab1744ee1ddcf248) Importer(2089858483,0ecaa5967403d082aa24f35e1b516d23) (ScriptedImporter) -> (artifact id: '75cb1764e5e5c133f0bc134bcc66ecb3') in 0.1731374 seconds
Number of updated asset objects reloaded before import = 0Number of asset objects unloaded after import = 1

========================================================================
Received Import Request.
  Time since last request: 0.000021 seconds.
  path: Assets/05_Sound/BGM/MainBGM.wav
  artifactKey: Guid(c3858232c45bc0a4283d9b3fe8f4d3a0) Importer(2089858483,0ecaa5967403d082aa24f35e1b516d23)
Start importing Assets/05_Sound/BGM/MainBGM.wav using Guid(c3858232c45bc0a4283d9b3fe8f4d3a0) Importer(2089858483,0ecaa5967403d082aa24f35e1b516d23) (ScriptedImporter) -> (artifact id: 'b20b4313f36b5a77803bb50cb146cb2b') in 1.2394369 seconds
Number of updated asset objects reloaded before import = 0Number of asset objects unloaded after import = 1

========================================================================
Received Import Request.
  Time since last request: 0.000557 seconds.
  path: Assets/05_Sound/swishes/swish-12.wav
  artifactKey: Guid(5622b4974435942408a0c3f26aabdc17) Importer(2089858483,0ecaa5967403d082aa24f35e1b516d23)
Start importing Assets/05_Sound/swishes/swish-12.wav using Guid(5622b4974435942408a0c3f26aabdc17) Importer(2089858483,0ecaa5967403d082aa24f35e1b516d23) (ScriptedImporter) -> (artifact id: 'fafeabf824d47fe820b81153f7735bdc') in 0.1758745 seconds
Number of updated asset objects reloaded before import = 0Number of asset objects unloaded after import = 1

========================================================================
Received Import Request.
  Time since last request: 0.000102 seconds.
  path: Assets/05_Sound/swishes/swish-6.wav
  artifactKey: Guid(3a4715f7d6c84544198c1a45f09d5728) Importer(2089858483,0ecaa5967403d082aa24f35e1b516d23)
Start importing Assets/05_Sound/swishes/swish-6.wav using Guid(3a4715f7d6c84544198c1a45f09d5728) Importer(2089858483,0ecaa5967403d082aa24f35e1b516d23) (ScriptedImporter) -> (artifact id: '0f845a838ea30218983847bc450d4ef5') in 0.1444542 seconds
Number of updated asset objects reloaded before import = 0Number of asset objects unloaded after import = 1

========================================================================
Received Import Request.
  Time since last request: 0.000021 seconds.
  path: Assets/05_Sound/swishes/swish-10.wav
  artifactKey: Guid(c53c25a516abda04385128d68beeb3bc) Importer(2089858483,0ecaa5967403d082aa24f35e1b516d23)
Start importing Assets/05_Sound/swishes/swish-10.wav using Guid(c53c25a516abda04385128d68beeb3bc) Importer(2089858483,0ecaa5967403d082aa24f35e1b516d23) (ScriptedImporter) -> (artifact id: '3246fc6a2bb537b5623530941b3ac505') in 0.2578623 seconds
Number of updated asset objects reloaded before import = 0Number of asset objects unloaded after import = 1

========================================================================
Received Import Request.
  Time since last request: 0.000408 seconds.
  path: Assets/03_Prefabs/BattlePrefab/BuffSlotContoroller.prefab
  artifactKey: Guid(ff2692cf6a494524f80f91123e463ee4) Importer(2089858483,0ecaa5967403d082aa24f35e1b516d23)
Start importing Assets/03_Prefabs/BattlePrefab/BuffSlotContoroller.prefab using Guid(ff2692cf6a494524f80f91123e463ee4) Importer(2089858483,0ecaa5967403d082aa24f35e1b516d23) (ScriptedImporter) -> (artifact id: '68e813abad222a9557300566f82d967d') in 0.0843431 seconds
Number of updated asset objects reloaded before import = 0Number of asset objects unloaded after import = 152

========================================================================
Received Import Request.
  Time since last request: 0.001749 seconds.
  path: Assets/03_Prefabs/BattlePrefab/Unit name text.prefab
  artifactKey: Guid(eaed1bd426ef23544bd035e62f9e1273) Importer(2089858483,0ecaa5967403d082aa24f35e1b516d23)
Start importing Assets/03_Prefabs/BattlePrefab/Unit name text.prefab using Guid(eaed1bd426ef23544bd035e62f9e1273) Importer(2089858483,0ecaa5967403d082aa24f35e1b516d23) (ScriptedImporter)The method get_fontSharedMaterials was not found on Unit name text. This property will not be indexed.
UnityEngine.Debug:ExtractStackTraceNoAlloc (byte*,int,string)
UnityEngine.StackTraceUtility:ExtractStackTrace ()
UnityEngine.DebugLogHandler:Internal_Log (UnityEngine.LogType,UnityEngine.LogOption,string,UnityEngine.Object)
UnityEngine.DebugLogHandler:LogFormat (UnityEngine.LogType,UnityEngine.Object,string,object[])
UnityEngine.Logger:Log (UnityEngine.LogType,object)
UnityEngine.Debug:LogWarning (object)
UnityEditor.Rendering.Universal.MaterialReferenceBuilder:GetMaterialFromMethod (System.Reflection.MethodInfo,UnityEngine.Object,System.Func`3<string, string, string>) (at ./Library/PackageCache/com.unity.render-pipelines.universal@1e1527b3a17b/Editor/Converter/MaterialReferenceBuilder.cs:133)
UnityEditor.Rendering.Universal.ConversionIndexers:ConversionIndexer (UnityEditor.Search.CustomObjectIndexerTarget,UnityEditor.Search.ObjectIndexer) (at ./Library/PackageCache/com.unity.render-pipelines.universal@1e1527b3a17b/Editor/Converter/ConversionIndexers.cs:21)
UnityEditor.Search.ObjectIndexer:CallCustomIndexers (string,int,UnityEngine.Object,UnityEditor.SerializedObject,bool)
UnityEditor.Search.ObjectIndexer:IndexCustomProperties (string,int,UnityEngine.Object)
UnityEditor.Search.AssetIndexer:IndexCustomGameObjectProperties (string,int,UnityEngine.GameObject)
UnityEditor.Search.AssetIndexer:IndexProperties (int&,string&,bool&)
UnityEditor.Search.AssetIndexer:IndexDocument (string,bool)
UnityEditor.Search.SearchIndexEntryImporter:OnImportAsset (UnityEditor.AssetImporters.AssetImportContext)
UnityEditor.AssetImporters.ScriptedImporter:GenerateAssetData (UnityEditor.AssetImporters.AssetImportContext)

(Filename: ./Library/PackageCache/com.unity.render-pipelines.universal@1e1527b3a17b/Editor/Converter/MaterialReferenceBuilder.cs Line: 133)

 -> (artifact id: '75a1b178739152d84a0ea1a537e7c187') in 0.6355033 seconds
Number of updated asset objects reloaded before import = 0Number of asset objects unloaded after import = 9

========================================================================
Received Import Request.
  Time since last request: 0.000029 seconds.
  path: Assets/02_Sprites/Stat Icon/StatIcon.png
  artifactKey: Guid(d3d097872b1e4a74c929f89037224b55) Importer(2089858483,0ecaa5967403d082aa24f35e1b516d23)
Start importing Assets/02_Sprites/Stat Icon/StatIcon.png using Guid(d3d097872b1e4a74c929f89037224b55) Importer(2089858483,0ecaa5967403d082aa24f35e1b516d23) (ScriptedImporter) -> (artifact id: '46bbfea188e3495d2a0659d57e4ae131') in 0.1231569 seconds
Number of updated asset objects reloaded before import = 0Number of asset objects unloaded after import = 10

========================================================================
Received Import Request.
  Time since last request: 0.000039 seconds.
  path: Assets/03_Prefabs/GameManagementPrefabs/BattleOpjectPooling.prefab
  artifactKey: Guid(b6b3ccb64d371c548a8fdd2d4d25fb5b) Importer(2089858483,0ecaa5967403d082aa24f35e1b516d23)
Start importing Assets/03_Prefabs/GameManagementPrefabs/BattleOpjectPooling.prefab using Guid(b6b3ccb64d371c548a8fdd2d4d25fb5b) Importer(2089858483,0ecaa5967403d082aa24f35e1b516d23) (ScriptedImporter) -> (artifact id: '7487e9d597e841badb1083d98c1334ec') in 0.4707253 seconds
Number of updated asset objects reloaded before import = 0Number of asset objects unloaded after import = 57

========================================================================
Received Import Request.
  Time since last request: 0.000041 seconds.
  path: Assets/05_Sound/Gamble/Lost sound 1.wav
  artifactKey: Guid(248363f5c96155a4bb4e4f2e60cbbd76) Importer(2089858483,0ecaa5967403d082aa24f35e1b516d23)
Start importing Assets/05_Sound/Gamble/Lost sound 1.wav using Guid(248363f5c96155a4bb4e4f2e60cbbd76) Importer(2089858483,0ecaa5967403d082aa24f35e1b516d23) (ScriptedImporter) -> (artifact id: 'a9081403ba773a254e96cd41eb9e96af') in 0.1954497 seconds
Number of updated asset objects reloaded before import = 0Number of asset objects unloaded after import = 1

========================================================================
Received Import Request.
  Time since last request: 0.000040 seconds.
  path: Assets/05_Sound/Enviroment/ChestOpen.wav
  artifactKey: Guid(688e21085614d8c4ba95c772bb005396) Importer(2089858483,0ecaa5967403d082aa24f35e1b516d23)
Start importing Assets/05_Sound/Enviroment/ChestOpen.wav using Guid(688e21085614d8c4ba95c772bb005396) Importer(2089858483,0ecaa5967403d082aa24f35e1b516d23) (ScriptedImporter) -> (artifact id: 'ee45097df4b91b013ecc53aae6ab0d8c') in 0.1566672 seconds
Number of updated asset objects reloaded before import = 0Number of asset objects unloaded after import = 1

========================================================================
Received Import Request.
  Time since last request: 0.000024 seconds.
  path: Assets/05_Sound/Battle/Boss Win sound 10.wav
  artifactKey: Guid(8609446970d112c4cb14be3c24c8efc5) Importer(2089858483,0ecaa5967403d082aa24f35e1b516d23)
Start importing Assets/05_Sound/Battle/Boss Win sound 10.wav using Guid(8609446970d112c4cb14be3c24c8efc5) Importer(2089858483,0ecaa5967403d082aa24f35e1b516d23) (ScriptedImporter) -> (artifact id: 'ca16f3b4a1fb21632a045b1bd454cce1') in 0.2466433 seconds
Number of updated asset objects reloaded before import = 0Number of asset objects unloaded after import = 1

========================================================================
Received Import Request.
  Time since last request: 0.000029 seconds.
  path: Assets/AddressableAssetsData/AssetGroups/Localization-Assets-Shared.asset
  artifactKey: Guid(5c829c8301449c04baee23b8295bbd8c) Importer(2089858483,0ecaa5967403d082aa24f35e1b516d23)
Start importing Assets/AddressableAssetsData/AssetGroups/Localization-Assets-Shared.asset using Guid(5c829c8301449c04baee23b8295bbd8c) Importer(2089858483,0ecaa5967403d082aa24f35e1b516d23) (ScriptedImporter) -> (artifact id: 'ec3b518ea893afb08f528bb0f433815b') in 0.0396562 seconds
Number of updated asset objects reloaded before import = 0Number of asset objects unloaded after import = 1

========================================================================
Received Import Request.
  Time since last request: 0.000032 seconds.
  path: Assets/05_Sound/UI/Revival.wav
  artifactKey: Guid(354e115f6edca9f4b9b8fa78c5c76d3e) Importer(2089858483,0ecaa5967403d082aa24f35e1b516d23)
Start importing Assets/05_Sound/UI/Revival.wav using Guid(354e115f6edca9f4b9b8fa78c5c76d3e) Importer(2089858483,0ecaa5967403d082aa24f35e1b516d23) (ScriptedImporter) -> (artifact id: 'f91732eda6a48a12bd29204f2650e7c9') in 0.2450823 seconds
Number of updated asset objects reloaded before import = 0Number of asset objects unloaded after import = 1

========================================================================
Received Import Request.
  Time since last request: 0.000027 seconds.
  path: Assets/05_Sound/UI/OnMouse.wav
  artifactKey: Guid(761421914e12e5c44a3691174f2ca3e4) Importer(2089858483,0ecaa5967403d082aa24f35e1b516d23)
Start importing Assets/05_Sound/UI/OnMouse.wav using Guid(761421914e12e5c44a3691174f2ca3e4) Importer(2089858483,0ecaa5967403d082aa24f35e1b516d23) (ScriptedImporter) -> (artifact id: '086e83f37624b810119fb2e5951ca135') in 0.1512591 seconds
Number of updated asset objects reloaded before import = 0Number of asset objects unloaded after import = 1

========================================================================
Received Import Request.
  Time since last request: 0.000030 seconds.
  path: Assets/AddressableAssetsData/AssetGroups/Localization-Locales.asset
  artifactKey: Guid(0bcbc48d5cda0f44cafc635643773371) Importer(2089858483,0ecaa5967403d082aa24f35e1b516d23)
Start importing Assets/AddressableAssetsData/AssetGroups/Localization-Locales.asset using Guid(0bcbc48d5cda0f44cafc635643773371) Importer(2089858483,0ecaa5967403d082aa24f35e1b516d23) (ScriptedImporter) -> (artifact id: 'd43f94e6c1df64245f9aa2c47fdea9ae') in 0.030671 seconds
Number of updated asset objects reloaded before import = 0Number of asset objects unloaded after import = 1

========================================================================
Received Import Request.
  Time since last request: 0.000047 seconds.
  path: Assets/05_Sound/UI/SkillbookFailed.wav
  artifactKey: Guid(f3926115356828940b9099f3a5f2172a) Importer(2089858483,0ecaa5967403d082aa24f35e1b516d23)
Start importing Assets/05_Sound/UI/SkillbookFailed.wav using Guid(f3926115356828940b9099f3a5f2172a) Importer(2089858483,0ecaa5967403d082aa24f35e1b516d23) (ScriptedImporter) -> (artifact id: '961ac60011f393d7603fc96cc9dfe072') in 0.1670936 seconds
Number of updated asset objects reloaded before import = 0Number of asset objects unloaded after import = 1

========================================================================
Received Import Request.
  Time since last request: 0.000017 seconds.
  path: Assets/05_Sound/UI/Click.wav
  artifactKey: Guid(aafeea14cbeee4d4f832e87ea86c7171) Importer(2089858483,0ecaa5967403d082aa24f35e1b516d23)
Start importing Assets/05_Sound/UI/Click.wav using Guid(aafeea14cbeee4d4f832e87ea86c7171) Importer(2089858483,0ecaa5967403d082aa24f35e1b516d23) (ScriptedImporter) -> (artifact id: '70db04ae66e99dda6b2555caf108ac76') in 0.139314 seconds
Number of updated asset objects reloaded before import = 0Number of asset objects unloaded after import = 1

========================================================================
Received Import Request.
  Time since last request: 0.000028 seconds.
  path: Assets/AddressableAssetsData/AssetGroups/Jewelry.asset
  artifactKey: Guid(6c2a35a5117951544aab80826230042f) Importer(2089858483,0ecaa5967403d082aa24f35e1b516d23)
Start importing Assets/AddressableAssetsData/AssetGroups/Jewelry.asset using Guid(6c2a35a5117951544aab80826230042f) Importer(2089858483,0ecaa5967403d082aa24f35e1b516d23) (ScriptedImporter) -> (artifact id: '43451375e4a34f53a3726ab54b614077') in 0.0292147 seconds
Number of updated asset objects reloaded before import = 0Number of asset objects unloaded after import = 1

========================================================================
Received Import Request.
  Time since last request: 0.000041 seconds.
  path: Assets/03_Prefabs/Map/Room.prefab
  artifactKey: Guid(d67df6d3b9a646f4e922a83bc6cda486) Importer(2089858483,0ecaa5967403d082aa24f35e1b516d23)
Start importing Assets/03_Prefabs/Map/Room.prefab using Guid(d67df6d3b9a646f4e922a83bc6cda486) Importer(2089858483,0ecaa5967403d082aa24f35e1b516d23) (ScriptedImporter) -> (artifact id: 'e707bae9f31d968ae56b3ad486d7f6d4') in 0.1637375 seconds
Number of updated asset objects reloaded before import = 0Number of asset objects unloaded after import = 33

========================================================================
Received Import Request.
  Time since last request: 0.000021 seconds.
  path: Assets/03_Prefabs/Effect Prefabs/Efect Test.prefab
  artifactKey: Guid(16932196a7acf0c4089f6fc06127918f) Importer(2089858483,0ecaa5967403d082aa24f35e1b516d23)
Start importing Assets/03_Prefabs/Effect Prefabs/Efect Test.prefab using Guid(16932196a7acf0c4089f6fc06127918f) Importer(2089858483,0ecaa5967403d082aa24f35e1b516d23) (ScriptedImporter) -> (artifact id: '45ecb6af2398594122608a8aa1169626') in 0.1327315 seconds
Number of updated asset objects reloaded before import = 0Number of asset objects unloaded after import = 47

========================================================================
Received Import Request.
  Time since last request: 0.000039 seconds.
  path: Assets/02_Sprites/Gamble/ghostLeg.png
  artifactKey: Guid(a0551ca596a187c499119d2e605c8211) Importer(2089858483,0ecaa5967403d082aa24f35e1b516d23)
Start importing Assets/02_Sprites/Gamble/ghostLeg.png using Guid(a0551ca596a187c499119d2e605c8211) Importer(2089858483,0ecaa5967403d082aa24f35e1b516d23) (ScriptedImporter) -> (artifact id: '5abeed47f58cee426f66a8f1cbefc4ab') in 0.0735942 seconds
Number of updated asset objects reloaded before import = 0Number of asset objects unloaded after import = 3

========================================================================
Received Import Request.
  Time since last request: 0.000040 seconds.
  path: Assets/02_Sprites/digits/digit8.png
  artifactKey: Guid(5efeefc47c71c1b468b83ec2c0a4bf8e) Importer(2089858483,0ecaa5967403d082aa24f35e1b516d23)
Start importing Assets/02_Sprites/digits/digit8.png using Guid(5efeefc47c71c1b468b83ec2c0a4bf8e) Importer(2089858483,0ecaa5967403d082aa24f35e1b516d23) (ScriptedImporter) -> (artifact id: 'b6459ee33385449a9d9609a8956f8cff') in 0.0562637 seconds
Number of updated asset objects reloaded before import = 0Number of asset objects unloaded after import = 3

========================================================================
Received Import Request.
  Time since last request: 0.000025 seconds.
  path: Assets/05_Sound/Skill/Fire.wav
  artifactKey: Guid(98f674ed82f2c82478ae6b15ab5c9571) Importer(2089858483,0ecaa5967403d082aa24f35e1b516d23)
Start importing Assets/05_Sound/Skill/Fire.wav using Guid(98f674ed82f2c82478ae6b15ab5c9571) Importer(2089858483,0ecaa5967403d082aa24f35e1b516d23) (ScriptedImporter) -> (artifact id: '1308c8d880999943358d64c0cd2dd0d4') in 0.2198193 seconds
Number of updated asset objects reloaded before import = 0Number of asset objects unloaded after import = 1

========================================================================
Received Import Request.
  Time since last request: 0.000028 seconds.
  path: Assets/02_Sprites/digits/digit7.png
  artifactKey: Guid(d20cd6961c046bd40bcfd73614e8e3e9) Importer(2089858483,0ecaa5967403d082aa24f35e1b516d23)
Start importing Assets/02_Sprites/digits/digit7.png using Guid(d20cd6961c046bd40bcfd73614e8e3e9) Importer(2089858483,0ecaa5967403d082aa24f35e1b516d23) (ScriptedImporter) -> (artifact id: '7871568c0d1965fb9f95e79c123f609b') in 0.0546551 seconds
Number of updated asset objects reloaded before import = 0Number of asset objects unloaded after import = 3

========================================================================
Received Import Request.
  Time since last request: 0.000036 seconds.
  path: Assets/03_Prefabs/GameManagementPrefabs/SingletonCanvas.prefab
  artifactKey: Guid(9c1aded2a21541d46b0aeea114145fa4) Importer(2089858483,0ecaa5967403d082aa24f35e1b516d23)
Start importing Assets/03_Prefabs/GameManagementPrefabs/SingletonCanvas.prefab using Guid(9c1aded2a21541d46b0aeea114145fa4) Importer(2089858483,0ecaa5967403d082aa24f35e1b516d23) (ScriptedImporter) -> (artifact id: '5773faf9fd99eb9d03bbdee9115133fd') in 0.0927263 seconds
Number of updated asset objects reloaded before import = 0Number of asset objects unloaded after import = 16

========================================================================
Received Import Request.
  Time since last request: 0.000022 seconds.
  path: Assets/AddressableAssetsData/AssetGroups/Armor.asset
  artifactKey: Guid(e4ee944e690f9664c8ca4b52c9e15c4f) Importer(2089858483,0ecaa5967403d082aa24f35e1b516d23)
Start importing Assets/AddressableAssetsData/AssetGroups/Armor.asset using Guid(e4ee944e690f9664c8ca4b52c9e15c4f) Importer(2089858483,0ecaa5967403d082aa24f35e1b516d23) (ScriptedImporter) -> (artifact id: '36fcf00e5a8773a9cd1fdbe16c5bb5e6') in 0.0306479 seconds
Number of updated asset objects reloaded before import = 0Number of asset objects unloaded after import = 1

========================================================================
Received Import Request.
  Time since last request: 0.000077 seconds.
  path: Assets/03_Prefabs/Reward/StageClearReward.prefab
  artifactKey: Guid(dfd6612ca912fee4186428e2007211d7) Importer(2089858483,0ecaa5967403d082aa24f35e1b516d23)
Start importing Assets/03_Prefabs/Reward/StageClearReward.prefab using Guid(dfd6612ca912fee4186428e2007211d7) Importer(2089858483,0ecaa5967403d082aa24f35e1b516d23) (ScriptedImporter) -> (artifact id: '4c26a7545af6f85a5e20e184bfbb05ee') in 0.5843398 seconds
Number of updated asset objects reloaded before import = 0Number of asset objects unloaded after import = 209

========================================================================
Received Import Request.
  Time since last request: 0.000034 seconds.
  path: Assets/05_Sound/Battle/Sword hit shield 2.wav
  artifactKey: Guid(7743b5acd0859684d86fd8e03e30adfe) Importer(2089858483,0ecaa5967403d082aa24f35e1b516d23)
Start importing Assets/05_Sound/Battle/Sword hit shield 2.wav using Guid(7743b5acd0859684d86fd8e03e30adfe) Importer(2089858483,0ecaa5967403d082aa24f35e1b516d23) (ScriptedImporter) -> (artifact id: '541aebeb328b76701a56635ee7bb1805') in 0.1767447 seconds
Number of updated asset objects reloaded before import = 0Number of asset objects unloaded after import = 1

========================================================================
Received Import Request.
  Time since last request: 0.000037 seconds.
  path: Assets/02_Sprites/Gamble/table.png
  artifactKey: Guid(6343185462e9a47489a7de888b63eae4) Importer(2089858483,0ecaa5967403d082aa24f35e1b516d23)
Start importing Assets/02_Sprites/Gamble/table.png using Guid(6343185462e9a47489a7de888b63eae4) Importer(2089858483,0ecaa5967403d082aa24f35e1b516d23) (ScriptedImporter) -> (artifact id: 'ac0156a4a5845d2313ac23ca5291b65b') in 0.0725395 seconds
Number of updated asset objects reloaded before import = 0Number of asset objects unloaded after import = 3

========================================================================
Received Import Request.
  Time since last request: 0.000023 seconds.
  path: Assets/03_Prefabs/GameManagementPrefabs/FrontCanvas.prefab
  artifactKey: Guid(cccbfc0c0c8e19a48aabc3d1f5b23382) Importer(2089858483,0ecaa5967403d082aa24f35e1b516d23)
Start importing Assets/03_Prefabs/GameManagementPrefabs/FrontCanvas.prefab using Guid(cccbfc0c0c8e19a48aabc3d1f5b23382) Importer(2089858483,0ecaa5967403d082aa24f35e1b516d23) (ScriptedImporter) -> (artifact id: 'a92a95e2bff9cb33be27bacd4e7170a5') in 0.0450052 seconds
Number of updated asset objects reloaded before import = 0Number of asset objects unloaded after import = 7

========================================================================
Received Import Request.
  Time since last request: 0.000016 seconds.
  path: Assets/03_Prefabs/GameManagementPrefabs/Slot Machine.prefab
  artifactKey: Guid(cae9dac30364cb240956f39982bb0061) Importer(2089858483,0ecaa5967403d082aa24f35e1b516d23)
Start importing Assets/03_Prefabs/GameManagementPrefabs/Slot Machine.prefab using Guid(cae9dac30364cb240956f39982bb0061) Importer(2089858483,0ecaa5967403d082aa24f35e1b516d23) (ScriptedImporter) -> (artifact id: 'cf9826be5b16d04dc23ed46836ff07b6') in 0.1627507 seconds
Number of updated asset objects reloaded before import = 0Number of asset objects unloaded after import = 175

========================================================================
Received Import Request.
  Time since last request: 0.000032 seconds.
  path: Assets/03_Prefabs/PlayerUnitPrefabs/Female_Plate_01.prefab
  artifactKey: Guid(4af4e86318f9da547aa599f944b23fa7) Importer(2089858483,0ecaa5967403d082aa24f35e1b516d23)
Start importing Assets/03_Prefabs/PlayerUnitPrefabs/Female_Plate_01.prefab using Guid(4af4e86318f9da547aa599f944b23fa7) Importer(2089858483,0ecaa5967403d082aa24f35e1b516d23) (ScriptedImporter) -> (artifact id: 'efe2c30415e9befa12dfde7bbe62676f') in 0.0928459 seconds
Number of updated asset objects reloaded before import = 0Number of asset objects unloaded after import = 126

========================================================================
Received Import Request.
  Time since last request: 0.000052 seconds.
  path: Assets/05_Sound/Battle/Unit Click.wav
  artifactKey: Guid(03331e7d529586d468f23b8f780b62b9) Importer(2089858483,0ecaa5967403d082aa24f35e1b516d23)
Start importing Assets/05_Sound/Battle/Unit Click.wav using Guid(03331e7d529586d468f23b8f780b62b9) Importer(2089858483,0ecaa5967403d082aa24f35e1b516d23) (ScriptedImporter) -> (artifact id: 'a8eeb7f59c839914854846452b5f9c0e') in 0.198202 seconds
Number of updated asset objects reloaded before import = 0Number of asset objects unloaded after import = 1

========================================================================
Received Import Request.
  Time since last request: 0.000023 seconds.
  path: Assets/com.rlabrecque.steamworks.net/Plugins/steam_api64.dll
  artifactKey: Guid(46713ca58de687b4db4d9684c7021923) Importer(2089858483,0ecaa5967403d082aa24f35e1b516d23)
Start importing Assets/com.rlabrecque.steamworks.net/Plugins/steam_api64.dll using Guid(46713ca58de687b4db4d9684c7021923) Importer(2089858483,0ecaa5967403d082aa24f35e1b516d23) (ScriptedImporter) -> (artifact id: 'dc67f63651bb040ceab767c924eb9d84') in 0.0339957 seconds
Number of updated asset objects reloaded before import = 0Number of asset objects unloaded after import = 0

========================================================================
Received Import Request.
  Time since last request: 0.000086 seconds.
  path: Assets/com.rlabrecque.steamworks.net/Editor/com.rlabrecque.steamworks.net.editor.asmdef
  artifactKey: Guid(be281b7992e9e1840851a78ba9db107c) Importer(2089858483,0ecaa5967403d082aa24f35e1b516d23)
Start importing Assets/com.rlabrecque.steamworks.net/Editor/com.rlabrecque.steamworks.net.editor.asmdef using Guid(be281b7992e9e1840851a78ba9db107c) Importer(2089858483,0ecaa5967403d082aa24f35e1b516d23) (ScriptedImporter) -> (artifact id: 'd3f2a0485eafad30f60f7070247b1282') in 0.0257192 seconds
Number of updated asset objects reloaded before import = 0Number of asset objects unloaded after import = 1

========================================================================
Received Import Request.
  Time since last request: 0.000017 seconds.
  path: Assets/com.rlabrecque.steamworks.net/Runtime/Packsize.cs
  artifactKey: Guid(c871c983f47850a41a28b6c09b5d9542) Importer(2089858483,0ecaa5967403d082aa24f35e1b516d23)
Start importing Assets/com.rlabrecque.steamworks.net/Runtime/Packsize.cs using Guid(c871c983f47850a41a28b6c09b5d9542) Importer(2089858483,0ecaa5967403d082aa24f35e1b516d23) (ScriptedImporter) -> (artifact id: 'c29b86dd90dd833931cbd05ff2154d43') in 0.0267552 seconds
Number of updated asset objects reloaded before import = 0Number of asset objects unloaded after import = 0

========================================================================
Received Import Request.
  Time since last request: 0.000026 seconds.
  path: Assets/Dice2.5D/animations/Dice10Roll3.anim
  artifactKey: Guid(f822a94b4ef05df43ad164cebf18c061) Importer(2089858483,0ecaa5967403d082aa24f35e1b516d23)
Start importing Assets/Dice2.5D/animations/Dice10Roll3.anim using Guid(f822a94b4ef05df43ad164cebf18c061) Importer(2089858483,0ecaa5967403d082aa24f35e1b516d23) (ScriptedImporter) -> (artifact id: '070fcf7f2369963f2596a985d51b379d') in 0.0557711 seconds
Number of updated asset objects reloaded before import = 0Number of asset objects unloaded after import = 1

========================================================================
Received Import Request.
  Time since last request: 0.000027 seconds.
  path: Assets/com.rlabrecque.steamworks.net/Runtime/CallbackDispatcher.cs
  artifactKey: Guid(67e97b7dd9922a94f8e5e866125a2eb3) Importer(2089858483,0ecaa5967403d082aa24f35e1b516d23)
Start importing Assets/com.rlabrecque.steamworks.net/Runtime/CallbackDispatcher.cs using Guid(67e97b7dd9922a94f8e5e866125a2eb3) Importer(2089858483,0ecaa5967403d082aa24f35e1b516d23) (ScriptedImporter) -> (artifact id: 'bbb5d7ef02ffd5fc0a02aee8f5ff4e1f') in 0.0332902 seconds
Number of updated asset objects reloaded before import = 0Number of asset objects unloaded after import = 0

========================================================================
Received Import Request.
  Time since last request: 0.000023 seconds.
  path: Assets/AddressableAssetsData/Windows/addressables_content_state.bin
  artifactKey: Guid(debde3ef0374e28428282bfaa5d2c37a) Importer(2089858483,0ecaa5967403d082aa24f35e1b516d23)
Start importing Assets/AddressableAssetsData/Windows/addressables_content_state.bin using Guid(debde3ef0374e28428282bfaa5d2c37a) Importer(2089858483,0ecaa5967403d082aa24f35e1b516d23) (ScriptedImporter) -> (artifact id: 'ddd508317482d6d3b196e599789d2fb7') in 0.0252684 seconds
Number of updated asset objects reloaded before import = 0Number of asset objects unloaded after import = 1

========================================================================
Received Import Request.
  Time since last request: 0.000025 seconds.
  path: Assets/Dice2.5D/animations/Dice10Roll0.anim
  artifactKey: Guid(6eac18845ab6cbe439fe5a8bc665f247) Importer(2089858483,0ecaa5967403d082aa24f35e1b516d23)
Start importing Assets/Dice2.5D/animations/Dice10Roll0.anim using Guid(6eac18845ab6cbe439fe5a8bc665f247) Importer(2089858483,0ecaa5967403d082aa24f35e1b516d23) (ScriptedImporter) -> (artifact id: 'abf63c4d77c6ec726d54e9e34c963d70') in 0.0351752 seconds
Number of updated asset objects reloaded before import = 0Number of asset objects unloaded after import = 1

========================================================================
Received Import Request.
  Time since last request: 0.000029 seconds.
  path: Assets/AddressableAssetsData/DataBuilders/BuildScriptVirtualMode.asset
  artifactKey: Guid(b17f86b843d79ff458ffdc0f5d968b83) Importer(2089858483,0ecaa5967403d082aa24f35e1b516d23)
Start importing Assets/AddressableAssetsData/DataBuilders/BuildScriptVirtualMode.asset using Guid(b17f86b843d79ff458ffdc0f5d968b83) Importer(2089858483,0ecaa5967403d082aa24f35e1b516d23) (ScriptedImporter) -> (artifact id: 'c1e55f771b83826de4c4c68f2c180dbd') in 0.025695 seconds
Number of updated asset objects reloaded before import = 0Number of asset objects unloaded after import = 0

========================================================================
Received Import Request.
  Time since last request: 0.000044 seconds.
  path: Assets/com.rlabrecque.steamworks.net/Runtime/CallbackIdentity.cs
  artifactKey: Guid(853cf3b9a25c4b44b84691b4af4f4dcf) Importer(2089858483,0ecaa5967403d082aa24f35e1b516d23)
Start importing Assets/com.rlabrecque.steamworks.net/Runtime/CallbackIdentity.cs using Guid(853cf3b9a25c4b44b84691b4af4f4dcf) Importer(2089858483,0ecaa5967403d082aa24f35e1b516d23) (ScriptedImporter) -> (artifact id: '15bb4fdc88a7983204f1fd7d363f0e46') in 0.0259357 seconds
Number of updated asset objects reloaded before import = 0Number of asset objects unloaded after import = 0

========================================================================
Received Import Request.
  Time since last request: 0.000021 seconds.
  path: Assets/AddressableAssetsData/DataBuilders/BuildScriptPackedPlayMode.asset
  artifactKey: Guid(d2c5cc5a97a9798429f2caa00ad54e1c) Importer(2089858483,0ecaa5967403d082aa24f35e1b516d23)
Start importing Assets/AddressableAssetsData/DataBuilders/BuildScriptPackedPlayMode.asset using Guid(d2c5cc5a97a9798429f2caa00ad54e1c) Importer(2089858483,0ecaa5967403d082aa24f35e1b516d23) (ScriptedImporter) -> (artifact id: '56112e92ff9d6169b6dd9bfc47560bd6') in 0.0366763 seconds
Number of updated asset objects reloaded before import = 0Number of asset objects unloaded after import = 1

========================================================================
Received Import Request.
  Time since last request: 0.000041 seconds.
  path: Assets/com.rlabrecque.steamworks.net/Runtime/Steam.cs
  artifactKey: Guid(3c098e483776b9b4e9d4fd8af8558ba1) Importer(2089858483,0ecaa5967403d082aa24f35e1b516d23)
Start importing Assets/com.rlabrecque.steamworks.net/Runtime/Steam.cs using Guid(3c098e483776b9b4e9d4fd8af8558ba1) Importer(2089858483,0ecaa5967403d082aa24f35e1b516d23) (ScriptedImporter) -> (artifact id: '258646f8ad66ee2f0f0492020f8f53b5') in 0.0278843 seconds
Number of updated asset objects reloaded before import = 0Number of asset objects unloaded after import = 0

========================================================================
Received Import Request.
  Time since last request: 0.000067 seconds.
  path: Assets/04_ScriptableObject/Monster Skill/TestAOE.asset
  artifactKey: Guid(3d8ac3ea94fe3d54aa115920d7748434) Importer(2089858483,0ecaa5967403d082aa24f35e1b516d23)
Start importing Assets/04_ScriptableObject/Monster Skill/TestAOE.asset using Guid(3d8ac3ea94fe3d54aa115920d7748434) Importer(2089858483,0ecaa5967403d082aa24f35e1b516d23) (ScriptedImporter) -> (artifact id: '8597d1a8923e084d2bcf8256cf68d742') in 0.0427472 seconds
Number of updated asset objects reloaded before import = 0Number of asset objects unloaded after import = 19

========================================================================
Received Import Request.
  Time since last request: 0.000058 seconds.
  path: Assets/03_Prefabs/Popup/FinalStagePopup.prefab
  artifactKey: Guid(a1dbbf1f13a29194da12cbfa42ca1775) Importer(2089858483,0ecaa5967403d082aa24f35e1b516d23)
Start importing Assets/03_Prefabs/Popup/FinalStagePopup.prefab using Guid(a1dbbf1f13a29194da12cbfa42ca1775) Importer(2089858483,0ecaa5967403d082aa24f35e1b516d23) (ScriptedImporter) -> (artifact id: 'f0072411b3d7796c314d29d08907e051') in 0.0799414 seconds
Number of updated asset objects reloaded before import = 0Number of asset objects unloaded after import = 104

========================================================================
Received Import Request.
  Time since last request: 0.000035 seconds.
  path: Assets/05_Sound/swishes/swish-11.wav
  artifactKey: Guid(5d13e933f6c396747ad133e0d1a467e5) Importer(2089858483,0ecaa5967403d082aa24f35e1b516d23)
Start importing Assets/05_Sound/swishes/swish-11.wav using Guid(5d13e933f6c396747ad133e0d1a467e5) Importer(2089858483,0ecaa5967403d082aa24f35e1b516d23) (ScriptedImporter) -> (artifact id: '02d30accbd91b69efb663ce529a68d75') in 0.134588 seconds
Number of updated asset objects reloaded before import = 0Number of asset objects unloaded after import = 1

========================================================================
Received Import Request.
  Time since last request: 0.000055 seconds.
  path: Assets/03_Prefabs/Item/Item Slot.prefab
  artifactKey: Guid(33765ee3f667bb045913029d011321d2) Importer(2089858483,0ecaa5967403d082aa24f35e1b516d23)
Start importing Assets/03_Prefabs/Item/Item Slot.prefab using Guid(33765ee3f667bb045913029d011321d2) Importer(2089858483,0ecaa5967403d082aa24f35e1b516d23) (ScriptedImporter) -> (artifact id: '74f849283ec6fab8a857a32e3601c9ff') in 0.4442297 seconds
Number of updated asset objects reloaded before import = 0Number of asset objects unloaded after import = 40

========================================================================
Received Import Request.
  Time since last request: 0.000063 seconds.
  path: Assets/05_Sound/BGM/Ending.wav
  artifactKey: Guid(876727ab7e0b69c41b2007bc7643b440) Importer(2089858483,0ecaa5967403d082aa24f35e1b516d23)
Start importing Assets/05_Sound/BGM/Ending.wav using Guid(876727ab7e0b69c41b2007bc7643b440) Importer(2089858483,0ecaa5967403d082aa24f35e1b516d23) (ScriptedImporter) -> (artifact id: 'beb3c377fa882d27c634613d51786481') in 0.3703751 seconds
Number of updated asset objects reloaded before import = 0Number of asset objects unloaded after import = 1

========================================================================
Received Import Request.
  Time since last request: 0.000188 seconds.
  path: Assets/03_Prefabs/Temp/Setting Popup.prefab
  artifactKey: Guid(31619d12cd75a8b468749a00c4099aa8) Importer(2089858483,0ecaa5967403d082aa24f35e1b516d23)
Start importing Assets/03_Prefabs/Temp/Setting Popup.prefab using Guid(31619d12cd75a8b468749a00c4099aa8) Importer(2089858483,0ecaa5967403d082aa24f35e1b516d23) (ScriptedImporter) -> (artifact id: 'a8b9ddb94d98fb3c5718831e35c35257') in 0.6328454 seconds
Number of updated asset objects reloaded before import = 0Number of asset objects unloaded after import = 315

========================================================================
Received Import Request.
  Time since last request: 0.000035 seconds.
  path: Assets/05_Sound/Battle/Card.wav
  artifactKey: Guid(c5370254c5f783040885323bb68c82e1) Importer(2089858483,0ecaa5967403d082aa24f35e1b516d23)
Start importing Assets/05_Sound/Battle/Card.wav using Guid(c5370254c5f783040885323bb68c82e1) Importer(2089858483,0ecaa5967403d082aa24f35e1b516d23) (ScriptedImporter) -> (artifact id: '67dbd2223ee1b6c1c0d8e7735a0acf86') in 0.1592759 seconds
Number of updated asset objects reloaded before import = 0Number of asset objects unloaded after import = 1

========================================================================
Received Import Request.
  Time since last request: 0.000056 seconds.
  path: Assets/03_Prefabs/Reward/Reward Item Slot.prefab
  artifactKey: Guid(9345cdcb2f7642d4fa53ad5907cae100) Importer(2089858483,0ecaa5967403d082aa24f35e1b516d23)
Start importing Assets/03_Prefabs/Reward/Reward Item Slot.prefab using Guid(9345cdcb2f7642d4fa53ad5907cae100) Importer(2089858483,0ecaa5967403d082aa24f35e1b516d23) (ScriptedImporter) -> (artifact id: '132f2e86c216e0ba4e7db5925b743534') in 0.5182279 seconds
Number of updated asset objects reloaded before import = 0Number of asset objects unloaded after import = 40

========================================================================
Received Import Request.
  Time since last request: 0.000027 seconds.
  path: Assets/AddressableAssetsData/AssetGroups/MagicStone.asset
  artifactKey: Guid(11041f1e8082a80439f5caed72daf594) Importer(2089858483,0ecaa5967403d082aa24f35e1b516d23)
Start importing Assets/AddressableAssetsData/AssetGroups/MagicStone.asset using Guid(11041f1e8082a80439f5caed72daf594) Importer(2089858483,0ecaa5967403d082aa24f35e1b516d23) (ScriptedImporter) -> (artifact id: 'ea31906640d6847c683116e8a70b746d') in 0.0273745 seconds
Number of updated asset objects reloaded before import = 0Number of asset objects unloaded after import = 1

========================================================================
Received Import Request.
  Time since last request: 0.000042 seconds.
  path: Assets/02_Sprites/digits/colon.png
  artifactKey: Guid(fac995d57a5ea534eafe7b91dc43b84b) Importer(2089858483,0ecaa5967403d082aa24f35e1b516d23)
Start importing Assets/02_Sprites/digits/colon.png using Guid(fac995d57a5ea534eafe7b91dc43b84b) Importer(2089858483,0ecaa5967403d082aa24f35e1b516d23) (ScriptedImporter) -> (artifact id: '9bac96d3840e03cc2c61f2e35dc401ec') in 0.0507878 seconds
Number of updated asset objects reloaded before import = 0Number of asset objects unloaded after import = 3

========================================================================
Received Import Request.
  Time since last request: 0.000019 seconds.
  path: Assets/03_Prefabs/Popup/Result Popup.prefab
  artifactKey: Guid(f4383f5a5acae4a4da183f4f9e60c917) Importer(2089858483,0ecaa5967403d082aa24f35e1b516d23)
Start importing Assets/03_Prefabs/Popup/Result Popup.prefab using Guid(f4383f5a5acae4a4da183f4f9e60c917) Importer(2089858483,0ecaa5967403d082aa24f35e1b516d23) (ScriptedImporter) -> (artifact id: '80c0c7fd72bbd4b4b4b063ad7bc11c62') in 0.3726322 seconds
Number of updated asset objects reloaded before import = 0Number of asset objects unloaded after import = 31

========================================================================
Received Import Request.
  Time since last request: 0.000040 seconds.
  path: Assets/com.rlabrecque.steamworks.net/Runtime/ISteamMatchmakingResponses.cs
  artifactKey: Guid(577f601da41ba9c4d934e78cbf1edfa6) Importer(2089858483,0ecaa5967403d082aa24f35e1b516d23)
Start importing Assets/com.rlabrecque.steamworks.net/Runtime/ISteamMatchmakingResponses.cs using Guid(577f601da41ba9c4d934e78cbf1edfa6) Importer(2089858483,0ecaa5967403d082aa24f35e1b516d23) (ScriptedImporter) -> (artifact id: '719dfea44fb4cdd0e1efc7481dec915e') in 0.0330623 seconds
Number of updated asset objects reloaded before import = 0Number of asset objects unloaded after import = 0

========================================================================
Received Import Request.
  Time since last request: 0.000105 seconds.
  path: Assets/05_Sound/swishes/swish-7.wav
  artifactKey: Guid(349f5da101eff9440896ac62f2a204c7) Importer(2089858483,0ecaa5967403d082aa24f35e1b516d23)
Start importing Assets/05_Sound/swishes/swish-7.wav using Guid(349f5da101eff9440896ac62f2a204c7) Importer(2089858483,0ecaa5967403d082aa24f35e1b516d23) (ScriptedImporter) -> (artifact id: 'd457f28ff25eaac7b691364aaaefef9b') in 0.2022715 seconds
Number of updated asset objects reloaded before import = 0Number of asset objects unloaded after import = 1

========================================================================
Received Import Request.
  Time since last request: 0.000487 seconds.
  path: Assets/03_Prefabs/BattlePrefab/BuffSlot.prefab
  artifactKey: Guid(04e48e6433380004e922c469df6b109e) Importer(2089858483,0ecaa5967403d082aa24f35e1b516d23)
Start importing Assets/03_Prefabs/BattlePrefab/BuffSlot.prefab using Guid(04e48e6433380004e922c469df6b109e) Importer(2089858483,0ecaa5967403d082aa24f35e1b516d23) (ScriptedImporter) -> (artifact id: '268098b8850fb78e9726ec30c54a522b') in 0.0551926 seconds
Number of updated asset objects reloaded before import = 0Number of asset objects unloaded after import = 21

========================================================================
Received Import Request.
  Time since last request: 0.000038 seconds.
  path: Assets/02_Sprites/Breakout-C/Breakout-008-C.png
  artifactKey: Guid(5b25ef48d99e90b4ba3595aee94322ba) Importer(2089858483,0ecaa5967403d082aa24f35e1b516d23)
Start importing Assets/02_Sprites/Breakout-C/Breakout-008-C.png using Guid(5b25ef48d99e90b4ba3595aee94322ba) Importer(2089858483,0ecaa5967403d082aa24f35e1b516d23) (ScriptedImporter) -> (artifact id: '5fd1e5395ff444b958d5e750846ea7a6') in 0.0593901 seconds
Number of updated asset objects reloaded before import = 0Number of asset objects unloaded after import = 3

========================================================================
Received Import Request.
  Time since last request: 0.000031 seconds.
  path: Assets/AddressableAssetsData/DataBuilders/BuildScriptPackedMode.asset
  artifactKey: Guid(cbf6673f3c7bfcd41a22e970245c73f7) Importer(2089858483,0ecaa5967403d082aa24f35e1b516d23)
Start importing Assets/AddressableAssetsData/DataBuilders/BuildScriptPackedMode.asset using Guid(cbf6673f3c7bfcd41a22e970245c73f7) Importer(2089858483,0ecaa5967403d082aa24f35e1b516d23) (ScriptedImporter) -> (artifact id: '981c0d2547620f70998f51bec1973b16') in 0.0276234 seconds
Number of updated asset objects reloaded before import = 0Number of asset objects unloaded after import = 1

========================================================================
Received Import Request.
  Time since last request: 0.000088 seconds.
  path: Assets/02_Sprites/Breakout-C/Breakout-012-C.png
  artifactKey: Guid(ba60d5245e55d68469c8163dda8d6f98) Importer(2089858483,0ecaa5967403d082aa24f35e1b516d23)
Start importing Assets/02_Sprites/Breakout-C/Breakout-012-C.png using Guid(ba60d5245e55d68469c8163dda8d6f98) Importer(2089858483,0ecaa5967403d082aa24f35e1b516d23) (ScriptedImporter) -> (artifact id: 'fdd046cc52ae6221768d99a5eaa95b9f') in 0.1944753 seconds
Number of updated asset objects reloaded before import = 0Number of asset objects unloaded after import = 27

========================================================================
Received Import Request.
  Time since last request: 0.000035 seconds.
  path: Assets/03_Prefabs/Gamble/Card.prefab
  artifactKey: Guid(418f16683a9055640b13e84856987e97) Importer(2089858483,0ecaa5967403d082aa24f35e1b516d23)
Start importing Assets/03_Prefabs/Gamble/Card.prefab using Guid(418f16683a9055640b13e84856987e97) Importer(2089858483,0ecaa5967403d082aa24f35e1b516d23) (ScriptedImporter) -> (artifact id: '20227ce44456d5b1b8931ce8561bb745') in 0.132211 seconds
Number of updated asset objects reloaded before import = 0Number of asset objects unloaded after import = 7

========================================================================
Received Import Request.
  Time since last request: 0.000049 seconds.
  path: Assets/03_Prefabs/GameManagementPrefabs/Inventory Context.prefab
  artifactKey: Guid(83621fed7e991b247857f5cc8f5f3a09) Importer(2089858483,0ecaa5967403d082aa24f35e1b516d23)
Start importing Assets/03_Prefabs/GameManagementPrefabs/Inventory Context.prefab using Guid(83621fed7e991b247857f5cc8f5f3a09) Importer(2089858483,0ecaa5967403d082aa24f35e1b516d23) (ScriptedImporter) -> (artifact id: 'c60fdb6c438c26fe36824b3dd0280872') in 0.5290117 seconds
Number of updated asset objects reloaded before import = 0Number of asset objects unloaded after import = 36

========================================================================
Received Import Request.
  Time since last request: 0.000039 seconds.
  path: Assets/Dice2.5D/animations/Dice10Roll2.anim
  artifactKey: Guid(32b6bbe41c305d64faeae9981fcd90bb) Importer(2089858483,0ecaa5967403d082aa24f35e1b516d23)
Start importing Assets/Dice2.5D/animations/Dice10Roll2.anim using Guid(32b6bbe41c305d64faeae9981fcd90bb) Importer(2089858483,0ecaa5967403d082aa24f35e1b516d23) (ScriptedImporter) -> (artifact id: '630d2356cb4a18c1e1399f96396279e5') in 0.0299396 seconds
Number of updated asset objects reloaded before import = 0Number of asset objects unloaded after import = 1

========================================================================
Received Import Request.
  Time since last request: 0.000182 seconds.
  path: Assets/05_Sound/UI/SkillbookSuccess.wav
  artifactKey: Guid(22d661f1fb16b8e46a716e0cd03a9f8b) Importer(2089858483,0ecaa5967403d082aa24f35e1b516d23)
Start importing Assets/05_Sound/UI/SkillbookSuccess.wav using Guid(22d661f1fb16b8e46a716e0cd03a9f8b) Importer(2089858483,0ecaa5967403d082aa24f35e1b516d23) (ScriptedImporter) -> (artifact id: '124da71a63276c02e55f3ab2da070156') in 0.1619719 seconds
Number of updated asset objects reloaded before import = 0Number of asset objects unloaded after import = 1

========================================================================
Received Import Request.
  Time since last request: 0.000032 seconds.
  path: Assets/03_Prefabs/PlayerUnitPrefabs/Female_Leather_01.prefab
  artifactKey: Guid(954b68f3417034040933590bd03c8a6f) Importer(2089858483,0ecaa5967403d082aa24f35e1b516d23)
Start importing Assets/03_Prefabs/PlayerUnitPrefabs/Female_Leather_01.prefab using Guid(954b68f3417034040933590bd03c8a6f) Importer(2089858483,0ecaa5967403d082aa24f35e1b516d23) (ScriptedImporter) -> (artifact id: '8a5fccc7d8349fd3baae454ea8da5df0') in 0.0922431 seconds
Number of updated asset objects reloaded before import = 0Number of asset objects unloaded after import = 125

========================================================================
Received Import Request.
  Time since last request: 0.000038 seconds.
  path: Assets/com.rlabrecque.steamworks.net/Plugins/libsteam_api.so
  artifactKey: Guid(84c3b1e1d4f89ad42aca9ac3476a89f9) Importer(2089858483,0ecaa5967403d082aa24f35e1b516d23)
Start importing Assets/com.rlabrecque.steamworks.net/Plugins/libsteam_api.so using Guid(84c3b1e1d4f89ad42aca9ac3476a89f9) Importer(2089858483,0ecaa5967403d082aa24f35e1b516d23) (ScriptedImporter) -> (artifact id: '7c8ff4906d8ab6d6f74c72ce9eb0dfd9') in 0.0690912 seconds
Number of updated asset objects reloaded before import = 0Number of asset objects unloaded after import = 0

========================================================================
Received Import Request.
  Time since last request: 0.000042 seconds.
  path: Assets/com.rlabrecque.steamworks.net/Runtime/com.rlabrecque.steamworks.net.asmdef
  artifactKey: Guid(68bd7fdb68ef2684e982e8a9825b18a5) Importer(2089858483,0ecaa5967403d082aa24f35e1b516d23)
Start importing Assets/com.rlabrecque.steamworks.net/Runtime/com.rlabrecque.steamworks.net.asmdef using Guid(68bd7fdb68ef2684e982e8a9825b18a5) Importer(2089858483,0ecaa5967403d082aa24f35e1b516d23) (ScriptedImporter) -> (artifact id: '32756ae7fe80948789e2d74feda64667') in 0.0232583 seconds
Number of updated asset objects reloaded before import = 0Number of asset objects unloaded after import = 1

========================================================================
Received Import Request.
  Time since last request: 0.000021 seconds.
  path: Assets/02_Sprites/digits/digit6.png
  artifactKey: Guid(de5729df264e73549b9cc113c3d2163a) Importer(2089858483,0ecaa5967403d082aa24f35e1b516d23)
Start importing Assets/02_Sprites/digits/digit6.png using Guid(de5729df264e73549b9cc113c3d2163a) Importer(2089858483,0ecaa5967403d082aa24f35e1b516d23) (ScriptedImporter) -> (artifact id: '5dacdb0c6baa68a6932b56b124c252f4') in 0.0594529 seconds
Number of updated asset objects reloaded before import = 0Number of asset objects unloaded after import = 3

========================================================================
Received Import Request.
  Time since last request: 0.000027 seconds.
  path: Assets/02_Sprites/MapMark/Gamble.png
  artifactKey: Guid(c0aa62f0903023f459ff49669421c0d4) Importer(2089858483,0ecaa5967403d082aa24f35e1b516d23)
Start importing Assets/02_Sprites/MapMark/Gamble.png using Guid(c0aa62f0903023f459ff49669421c0d4) Importer(2089858483,0ecaa5967403d082aa24f35e1b516d23) (ScriptedImporter) -> (artifact id: '8795a13a52b711f2f28760898d85d112') in 0.083716 seconds
Number of updated asset objects reloaded before import = 0Number of asset objects unloaded after import = 3

========================================================================
Received Import Request.
  Time since last request: 0.000022 seconds.
  path: Assets/03_Prefabs/GameManagementPrefabs/MapController.prefab
  artifactKey: Guid(45c9236c5ebc73c4eb177b3601684d17) Importer(2089858483,0ecaa5967403d082aa24f35e1b516d23)
Start importing Assets/03_Prefabs/GameManagementPrefabs/MapController.prefab using Guid(45c9236c5ebc73c4eb177b3601684d17) Importer(2089858483,0ecaa5967403d082aa24f35e1b516d23) (ScriptedImporter) -> (artifact id: '0bc05fefea33a91f586e63c9d19e42f0') in 0.6234808 seconds
Number of updated asset objects reloaded before import = 0Number of asset objects unloaded after import = 118

========================================================================
Received Import Request.
  Time since last request: 0.000033 seconds.
  path: Assets/02_Sprites/Breakout-C/Breakout-011-C.png
  artifactKey: Guid(8d135c87ac30d82459f487e1ea5c627b) Importer(2089858483,0ecaa5967403d082aa24f35e1b516d23)
Start importing Assets/02_Sprites/Breakout-C/Breakout-011-C.png using Guid(8d135c87ac30d82459f487e1ea5c627b) Importer(2089858483,0ecaa5967403d082aa24f35e1b516d23) (ScriptedImporter) -> (artifact id: '593bfc6b988a7a85f5563a7c07fac787') in 0.0474147 seconds
Number of updated asset objects reloaded before import = 0Number of asset objects unloaded after import = 3

========================================================================
Received Import Request.
  Time since last request: 0.000037 seconds.
  path: Assets/01_Scripts/Item/EquipmentManager.cs
  artifactKey: Guid(8c4a93efe6a90014bac84dda56b97bb1) Importer(2089858483,0ecaa5967403d082aa24f35e1b516d23)
Start importing Assets/01_Scripts/Item/EquipmentManager.cs using Guid(8c4a93efe6a90014bac84dda56b97bb1) Importer(2089858483,0ecaa5967403d082aa24f35e1b516d23) (ScriptedImporter) -> (artifact id: '2e4572c0f21528c83c9531a6a5c06912') in 0.0192409 seconds
Number of updated asset objects reloaded before import = 0Number of asset objects unloaded after import = 0

========================================================================
Received Import Request.
  Time since last request: 0.000111 seconds.
  path: Assets/Resources/BillingMode.json
  artifactKey: Guid(f1aaf41ac4e20443bb6a9cfeb2f7ca5d) Importer(2089858483,0ecaa5967403d082aa24f35e1b516d23)
Start importing Assets/Resources/BillingMode.json using Guid(f1aaf41ac4e20443bb6a9cfeb2f7ca5d) Importer(2089858483,0ecaa5967403d082aa24f35e1b516d23) (ScriptedImporter) -> (artifact id: '6c6ed29d405e1102335cf3b8ab3d38f8') in 0.0252341 seconds
Number of updated asset objects reloaded before import = 0Number of asset objects unloaded after import = 1

========================================================================
Received Import Request.
  Time since last request: 0.000115 seconds.
  path: Assets/00_Scenes/ENDING.unity
  artifactKey: Guid(0165ebdfd6df82448af19202bdf24835) Importer(2089858483,0ecaa5967403d082aa24f35e1b516d23)
Start importing Assets/00_Scenes/ENDING.unity using Guid(0165ebdfd6df82448af19202bdf24835) Importer(2089858483,0ecaa5967403d082aa24f35e1b516d23) (ScriptedImporter) -> (artifact id: 'fd0171b50c785bc587a9df7c8dbdf46e') in 0.0481743 seconds
Number of updated asset objects reloaded before import = 0Number of asset objects unloaded after import = 1

========================================================================
Received Import Request.
  Time since last request: 0.001338 seconds.
  path: Assets/03_Prefabs/HorizontalBoxWithShadow.prefab
  artifactKey: Guid(8a1bce713108e7b4582cba0c622f5903) Importer(2089858483,0ecaa5967403d082aa24f35e1b516d23)
Start importing Assets/03_Prefabs/HorizontalBoxWithShadow.prefab using Guid(8a1bce713108e7b4582cba0c622f5903) Importer(2089858483,0ecaa5967403d082aa24f35e1b516d23) (ScriptedImporter) -> (artifact id: 'e4dbb42d83ba93ddb9e6a4e03f6d4bbf') in 0.6098642 seconds
Number of updated asset objects reloaded before import = 0Number of asset objects unloaded after import = 41

========================================================================
Received Import Request.
  Time since last request: 0.000041 seconds.
  path: Assets/01_Scripts/Unit/MonsterData.cs
  artifactKey: Guid(9165cb4783ce5aa40921b86f46c79231) Importer(2089858483,0ecaa5967403d082aa24f35e1b516d23)
Start importing Assets/01_Scripts/Unit/MonsterData.cs using Guid(9165cb4783ce5aa40921b86f46c79231) Importer(2089858483,0ecaa5967403d082aa24f35e1b516d23) (ScriptedImporter) -> (artifact id: '603f34922d132c0b425af289f4394698') in 0.0249478 seconds
Number of updated asset objects reloaded before import = 0Number of asset objects unloaded after import = 0

========================================================================
Received Import Request.
  Time since last request: 0.000042 seconds.
  path: Assets/01_Scripts/Ending/CreditsController.cs
  artifactKey: Guid(9bfe35403f685b944b4cfaf147316d4d) Importer(2089858483,0ecaa5967403d082aa24f35e1b516d23)
Start importing Assets/01_Scripts/Ending/CreditsController.cs using Guid(9bfe35403f685b944b4cfaf147316d4d) Importer(2089858483,0ecaa5967403d082aa24f35e1b516d23) (ScriptedImporter) -> (artifact id: 'c0768e4f8980703f58935a7d41c34176') in 0.0318506 seconds
Number of updated asset objects reloaded before import = 0Number of asset objects unloaded after import = 0

========================================================================
Received Import Request.
  Time since last request: 0.000041 seconds.
  path: Assets/01_Scripts/Item/InfoPopup.cs
  artifactKey: Guid(9518c4de53cb6154ab069642d77629a4) Importer(2089858483,0ecaa5967403d082aa24f35e1b516d23)
Start importing Assets/01_Scripts/Item/InfoPopup.cs using Guid(9518c4de53cb6154ab069642d77629a4) Importer(2089858483,0ecaa5967403d082aa24f35e1b516d23) (ScriptedImporter) -> (artifact id: 'b9e9c73a6746be3eb65578c3bbf086fd') in 0.0218866 seconds
Number of updated asset objects reloaded before import = 0Number of asset objects unloaded after import = 0

========================================================================
Received Import Request.
  Time since last request: 0.000031 seconds.
  path: Assets/AddressableAssetsData/AssetGroups/Localization-String-Tables-Korean (ko).asset
  artifactKey: Guid(4059fec5f9aba9a449c088687eacf1bd) Importer(2089858483,0ecaa5967403d082aa24f35e1b516d23)
Start importing Assets/AddressableAssetsData/AssetGroups/Localization-String-Tables-Korean (ko).asset using Guid(4059fec5f9aba9a449c088687eacf1bd) Importer(2089858483,0ecaa5967403d082aa24f35e1b516d23) (ScriptedImporter) -> (artifact id: '1ef1b07c3b1542fcd228531aba725a87') in 0.0270184 seconds
Number of updated asset objects reloaded before import = 0Number of asset objects unloaded after import = 1

========================================================================
Received Import Request.
  Time since last request: 0.000021 seconds.
  path: Assets/02_Sprites/digits/digit9.png
  artifactKey: Guid(74046085e0af1224da4c62b71dd18225) Importer(2089858483,0ecaa5967403d082aa24f35e1b516d23)
Start importing Assets/02_Sprites/digits/digit9.png using Guid(74046085e0af1224da4c62b71dd18225) Importer(2089858483,0ecaa5967403d082aa24f35e1b516d23) (ScriptedImporter) -> (artifact id: '9f9b4fba4e48d3e77134c2034d5eb439') in 0.0547222 seconds
Number of updated asset objects reloaded before import = 0Number of asset objects unloaded after import = 3

========================================================================
Received Import Request.
  Time since last request: 0.000036 seconds.
  path: Assets/02_Sprites/Stat Icon/Def.png
  artifactKey: Guid(1980bb77ee12497478d9c703dcbf3918) Importer(2089858483,0ecaa5967403d082aa24f35e1b516d23)
Start importing Assets/02_Sprites/Stat Icon/Def.png using Guid(1980bb77ee12497478d9c703dcbf3918) Importer(2089858483,0ecaa5967403d082aa24f35e1b516d23) (ScriptedImporter) -> (artifact id: 'f2ec74a36ac69515432fbd7d299dda75') in 0.0804297 seconds
Number of updated asset objects reloaded before import = 0Number of asset objects unloaded after import = 3

========================================================================
Received Import Request.
  Time since last request: 0.000029 seconds.
  path: Assets/Resources/DOTweenSettings.asset
  artifactKey: Guid(4a652a6e59517aa40870ab7d1d5c5d45) Importer(2089858483,0ecaa5967403d082aa24f35e1b516d23)
Start importing Assets/Resources/DOTweenSettings.asset using Guid(4a652a6e59517aa40870ab7d1d5c5d45) Importer(2089858483,0ecaa5967403d082aa24f35e1b516d23) (ScriptedImporter) -> (artifact id: '953266b474a18c3bbe28826e04bd544d') in 0.0450454 seconds
Number of updated asset objects reloaded before import = 0Number of asset objects unloaded after import = 1

========================================================================
Received Import Request.
  Time since last request: 0.000045 seconds.
  path: Assets/SerializableDictionary/SerializableDictionary.pdf
  artifactKey: Guid(8eb73a56b3a6ee64ab2c30cac8878d8f) Importer(2089858483,0ecaa5967403d082aa24f35e1b516d23)
Start importing Assets/SerializableDictionary/SerializableDictionary.pdf using Guid(8eb73a56b3a6ee64ab2c30cac8878d8f) Importer(2089858483,0ecaa5967403d082aa24f35e1b516d23) (ScriptedImporter) -> (artifact id: 'e8e5c6ecc2ecf1c4b12e9d707aab8288') in 0.0210015 seconds
Number of updated asset objects reloaded before import = 0Number of asset objects unloaded after import = 1

========================================================================
Received Import Request.
  Time since last request: 0.000913 seconds.
  path: Assets/00_Scenes/LOADING.unity
  artifactKey: Guid(ac6f3697516aacc4e86f34ea7a35d2b7) Importer(2089858483,0ecaa5967403d082aa24f35e1b516d23)
Start importing Assets/00_Scenes/LOADING.unity using Guid(ac6f3697516aacc4e86f34ea7a35d2b7) Importer(2089858483,0ecaa5967403d082aa24f35e1b516d23) (ScriptedImporter) -> (artifact id: '36139d0d64a8b5a8f0ecccc876e30074') in 0.0234389 seconds
Number of updated asset objects reloaded before import = 0Number of asset objects unloaded after import = 1

========================================================================
Received Import Request.
  Time since last request: 15.466342 seconds.
  path: Assets/Dice2.5D/animations/Dice10Roll5.anim
  artifactKey: Guid(0c7fecdf0f266324bad106da06232ca1) Importer(2089858483,0ecaa5967403d082aa24f35e1b516d23)
Start importing Assets/Dice2.5D/animations/Dice10Roll5.anim using Guid(0c7fecdf0f266324bad106da06232ca1) Importer(2089858483,0ecaa5967403d082aa24f35e1b516d23) (ScriptedImporter) -> (artifact id: 'f07f1e1622a9c1bb9e0834d4cd572dc2') in 0.0647996 seconds
Number of updated asset objects reloaded before import = 0Number of asset objects unloaded after import = 1

========================================================================
Received Import Request.
  Time since last request: 0.000302 seconds.
  path: Assets/Dice2.5D/Audio/roll.wav
  artifactKey: Guid(b298e844703000e4699654da7a11755a) Importer(2089858483,0ecaa5967403d082aa24f35e1b516d23)
Start importing Assets/Dice2.5D/Audio/roll.wav using Guid(b298e844703000e4699654da7a11755a) Importer(2089858483,0ecaa5967403d082aa24f35e1b516d23) (ScriptedImporter) -> (artifact id: 'ded162b0e3acb35a163be76c51ffb2da') in 1.1412227 seconds
Number of updated asset objects reloaded before import = 0Number of asset objects unloaded after import = 1

========================================================================
Received Import Request.
  Time since last request: 0.000042 seconds.
  path: Assets/TextMesh Pro/Shaders/TMPro_Mobile.cginc
  artifactKey: Guid(c334973cef89a9840b0b0c507e0377ab) Importer(2089858483,0ecaa5967403d082aa24f35e1b516d23)
Start importing Assets/TextMesh Pro/Shaders/TMPro_Mobile.cginc using Guid(c334973cef89a9840b0b0c507e0377ab) Importer(2089858483,0ecaa5967403d082aa24f35e1b516d23) (ScriptedImporter) -> (artifact id: '23ee5d72e82f8259d2df21fc39461cb0') in 0.175788 seconds
Number of updated asset objects reloaded before import = 0Number of asset objects unloaded after import = 1

========================================================================
Received Import Request.
  Time since last request: 0.002563 seconds.
  path: Assets/TextMesh Pro/Shaders/TMPro.cginc
  artifactKey: Guid(407bc68d299748449bbf7f48ee690f8d) Importer(2089858483,0ecaa5967403d082aa24f35e1b516d23)
Start importing Assets/TextMesh Pro/Shaders/TMPro.cginc using Guid(407bc68d299748449bbf7f48ee690f8d) Importer(2089858483,0ecaa5967403d082aa24f35e1b516d23) (ScriptedImporter) -> (artifact id: 'dd0f893d1aa86076ae98e4f197408313') in 0.4892088 seconds
Number of updated asset objects reloaded before import = 0Number of asset objects unloaded after import = 1

========================================================================
Received Import Request.
  Time since last request: 0.008000 seconds.
  path: Assets/02_Sprites/ItemIcon/Armor/21.png
  artifactKey: Guid(e132de74034e7f74e949187731e9a8ab) Importer(2089858483,0ecaa5967403d082aa24f35e1b516d23)
Start importing Assets/02_Sprites/ItemIcon/Armor/21.png using Guid(e132de74034e7f74e949187731e9a8ab) Importer(2089858483,0ecaa5967403d082aa24f35e1b516d23) (ScriptedImporter) -> (artifact id: '5697e3d92dc71bb86e3d6d72bf680788') in 4.2075917 seconds
Number of updated asset objects reloaded before import = 0Number of asset objects unloaded after import = 3

========================================================================
Received Import Request.
  Time since last request: 0.000031 seconds.
  path: Assets/TextMesh Pro/Shaders/TMP_SDF-Mobile Overlay.shader
  artifactKey: Guid(a02a7d8c237544f1962732b55a9aebf1) Importer(2089858483,0ecaa5967403d082aa24f35e1b516d23)
Start importing Assets/TextMesh Pro/Shaders/TMP_SDF-Mobile Overlay.shader using Guid(a02a7d8c237544f1962732b55a9aebf1) Importer(2089858483,0ecaa5967403d082aa24f35e1b516d23) (ScriptedImporter) -> (artifact id: '962740b55dc4dc5475d3602569e0aa1b') in 0.6195442 seconds
Number of updated asset objects reloaded before import = 0Number of asset objects unloaded after import = 1

========================================================================
Received Import Request.
  Time since last request: 0.000039 seconds.
  path: Assets/TextMesh Pro/Shaders/SDFFunctions.hlsl
  artifactKey: Guid(96de908384869cd409c75efa351d5edf) Importer(2089858483,0ecaa5967403d082aa24f35e1b516d23)
Start importing Assets/TextMesh Pro/Shaders/SDFFunctions.hlsl using Guid(96de908384869cd409c75efa351d5edf) Importer(2089858483,0ecaa5967403d082aa24f35e1b516d23) (ScriptedImporter) -> (artifact id: '34befec45a25fadb14ff86f6b65ba561') in 0.058558 seconds
Number of updated asset objects reloaded before import = 0Number of asset objects unloaded after import = 1

========================================================================
Received Import Request.
  Time since last request: 0.000086 seconds.
  path: Assets/Dice2.5D/Textures/dice10_7.png
  artifactKey: Guid(2f94aaa15d6653f49a3c78166666f5cf) Importer(2089858483,0ecaa5967403d082aa24f35e1b516d23)
Start importing Assets/Dice2.5D/Textures/dice10_7.png using Guid(2f94aaa15d6653f49a3c78166666f5cf) Importer(2089858483,0ecaa5967403d082aa24f35e1b516d23) (ScriptedImporter) -> (artifact id: '491e69575e9239312c58cb97fa182644') in 0.497246 seconds
Number of updated asset objects reloaded before import = 0Number of asset objects unloaded after import = 26

========================================================================
Received Import Request.
  Time since last request: 0.000038 seconds.
  path: Assets/Editor Default Resources/MasterAudio/helpIcon.png
  artifactKey: Guid(427395c60f3076b409d4e2d75eadd6a0) Importer(2089858483,0ecaa5967403d082aa24f35e1b516d23)
Start importing Assets/Editor Default Resources/MasterAudio/helpIcon.png using Guid(427395c60f3076b409d4e2d75eadd6a0) Importer(2089858483,0ecaa5967403d082aa24f35e1b516d23) (ScriptedImporter) -> (artifact id: '414c3a603f17a4de29cb67bcfbcdcda5') in 0.1488684 seconds
Number of updated asset objects reloaded before import = 0Number of asset objects unloaded after import = 1

========================================================================
Received Import Request.
  Time since last request: 0.000039 seconds.
  path: Assets/Editor Default Resources/MasterAudio/pauseIconOn.png
  artifactKey: Guid(3c5ed2167039597448e501e053bc8461) Importer(2089858483,0ecaa5967403d082aa24f35e1b516d23)
Start importing Assets/Editor Default Resources/MasterAudio/pauseIconOn.png using Guid(3c5ed2167039597448e501e053bc8461) Importer(2089858483,0ecaa5967403d082aa24f35e1b516d23) (ScriptedImporter) -> (artifact id: '6837574cd67bb5c43d5b5ae383a83681') in 0.4448798 seconds
Number of updated asset objects reloaded before import = 0Number of asset objects unloaded after import = 1

========================================================================
Received Import Request.
  Time since last request: 0.000064 seconds.
  path: Assets/Font/TFF/완주대둔산체 Bold.ttf
  artifactKey: Guid(d6de1cef14492084c990cb4559ab56a9) Importer(2089858483,0ecaa5967403d082aa24f35e1b516d23)
Start importing Assets/Font/TFF/완주대둔산체 Bold.ttf using Guid(d6de1cef14492084c990cb4559ab56a9) Importer(2089858483,0ecaa5967403d082aa24f35e1b516d23) (ScriptedImporter) -> (artifact id: 'ade9aaa470ade04e074a123f6a21a26d') in 7.1237884 seconds
Number of updated asset objects reloaded before import = 0Number of asset objects unloaded after import = 3

========================================================================
Received Import Request.
  Time since last request: 0.000106 seconds.
  path: Assets/02_Sprites/ItemIcon/Armor/44.png
  artifactKey: Guid(572796941e9d494499e23ed0d9ae1f57) Importer(2089858483,0ecaa5967403d082aa24f35e1b516d23)
Start importing Assets/02_Sprites/ItemIcon/Armor/44.png using Guid(572796941e9d494499e23ed0d9ae1f57) Importer(2089858483,0ecaa5967403d082aa24f35e1b516d23) (ScriptedImporter) -> (artifact id: 'af18b645c177d6bdeeb853ef7eeae73c') in 5.6360551 seconds
Number of updated asset objects reloaded before import = 0Number of asset objects unloaded after import = 3

========================================================================
Received Import Request.
  Time since last request: 0.009321 seconds.
  path: Assets/02_Sprites/ItemIcon/Armor/47.png
  artifactKey: Guid(ee45241acd4863742bc10f88e10ce93d) Importer(2089858483,0ecaa5967403d082aa24f35e1b516d23)
Start importing Assets/02_Sprites/ItemIcon/Armor/47.png using Guid(ee45241acd4863742bc10f88e10ce93d) Importer(2089858483,0ecaa5967403d082aa24f35e1b516d23) (ScriptedImporter) -> (artifact id: 'f7c3b01222e595a1816fbee7c0f74ca0') in 0.2067056 seconds
Number of updated asset objects reloaded before import = 0Number of asset objects unloaded after import = 3

========================================================================
Received Import Request.
  Time since last request: 0.015803 seconds.
  path: Assets/Dice2.5D/Prefabs/dice_and_floor.prefab
  artifactKey: Guid(1c390da3fad879643875816dd35c86f1) Importer(2089858483,0ecaa5967403d082aa24f35e1b516d23)
Start importing Assets/Dice2.5D/Prefabs/dice_and_floor.prefab using Guid(1c390da3fad879643875816dd35c86f1) Importer(2089858483,0ecaa5967403d082aa24f35e1b516d23) (ScriptedImporter) -> (artifact id: '72dc75bd4cc2293fbf5bbf5e2454257b') in 1.1066704 seconds
Number of updated asset objects reloaded before import = 0Number of asset objects unloaded after import = 18

========================================================================
Received Import Request.
  Time since last request: 0.000031 seconds.
  path: Assets/TextMesh Pro/Shaders/TMP_Bitmap-Custom-Atlas.shader
  artifactKey: Guid(48bb5f55d8670e349b6e614913f9d910) Importer(2089858483,0ecaa5967403d082aa24f35e1b516d23)
Start importing Assets/TextMesh Pro/Shaders/TMP_Bitmap-Custom-Atlas.shader using Guid(48bb5f55d8670e349b6e614913f9d910) Importer(2089858483,0ecaa5967403d082aa24f35e1b516d23) (ScriptedImporter) -> (artifact id: '7c745017e849b2d59a4ccb4522ca4685') in 1.6588162 seconds
Number of updated asset objects reloaded before import = 0Number of asset objects unloaded after import = 1

========================================================================
Received Import Request.
  Time since last request: 0.000344 seconds.
  path: Assets/Dice2.5D/Textures/dice10_8.png
  artifactKey: Guid(f25f28f2e4a58ed489e9d2efefe12532) Importer(2089858483,0ecaa5967403d082aa24f35e1b516d23)
Start importing Assets/Dice2.5D/Textures/dice10_8.png using Guid(f25f28f2e4a58ed489e9d2efefe12532) Importer(2089858483,0ecaa5967403d082aa24f35e1b516d23) (ScriptedImporter) -> (artifact id: 'dfabb60564a1be27647041d42fbe9d0f') in 2.624512 seconds
Number of updated asset objects reloaded before import = 0Number of asset objects unloaded after import = 26

========================================================================
Received Import Request.
  Time since last request: 0.026210 seconds.
  path: Assets/Dice2.5D/animations/DiceRoll5.anim
  artifactKey: Guid(dec28c25e5044834d9ecdac46eb41333) Importer(2089858483,0ecaa5967403d082aa24f35e1b516d23)
Start importing Assets/Dice2.5D/animations/DiceRoll5.anim using Guid(dec28c25e5044834d9ecdac46eb41333) Importer(2089858483,0ecaa5967403d082aa24f35e1b516d23) (ScriptedImporter) -> (artifact id: '0845237834f60714b44e71bc50f25276') in 0.1255219 seconds
Number of updated asset objects reloaded before import = 0Number of asset objects unloaded after import = 1

========================================================================
Received Import Request.
  Time since last request: 0.000231 seconds.
  path: Assets/02_Sprites/ItemIcon/Armor/36.png
  artifactKey: Guid(f661a92af809f5e439513cc0ec8dbafb) Importer(2089858483,0ecaa5967403d082aa24f35e1b516d23)
Start importing Assets/02_Sprites/ItemIcon/Armor/36.png using Guid(f661a92af809f5e439513cc0ec8dbafb) Importer(2089858483,0ecaa5967403d082aa24f35e1b516d23) (ScriptedImporter) -> (artifact id: '853410c823631e45efb2710b6a1cc7ac') in 0.1721654 seconds
Number of updated asset objects reloaded before import = 0Number of asset objects unloaded after import = 3

========================================================================
Received Import Request.
  Time since last request: 0.000027 seconds.
  path: Assets/Dice2.5D/animations/Dice10Rolling.anim
  artifactKey: Guid(403b81289049ec04da148782990b81e4) Importer(2089858483,0ecaa5967403d082aa24f35e1b516d23)
Start importing Assets/Dice2.5D/animations/Dice10Rolling.anim using Guid(403b81289049ec04da148782990b81e4) Importer(2089858483,0ecaa5967403d082aa24f35e1b516d23) (ScriptedImporter) -> (artifact id: '7347dfa2a17bedc41f26a0b20f4e5c25') in 0.1625577 seconds
Number of updated asset objects reloaded before import = 0Number of asset objects unloaded after import = 1

========================================================================
Received Import Request.
  Time since last request: 0.000317 seconds.
  path: Assets/02_Sprites/ItemIcon/Armor/3.png
  artifactKey: Guid(155c1dadbefb9d347846936a3d9e6516) Importer(2089858483,0ecaa5967403d082aa24f35e1b516d23)
Start importing Assets/02_Sprites/ItemIcon/Armor/3.png using Guid(155c1dadbefb9d347846936a3d9e6516) Importer(2089858483,0ecaa5967403d082aa24f35e1b516d23) (ScriptedImporter) -> (artifact id: '6e18fc6bd7d70fd6605617b8dcb8d241') in 0.0854638 seconds
Number of updated asset objects reloaded before import = 0Number of asset objects unloaded after import = 3

========================================================================
Received Import Request.
  Time since last request: 0.000529 seconds.
  path: Assets/01_Scripts/Gamble/GhostLeg/HorizontalLine.cs
  artifactKey: Guid(ca3748c4a75722342aad9721bfa50680) Importer(2089858483,0ecaa5967403d082aa24f35e1b516d23)
Start importing Assets/01_Scripts/Gamble/GhostLeg/HorizontalLine.cs using Guid(ca3748c4a75722342aad9721bfa50680) Importer(2089858483,0ecaa5967403d082aa24f35e1b516d23) (ScriptedImporter) -> (artifact id: 'd272210ad69e3feda5803bf989e1140b') in 0.0385662 seconds
Number of updated asset objects reloaded before import = 0Number of asset objects unloaded after import = 0

========================================================================
Received Import Request.
  Time since last request: 0.000746 seconds.
  path: Assets/TextMesh Pro/Documentation/TextMesh Pro User Guide 2016.pdf
  artifactKey: Guid(1b8d251f9af63b746bf2f7ffe00ebb9b) Importer(2089858483,0ecaa5967403d082aa24f35e1b516d23)
Start importing Assets/TextMesh Pro/Documentation/TextMesh Pro User Guide 2016.pdf using Guid(1b8d251f9af63b746bf2f7ffe00ebb9b) Importer(2089858483,0ecaa5967403d082aa24f35e1b516d23) (ScriptedImporter) -> (artifact id: 'a9ff0454ac687aa00eb40a7d72ede9bd') in 0.0529009 seconds
Number of updated asset objects reloaded before import = 0Number of asset objects unloaded after import = 1

========================================================================
Received Import Request.
  Time since last request: 0.000962 seconds.
  path: Assets/Dice2.5D/Textures/dice10_9.png
  artifactKey: Guid(102420d45f2635540b6307b2446b5169) Importer(2089858483,0ecaa5967403d082aa24f35e1b516d23)
Start importing Assets/Dice2.5D/Textures/dice10_9.png using Guid(102420d45f2635540b6307b2446b5169) Importer(2089858483,0ecaa5967403d082aa24f35e1b516d23) (ScriptedImporter) -> (artifact id: 'a3e5d7f54e4c2b1cfd24ae4b4eb315f8') in 0.843137 seconds
Number of updated asset objects reloaded before import = 0Number of asset objects unloaded after import = 26

========================================================================
Received Import Request.
  Time since last request: 0.000049 seconds.
  path: Assets/02_Sprites/ItemIcon/Consumable/H003.png
  artifactKey: Guid(265938a602debc144b3da0941fce8f10) Importer(2089858483,0ecaa5967403d082aa24f35e1b516d23)
Start importing Assets/02_Sprites/ItemIcon/Consumable/H003.png using Guid(265938a602debc144b3da0941fce8f10) Importer(2089858483,0ecaa5967403d082aa24f35e1b516d23) (ScriptedImporter) -> (artifact id: '9d7ef988d5e4a34b1ffcfa5e4bee49b1') in 0.1363057 seconds
Number of updated asset objects reloaded before import = 0Number of asset objects unloaded after import = 3

========================================================================
Received Import Request.
  Time since last request: 0.000411 seconds.
  path: Assets/02_Sprites/ItemIcon/Consumable/H002.png
  artifactKey: Guid(d77163eb2ffa3854bbd58e6e11cce159) Importer(2089858483,0ecaa5967403d082aa24f35e1b516d23)
Start importing Assets/02_Sprites/ItemIcon/Consumable/H002.png using Guid(d77163eb2ffa3854bbd58e6e11cce159) Importer(2089858483,0ecaa5967403d082aa24f35e1b516d23) (ScriptedImporter) -> (artifact id: '70ee823f24d82713e8cec9569ab8c3a0') in 0.1938756 seconds
Number of updated asset objects reloaded before import = 0Number of asset objects unloaded after import = 3

========================================================================
Received Import Request.
  Time since last request: 0.007947 seconds.
  path: Assets/01_Scripts/Gamble/Dice/DiceRoll.cs
  artifactKey: Guid(babd88f7935dc8a41b71b4cacd8c6748) Importer(2089858483,0ecaa5967403d082aa24f35e1b516d23)
Start importing Assets/01_Scripts/Gamble/Dice/DiceRoll.cs using Guid(babd88f7935dc8a41b71b4cacd8c6748) Importer(2089858483,0ecaa5967403d082aa24f35e1b516d23) (ScriptedImporter) -> (artifact id: '5efedbda1e71351bdc0ec728a9328ab2') in 0.0951521 seconds
Number of updated asset objects reloaded before import = 0Number of asset objects unloaded after import = 0

========================================================================
Received Import Request.
  Time since last request: 0.000235 seconds.
  path: Assets/02_Sprites/ItemIcon/Armor/32.png
  artifactKey: Guid(66ca2b829ed85cd4ca3e62df6ebaa530) Importer(2089858483,0ecaa5967403d082aa24f35e1b516d23)
Start importing Assets/02_Sprites/ItemIcon/Armor/32.png using Guid(66ca2b829ed85cd4ca3e62df6ebaa530) Importer(2089858483,0ecaa5967403d082aa24f35e1b516d23) (ScriptedImporter) -> (artifact id: '46c097023fec773dcb0b1a566d68bf0d') in 0.1280913 seconds
Number of updated asset objects reloaded before import = 0Number of asset objects unloaded after import = 3

========================================================================
Received Import Request.
  Time since last request: 0.000033 seconds.
  path: Assets/TextMesh Pro/Sprites/EmojiOne Attribution.txt
  artifactKey: Guid(381dcb09d5029d14897e55f98031fca5) Importer(2089858483,0ecaa5967403d082aa24f35e1b516d23)
Start importing Assets/TextMesh Pro/Sprites/EmojiOne Attribution.txt using Guid(381dcb09d5029d14897e55f98031fca5) Importer(2089858483,0ecaa5967403d082aa24f35e1b516d23) (ScriptedImporter) -> (artifact id: '71c559dd82aa2bebd6573f25cfb15193') in 0.1080046 seconds
Number of updated asset objects reloaded before import = 0Number of asset objects unloaded after import = 1

========================================================================
Received Import Request.
  Time since last request: 0.000308 seconds.
  path: Assets/TextMesh Pro/Shaders/TMP_SDF-Mobile Masking.shader
  artifactKey: Guid(bc1ede39bf3643ee8e493720e4259791) Importer(2089858483,0ecaa5967403d082aa24f35e1b516d23)
Start importing Assets/TextMesh Pro/Shaders/TMP_SDF-Mobile Masking.shader using Guid(bc1ede39bf3643ee8e493720e4259791) Importer(2089858483,0ecaa5967403d082aa24f35e1b516d23) (ScriptedImporter) -> (artifact id: '39b51e4fb16af536b17623de839a361c') in 0.2771016 seconds
Number of updated asset objects reloaded before import = 0Number of asset objects unloaded after import = 1

========================================================================
Received Import Request.
  Time since last request: 0.007155 seconds.
  path: Assets/02_Sprites/ItemIcon/Armor/41.png
  artifactKey: Guid(1d89fe8e279d316498c4cd3bdb64ff9c) Importer(2089858483,0ecaa5967403d082aa24f35e1b516d23)
Start importing Assets/02_Sprites/ItemIcon/Armor/41.png using Guid(1d89fe8e279d316498c4cd3bdb64ff9c) Importer(2089858483,0ecaa5967403d082aa24f35e1b516d23) (ScriptedImporter) -> (artifact id: 'd5338efefd8f780a7cb8991fe71b2ef4') in 0.2232567 seconds
Number of updated asset objects reloaded before import = 0Number of asset objects unloaded after import = 3

========================================================================
Received Import Request.
  Time since last request: 0.000036 seconds.
  path: Assets/TextMesh Pro/Fonts/LiberationSans.ttf
  artifactKey: Guid(e3265ab4bf004d28a9537516768c1c75) Importer(2089858483,0ecaa5967403d082aa24f35e1b516d23)
Start importing Assets/TextMesh Pro/Fonts/LiberationSans.ttf using Guid(e3265ab4bf004d28a9537516768c1c75) Importer(2089858483,0ecaa5967403d082aa24f35e1b516d23) (ScriptedImporter) -> (artifact id: '170b2916aaeb61a4acac1d70de00cf68') in 0.0881051 seconds
Number of updated asset objects reloaded before import = 0Number of asset objects unloaded after import = 3

========================================================================
Received Import Request.
  Time since last request: 0.000049 seconds.
  path: Assets/TextMesh Pro/Shaders/TMP_Bitmap.shader
  artifactKey: Guid(128e987d567d4e2c824d754223b3f3b0) Importer(2089858483,0ecaa5967403d082aa24f35e1b516d23)
Start importing Assets/TextMesh Pro/Shaders/TMP_Bitmap.shader using Guid(128e987d567d4e2c824d754223b3f3b0) Importer(2089858483,0ecaa5967403d082aa24f35e1b516d23) (ScriptedImporter) -> (artifact id: '99e8546c153cf07339cd7910f657a1d4') in 0.0786705 seconds
Number of updated asset objects reloaded before import = 0Number of asset objects unloaded after import = 1

========================================================================
Received Import Request.
  Time since last request: 0.000666 seconds.
  path: Assets/02_Sprites/ItemIcon/Armor/11.png
  artifactKey: Guid(5a0f195d4dc9b2d49b5a4d294e33c332) Importer(2089858483,0ecaa5967403d082aa24f35e1b516d23)
Start importing Assets/02_Sprites/ItemIcon/Armor/11.png using Guid(5a0f195d4dc9b2d49b5a4d294e33c332) Importer(2089858483,0ecaa5967403d082aa24f35e1b516d23) (ScriptedImporter) -> (artifact id: '47108174f255ff8e529d4723d8e1cda8') in 0.0919267 seconds
Number of updated asset objects reloaded before import = 0Number of asset objects unloaded after import = 3

========================================================================
Received Import Request.
  Time since last request: 0.000029 seconds.
  path: Assets/Dice2.5D/Prefabs/Dice_3DTex.prefab
  artifactKey: Guid(e2b4ea610bb32b04486912c63705004f) Importer(2089858483,0ecaa5967403d082aa24f35e1b516d23)
Start importing Assets/Dice2.5D/Prefabs/Dice_3DTex.prefab using Guid(e2b4ea610bb32b04486912c63705004f) Importer(2089858483,0ecaa5967403d082aa24f35e1b516d23) (ScriptedImporter) -> (artifact id: '47c4c835683395c80fe8882a11cd1e2c') in 2.2444107 seconds
Number of updated asset objects reloaded before import = 0Number of asset objects unloaded after import = 13

========================================================================
Received Import Request.
  Time since last request: 0.000038 seconds.
  path: Assets/02_Sprites/ItemIcon/Jewelry/27.png
  artifactKey: Guid(4de0a3eb0c0562d4ba4c7f7dc11b4600) Importer(2089858483,0ecaa5967403d082aa24f35e1b516d23)
Start importing Assets/02_Sprites/ItemIcon/Jewelry/27.png using Guid(4de0a3eb0c0562d4ba4c7f7dc11b4600) Importer(2089858483,0ecaa5967403d082aa24f35e1b516d23) (ScriptedImporter) -> (artifact id: 'cd11c02612bc1cceac9a91fddf256b6a') in 0.1134595 seconds
Number of updated asset objects reloaded before import = 0Number of asset objects unloaded after import = 3

========================================================================
Received Import Request.
  Time since last request: 0.000037 seconds.
  path: Assets/02_Sprites/ItemIcon/Jewelry/17.png
  artifactKey: Guid(349db1fcae4d93a48bb43052f27e0747) Importer(2089858483,0ecaa5967403d082aa24f35e1b516d23)
Start importing Assets/02_Sprites/ItemIcon/Jewelry/17.png using Guid(349db1fcae4d93a48bb43052f27e0747) Importer(2089858483,0ecaa5967403d082aa24f35e1b516d23) (ScriptedImporter) -> (artifact id: '7bb6fa9dd64ab5a6d2d3ff02c2952e9b') in 0.1360789 seconds
Number of updated asset objects reloaded before import = 0Number of asset objects unloaded after import = 3

========================================================================
Received Import Request.
  Time since last request: 0.002403 seconds.
  path: Assets/02_Sprites/ItemIcon/Jewelry/24.png
  artifactKey: Guid(8e8b89aa2b3b0514b869407a22b5115b) Importer(2089858483,0ecaa5967403d082aa24f35e1b516d23)
Start importing Assets/02_Sprites/ItemIcon/Jewelry/24.png using Guid(8e8b89aa2b3b0514b869407a22b5115b) Importer(2089858483,0ecaa5967403d082aa24f35e1b516d23) (ScriptedImporter) -> (artifact id: 'e95bf8a784ac761770cfcab206ecd601') in 0.0984704 seconds
Number of updated asset objects reloaded before import = 0Number of asset objects unloaded after import = 3

========================================================================
Received Import Request.
  Time since last request: 0.000027 seconds.
  path: Assets/02_Sprites/ItemIcon/Jewelry/30.png
  artifactKey: Guid(b1ffd08ab8a971246aa87367a9eca762) Importer(2089858483,0ecaa5967403d082aa24f35e1b516d23)
Start importing Assets/02_Sprites/ItemIcon/Jewelry/30.png using Guid(b1ffd08ab8a971246aa87367a9eca762) Importer(2089858483,0ecaa5967403d082aa24f35e1b516d23) (ScriptedImporter) -> (artifact id: 'c8990d1be07e9147131035a6b1b460c6') in 0.1034132 seconds
Number of updated asset objects reloaded before import = 0Number of asset objects unloaded after import = 3

========================================================================
Received Import Request.
  Time since last request: 0.000046 seconds.
  path: Assets/02_Sprites/ItemIcon/Armor/5.png
  artifactKey: Guid(b5c2a5c6af78c4b42b509cfd2222d0fe) Importer(2089858483,0ecaa5967403d082aa24f35e1b516d23)
Start importing Assets/02_Sprites/ItemIcon/Armor/5.png using Guid(b5c2a5c6af78c4b42b509cfd2222d0fe) Importer(2089858483,0ecaa5967403d082aa24f35e1b516d23) (ScriptedImporter) -> (artifact id: '46ba7cc30def6d322bde5d9caa8f9af1') in 0.0758707 seconds
Number of updated asset objects reloaded before import = 0Number of asset objects unloaded after import = 3

========================================================================
Received Import Request.
  Time since last request: 0.000023 seconds.
  path: Assets/TextMesh Pro/Shaders/TMP_SDF SSD.shader
  artifactKey: Guid(14eb328de4b8eb245bb7cea29e4ac00b) Importer(2089858483,0ecaa5967403d082aa24f35e1b516d23)
Start importing Assets/TextMesh Pro/Shaders/TMP_SDF SSD.shader using Guid(14eb328de4b8eb245bb7cea29e4ac00b) Importer(2089858483,0ecaa5967403d082aa24f35e1b516d23) (ScriptedImporter) -> (artifact id: '8f231d6c2a966ce3bf3d2f07daa0d1c4') in 0.0708651 seconds
Number of updated asset objects reloaded before import = 0Number of asset objects unloaded after import = 1

========================================================================
Received Import Request.
  Time since last request: 0.000055 seconds.
  path: Assets/02_Sprites/ItemIcon/Jewelry/1.png
  artifactKey: Guid(5ea1f0305c240844f9d8ca800bad44d8) Importer(2089858483,0ecaa5967403d082aa24f35e1b516d23)
Start importing Assets/02_Sprites/ItemIcon/Jewelry/1.png using Guid(5ea1f0305c240844f9d8ca800bad44d8) Importer(2089858483,0ecaa5967403d082aa24f35e1b516d23) (ScriptedImporter) -> (artifact id: 'b8d06dcfd357a465532db37f19254c68') in 0.0906479 seconds
Number of updated asset objects reloaded before import = 0Number of asset objects unloaded after import = 3

========================================================================
Received Import Request.
  Time since last request: 0.000036 seconds.
  path: Assets/Editor Default Resources/MasterAudio/cancel.png
  artifactKey: Guid(fdbd2ddf9476bd943a807037650ef7ec) Importer(2089858483,0ecaa5967403d082aa24f35e1b516d23)
Start importing Assets/Editor Default Resources/MasterAudio/cancel.png using Guid(fdbd2ddf9476bd943a807037650ef7ec) Importer(2089858483,0ecaa5967403d082aa24f35e1b516d23) (ScriptedImporter) -> (artifact id: 'e03c3f49b2d1f040dbda2bde048d3551') in 0.0831217 seconds
Number of updated asset objects reloaded before import = 0Number of asset objects unloaded after import = 1

========================================================================
Received Import Request.
  Time since last request: 0.000617 seconds.
  path: Assets/02_Sprites/ItemIcon/Armor/8.png
  artifactKey: Guid(eddc146895eaa0447a8dfd901d31d0e9) Importer(2089858483,0ecaa5967403d082aa24f35e1b516d23)
Start importing Assets/02_Sprites/ItemIcon/Armor/8.png using Guid(eddc146895eaa0447a8dfd901d31d0e9) Importer(2089858483,0ecaa5967403d082aa24f35e1b516d23) (ScriptedImporter) -> (artifact id: '365b2ae75dc8dff312b6067531f5bb71') in 0.0662524 seconds
Number of updated asset objects reloaded before import = 0Number of asset objects unloaded after import = 3

========================================================================
Received Import Request.
  Time since last request: 0.000359 seconds.
  path: Assets/Dice2.5D/animations/Dice10Roll8.anim
  artifactKey: Guid(e57f75787ff9ea24a8c67af268dc2380) Importer(2089858483,0ecaa5967403d082aa24f35e1b516d23)
Start importing Assets/Dice2.5D/animations/Dice10Roll8.anim using Guid(e57f75787ff9ea24a8c67af268dc2380) Importer(2089858483,0ecaa5967403d082aa24f35e1b516d23) (ScriptedImporter) -> (artifact id: 'e920ee48f7a337a0b23c68fd54bb5844') in 0.0523638 seconds
Number of updated asset objects reloaded before import = 0Number of asset objects unloaded after import = 1

========================================================================
Received Import Request.
  Time since last request: 0.000030 seconds.
  path: Assets/02_Sprites/ItemIcon/Consumable/P004.png
  artifactKey: Guid(e1fcc655c7bd4b940ad9721cb70d4270) Importer(2089858483,0ecaa5967403d082aa24f35e1b516d23)
Start importing Assets/02_Sprites/ItemIcon/Consumable/P004.png using Guid(e1fcc655c7bd4b940ad9721cb70d4270) Importer(2089858483,0ecaa5967403d082aa24f35e1b516d23) (ScriptedImporter) -> (artifact id: 'e2de8989a7cca3e387131319cc0f922c') in 0.0877564 seconds
Number of updated asset objects reloaded before import = 0Number of asset objects unloaded after import = 3

========================================================================
Received Import Request.
  Time since last request: 0.000029 seconds.
  path: Assets/Dice2.5D/Textures/dice_all_l.png
  artifactKey: Guid(01b561f0139fb3846805691822188156) Importer(2089858483,0ecaa5967403d082aa24f35e1b516d23)
Start importing Assets/Dice2.5D/Textures/dice_all_l.png using Guid(01b561f0139fb3846805691822188156) Importer(2089858483,0ecaa5967403d082aa24f35e1b516d23) (ScriptedImporter) -> (artifact id: '2a0add56ab92e1a05fc57ab493c63b59') in 1.0235923 seconds
Number of updated asset objects reloaded before import = 0Number of asset objects unloaded after import = 114

========================================================================
Received Import Request.
  Time since last request: 0.000071 seconds.
  path: Assets/02_Sprites/ItemIcon/Jewelry/5.png
  artifactKey: Guid(336b755c65e3c2f44a0ad32292720f94) Importer(2089858483,0ecaa5967403d082aa24f35e1b516d23)
Start importing Assets/02_Sprites/ItemIcon/Jewelry/5.png using Guid(336b755c65e3c2f44a0ad32292720f94) Importer(2089858483,0ecaa5967403d082aa24f35e1b516d23) (ScriptedImporter) -> (artifact id: '4abf5bb7b0144332ca39ea350adf01e6') in 0.0922713 seconds
Number of updated asset objects reloaded before import = 0Number of asset objects unloaded after import = 3

========================================================================
Received Import Request.
  Time since last request: 0.000260 seconds.
  path: Assets/02_Sprites/ItemIcon/Consumable/H001.png
  artifactKey: Guid(6b382eec61b20c148800be4def10c292) Importer(2089858483,0ecaa5967403d082aa24f35e1b516d23)
Start importing Assets/02_Sprites/ItemIcon/Consumable/H001.png using Guid(6b382eec61b20c148800be4def10c292) Importer(2089858483,0ecaa5967403d082aa24f35e1b516d23) (ScriptedImporter) -> (artifact id: '190f2c06538e4986a5e9893399cb9a85') in 0.0837268 seconds
Number of updated asset objects reloaded before import = 0Number of asset objects unloaded after import = 3

========================================================================
Received Import Request.
  Time since last request: 0.002838 seconds.
  path: Assets/02_Sprites/ItemIcon/Jewelry/33.png
  artifactKey: Guid(104cdb26975764249a9a5eb11714ae22) Importer(2089858483,0ecaa5967403d082aa24f35e1b516d23)
Start importing Assets/02_Sprites/ItemIcon/Jewelry/33.png using Guid(104cdb26975764249a9a5eb11714ae22) Importer(2089858483,0ecaa5967403d082aa24f35e1b516d23) (ScriptedImporter) -> (artifact id: '421304deb6b153550631dd760b3f6df9') in 0.1478772 seconds
Number of updated asset objects reloaded before import = 0Number of asset objects unloaded after import = 3

========================================================================
Received Import Request.
  Time since last request: 0.004828 seconds.
  path: Assets/Dice2.5D/animations/DiceRoll1.anim
  artifactKey: Guid(6e7f1c15dea64fe46bda3c6b558a38d1) Importer(2089858483,0ecaa5967403d082aa24f35e1b516d23)
Start importing Assets/Dice2.5D/animations/DiceRoll1.anim using Guid(6e7f1c15dea64fe46bda3c6b558a38d1) Importer(2089858483,0ecaa5967403d082aa24f35e1b516d23) (ScriptedImporter) -> (artifact id: '3b39780a82158c31bf34be3523725b65') in 0.170537 seconds
Number of updated asset objects reloaded before import = 0Number of asset objects unloaded after import = 1

========================================================================
Received Import Request.
  Time since last request: 0.000022 seconds.
  path: Assets/TextMesh Pro/Shaders/TMP_Bitmap-Mobile.shader
  artifactKey: Guid(1e3b057af24249748ff873be7fafee47) Importer(2089858483,0ecaa5967403d082aa24f35e1b516d23)
Start importing Assets/TextMesh Pro/Shaders/TMP_Bitmap-Mobile.shader using Guid(1e3b057af24249748ff873be7fafee47) Importer(2089858483,0ecaa5967403d082aa24f35e1b516d23) (ScriptedImporter) -> (artifact id: 'a666268deff40070205d6e87c22b1a20') in 0.0473145 seconds
Number of updated asset objects reloaded before import = 0Number of asset objects unloaded after import = 1

========================================================================
Received Import Request.
  Time since last request: 0.000210 seconds.
  path: Assets/02_Sprites/ItemIcon/Armor/37.png
  artifactKey: Guid(93b250cacc80c614b8868d195d4eaa5a) Importer(2089858483,0ecaa5967403d082aa24f35e1b516d23)
Start importing Assets/02_Sprites/ItemIcon/Armor/37.png using Guid(93b250cacc80c614b8868d195d4eaa5a) Importer(2089858483,0ecaa5967403d082aa24f35e1b516d23) (ScriptedImporter) -> (artifact id: 'daafef266b1f5a08f4b46e930b6f0c5a') in 0.1311165 seconds
Number of updated asset objects reloaded before import = 0Number of asset objects unloaded after import = 3

========================================================================
Received Import Request.
  Time since last request: 0.000356 seconds.
  path: Assets/02_Sprites/ItemIcon/Jewelry/15.png
  artifactKey: Guid(08630816beb582a4d94d398a781a944d) Importer(2089858483,0ecaa5967403d082aa24f35e1b516d23)
Start importing Assets/02_Sprites/ItemIcon/Jewelry/15.png using Guid(08630816beb582a4d94d398a781a944d) Importer(2089858483,0ecaa5967403d082aa24f35e1b516d23) (ScriptedImporter) -> (artifact id: 'e3baaf6819be1b4b936fcdbe0b6e773e') in 0.0888285 seconds
Number of updated asset objects reloaded before import = 0Number of asset objects unloaded after import = 3

========================================================================
Received Import Request.
  Time since last request: 0.000031 seconds.
  path: Assets/02_Sprites/ItemIcon/Rune/1.png
  artifactKey: Guid(0caa561bc8f586e44835560812079668) Importer(2089858483,0ecaa5967403d082aa24f35e1b516d23)
Start importing Assets/02_Sprites/ItemIcon/Rune/1.png using Guid(0caa561bc8f586e44835560812079668) Importer(2089858483,0ecaa5967403d082aa24f35e1b516d23) (ScriptedImporter) -> (artifact id: 'd28c668ad9c7ca44fe90827f23671f9e') in 0.0921882 seconds
Number of updated asset objects reloaded before import = 0Number of asset objects unloaded after import = 3

========================================================================
Received Import Request.
  Time since last request: 0.000031 seconds.
  path: Assets/02_Sprites/ItemIcon/Armor/33.png
  artifactKey: Guid(aeb5f1d9aa7dc154f9fcb91f688c4354) Importer(2089858483,0ecaa5967403d082aa24f35e1b516d23)
Start importing Assets/02_Sprites/ItemIcon/Armor/33.png using Guid(aeb5f1d9aa7dc154f9fcb91f688c4354) Importer(2089858483,0ecaa5967403d082aa24f35e1b516d23) (ScriptedImporter) -> (artifact id: '9e39563e89a035ffe90b4910894f8f9d') in 0.1010121 seconds
Number of updated asset objects reloaded before import = 0Number of asset objects unloaded after import = 3

========================================================================
Received Import Request.
  Time since last request: 0.000032 seconds.
  path: Assets/02_Sprites/ItemIcon/Jewelry/50.png
  artifactKey: Guid(c8e5e9d9744b7a54bbe474114a95d9e2) Importer(2089858483,0ecaa5967403d082aa24f35e1b516d23)
Start importing Assets/02_Sprites/ItemIcon/Jewelry/50.png using Guid(c8e5e9d9744b7a54bbe474114a95d9e2) Importer(2089858483,0ecaa5967403d082aa24f35e1b516d23) (ScriptedImporter) -> (artifact id: '22c341ef5e3a0e79e77ca6f434f8e1df') in 0.172039 seconds
Number of updated asset objects reloaded before import = 0Number of asset objects unloaded after import = 3

========================================================================
Received Import Request.
  Time since last request: 0.004566 seconds.
  path: Assets/02_Sprites/ItemIcon/Armor/9.png
  artifactKey: Guid(8932330e92f2a0f4cbf7afe65b54ceeb) Importer(2089858483,0ecaa5967403d082aa24f35e1b516d23)
Start importing Assets/02_Sprites/ItemIcon/Armor/9.png using Guid(8932330e92f2a0f4cbf7afe65b54ceeb) Importer(2089858483,0ecaa5967403d082aa24f35e1b516d23) (ScriptedImporter) -> (artifact id: '91ba4b3966966a29e7bfbbf37a594829') in 0.1085662 seconds
Number of updated asset objects reloaded before import = 0Number of asset objects unloaded after import = 3

========================================================================
Received Import Request.
  Time since last request: 0.003909 seconds.
  path: Assets/Dice2.5D/Materials/UnlitVolumeTransparent.mat
  artifactKey: Guid(813667c4b9d21d447accbbc636f8beb5) Importer(2089858483,0ecaa5967403d082aa24f35e1b516d23)
Start importing Assets/Dice2.5D/Materials/UnlitVolumeTransparent.mat using Guid(813667c4b9d21d447accbbc636f8beb5) Importer(2089858483,0ecaa5967403d082aa24f35e1b516d23) (ScriptedImporter) -> (artifact id: '6facec89f86b23e79bb3852309c68c83') in 0.0807994 seconds
Number of updated asset objects reloaded before import = 0Number of asset objects unloaded after import = 3

========================================================================
Received Import Request.
  Time since last request: 0.000045 seconds.
  path: Assets/TextMesh Pro/Shaders/TMP_SDF-Surface.shader
  artifactKey: Guid(f7ada0af4f174f0694ca6a487b8f543d) Importer(2089858483,0ecaa5967403d082aa24f35e1b516d23)
Start importing Assets/TextMesh Pro/Shaders/TMP_SDF-Surface.shader using Guid(f7ada0af4f174f0694ca6a487b8f543d) Importer(2089858483,0ecaa5967403d082aa24f35e1b516d23) (ScriptedImporter) -> (artifact id: 'cac755a8427151195187449827ac3e0e') in 0.052785 seconds
Number of updated asset objects reloaded before import = 0Number of asset objects unloaded after import = 1

========================================================================
Received Import Request.
  Time since last request: 0.000044 seconds.
  path: Assets/02_Sprites/ItemIcon/Armor/28.png
  artifactKey: Guid(d7e5f2cca52cb0c4a87bb0926730d478) Importer(2089858483,0ecaa5967403d082aa24f35e1b516d23)
Start importing Assets/02_Sprites/ItemIcon/Armor/28.png using Guid(d7e5f2cca52cb0c4a87bb0926730d478) Importer(2089858483,0ecaa5967403d082aa24f35e1b516d23) (ScriptedImporter) -> (artifact id: '5affe4bf8e1e3fa630020a7e82651a8d') in 0.1083937 seconds
Number of updated asset objects reloaded before import = 0Number of asset objects unloaded after import = 3

========================================================================
Received Import Request.
  Time since last request: 0.000038 seconds.
  path: Assets/Editor Default Resources/MasterAudio/LED0.png
  artifactKey: Guid(d548ab6f6e0a2c54090f201fabb9db71) Importer(2089858483,0ecaa5967403d082aa24f35e1b516d23)
Start importing Assets/Editor Default Resources/MasterAudio/LED0.png using Guid(d548ab6f6e0a2c54090f201fabb9db71) Importer(2089858483,0ecaa5967403d082aa24f35e1b516d23) (ScriptedImporter) -> (artifact id: 'd760dae5b71bd54067fcb3e88c6102c6') in 0.0848743 seconds
Number of updated asset objects reloaded before import = 0Number of asset objects unloaded after import = 1

========================================================================
Received Import Request.
  Time since last request: 0.001217 seconds.
  path: Assets/Editor Default Resources/MasterAudio/muteOff.png
  artifactKey: Guid(13e160eda06e25546a8ebca4cc2459f9) Importer(2089858483,0ecaa5967403d082aa24f35e1b516d23)
Start importing Assets/Editor Default Resources/MasterAudio/muteOff.png using Guid(13e160eda06e25546a8ebca4cc2459f9) Importer(2089858483,0ecaa5967403d082aa24f35e1b516d23) (ScriptedImporter) -> (artifact id: '60fc3bfa412fbd9182300626b1b65b0d') in 0.1079085 seconds
Number of updated asset objects reloaded before import = 0Number of asset objects unloaded after import = 1

========================================================================
Received Import Request.
  Time since last request: 0.001178 seconds.
  path: Assets/02_Sprites/ItemIcon/Consumable/P011.png
  artifactKey: Guid(ab1dbcc4c9755e3409413b999266f9b2) Importer(2089858483,0ecaa5967403d082aa24f35e1b516d23)
Start importing Assets/02_Sprites/ItemIcon/Consumable/P011.png using Guid(ab1dbcc4c9755e3409413b999266f9b2) Importer(2089858483,0ecaa5967403d082aa24f35e1b516d23) (ScriptedImporter) -> (artifact id: 'a966ffea8c4d0c90f5d3d0c2635800bd') in 0.1843227 seconds
Number of updated asset objects reloaded before import = 0Number of asset objects unloaded after import = 3

========================================================================
Received Import Request.
  Time since last request: 0.000034 seconds.
  path: Assets/02_Sprites/ItemIcon/Jewelry/14.png
  artifactKey: Guid(6f86843d4bf648647bf03a7702195f3d) Importer(2089858483,0ecaa5967403d082aa24f35e1b516d23)
Start importing Assets/02_Sprites/ItemIcon/Jewelry/14.png using Guid(6f86843d4bf648647bf03a7702195f3d) Importer(2089858483,0ecaa5967403d082aa24f35e1b516d23) (ScriptedImporter) -> (artifact id: '71661c3b0c97433ae23a4877858001e1') in 0.076463 seconds
Number of updated asset objects reloaded before import = 0Number of asset objects unloaded after import = 3

========================================================================
Received Import Request.
  Time since last request: 0.000042 seconds.
  path: Assets/02_Sprites/ItemIcon/Consumable/P005.png
  artifactKey: Guid(3a47f57fc9c5a124b92dc517922bc013) Importer(2089858483,0ecaa5967403d082aa24f35e1b516d23)
Start importing Assets/02_Sprites/ItemIcon/Consumable/P005.png using Guid(3a47f57fc9c5a124b92dc517922bc013) Importer(2089858483,0ecaa5967403d082aa24f35e1b516d23) (ScriptedImporter) -> (artifact id: '1c303cb53b0523f9c4f4886a73d51033') in 0.1231475 seconds
Number of updated asset objects reloaded before import = 0Number of asset objects unloaded after import = 3

========================================================================
Received Import Request.
  Time since last request: 0.000057 seconds.
  path: Assets/01_Scripts/StaticManager/Localization/LocalizationManager.cs
  artifactKey: Guid(6bdf1f81ddb81f64b87ab0b38aa6021f) Importer(2089858483,0ecaa5967403d082aa24f35e1b516d23)
Start importing Assets/01_Scripts/StaticManager/Localization/LocalizationManager.cs using Guid(6bdf1f81ddb81f64b87ab0b38aa6021f) Importer(2089858483,0ecaa5967403d082aa24f35e1b516d23) (ScriptedImporter) -> (artifact id: '6f261899b2cea68332eb01a77c46c274') in 0.0409835 seconds
Number of updated asset objects reloaded before import = 0Number of asset objects unloaded after import = 0

========================================================================
Received Import Request.
  Time since last request: 0.000082 seconds.
  path: Assets/02_Sprites/ItemIcon/MagicStone/MS005.png
  artifactKey: Guid(ec4c9fc9daaf11b43b71c07f077bd5b9) Importer(2089858483,0ecaa5967403d082aa24f35e1b516d23)
Start importing Assets/02_Sprites/ItemIcon/MagicStone/MS005.png using Guid(ec4c9fc9daaf11b43b71c07f077bd5b9) Importer(2089858483,0ecaa5967403d082aa24f35e1b516d23) (ScriptedImporter) -> (artifact id: '00773a3a9ffadbb361234ef7acde7784') in 0.0929744 seconds
Number of updated asset objects reloaded before import = 0Number of asset objects unloaded after import = 3

========================================================================
Received Import Request.
  Time since last request: 0.000035 seconds.
  path: Assets/02_Sprites/ItemIcon/Jewelry/37.png
  artifactKey: Guid(2cf5c00da62206b48ae0cf78ea1933f7) Importer(2089858483,0ecaa5967403d082aa24f35e1b516d23)
Start importing Assets/02_Sprites/ItemIcon/Jewelry/37.png using Guid(2cf5c00da62206b48ae0cf78ea1933f7) Importer(2089858483,0ecaa5967403d082aa24f35e1b516d23) (ScriptedImporter) -> (artifact id: '2a813eae1d4504b00cbc37448ca7dfd8') in 0.1716696 seconds
Number of updated asset objects reloaded before import = 0Number of asset objects unloaded after import = 3

========================================================================
Received Import Request.
  Time since last request: 0.003800 seconds.
  path: Assets/02_Sprites/ItemIcon/Armor/48.png
  artifactKey: Guid(bb43cd0cb884a8e40b522fb1d4fa5d41) Importer(2089858483,0ecaa5967403d082aa24f35e1b516d23)
Start importing Assets/02_Sprites/ItemIcon/Armor/48.png using Guid(bb43cd0cb884a8e40b522fb1d4fa5d41) Importer(2089858483,0ecaa5967403d082aa24f35e1b516d23) (ScriptedImporter) -> (artifact id: '3baf36392d0ec40adadd94e465505348') in 0.0959149 seconds
Number of updated asset objects reloaded before import = 0Number of asset objects unloaded after import = 3

========================================================================
Received Import Request.
  Time since last request: 0.000524 seconds.
  path: Assets/02_Sprites/ItemIcon/Rune/17.png
  artifactKey: Guid(591462a45c9be9a44bf4be82808cf5b7) Importer(2089858483,0ecaa5967403d082aa24f35e1b516d23)
Start importing Assets/02_Sprites/ItemIcon/Rune/17.png using Guid(591462a45c9be9a44bf4be82808cf5b7) Importer(2089858483,0ecaa5967403d082aa24f35e1b516d23) (ScriptedImporter) -> (artifact id: '3b7d936957a62251b397735f8dc236ea') in 0.1462391 seconds
Number of updated asset objects reloaded before import = 0Number of asset objects unloaded after import = 3

========================================================================
Received Import Request.
  Time since last request: 0.004105 seconds.
  path: Assets/02_Sprites/ItemIcon/Rune/40.png
  artifactKey: Guid(175cdef6d1e75964989c3bd525a6fb78) Importer(2089858483,0ecaa5967403d082aa24f35e1b516d23)
Start importing Assets/02_Sprites/ItemIcon/Rune/40.png using Guid(175cdef6d1e75964989c3bd525a6fb78) Importer(2089858483,0ecaa5967403d082aa24f35e1b516d23) (ScriptedImporter) -> (artifact id: 'cc9953c8168f0e7507d438605e8ffa46') in 0.1504928 seconds
Number of updated asset objects reloaded before import = 0Number of asset objects unloaded after import = 3

========================================================================
Received Import Request.
  Time since last request: 0.000032 seconds.
  path: Assets/02_Sprites/ItemIcon/Rune/24.png
  artifactKey: Guid(0196b07963b03f7409754ccafe845cda) Importer(2089858483,0ecaa5967403d082aa24f35e1b516d23)
Start importing Assets/02_Sprites/ItemIcon/Rune/24.png using Guid(0196b07963b03f7409754ccafe845cda) Importer(2089858483,0ecaa5967403d082aa24f35e1b516d23) (ScriptedImporter) -> (artifact id: '2f658f77ecf25c6779fe33b602128d61') in 0.1375549 seconds
Number of updated asset objects reloaded before import = 0Number of asset objects unloaded after import = 3

========================================================================
Received Import Request.
  Time since last request: 0.000035 seconds.
  path: Assets/02_Sprites/ItemIcon/Rune/22.png
  artifactKey: Guid(749c1523ad5538c49a24a9d6c1a234e6) Importer(2089858483,0ecaa5967403d082aa24f35e1b516d23)
Start importing Assets/02_Sprites/ItemIcon/Rune/22.png using Guid(749c1523ad5538c49a24a9d6c1a234e6) Importer(2089858483,0ecaa5967403d082aa24f35e1b516d23) (ScriptedImporter) -> (artifact id: '6bdeb45926e4516a48de91904c3a30f5') in 0.1294762 seconds
Number of updated asset objects reloaded before import = 0Number of asset objects unloaded after import = 3

========================================================================
Received Import Request.
  Time since last request: 0.000044 seconds.
  path: Assets/02_Sprites/ItemIcon/Rune/44.png
  artifactKey: Guid(a0106029004d00140b2dd30000071069) Importer(2089858483,0ecaa5967403d082aa24f35e1b516d23)
Start importing Assets/02_Sprites/ItemIcon/Rune/44.png using Guid(a0106029004d00140b2dd30000071069) Importer(2089858483,0ecaa5967403d082aa24f35e1b516d23) (ScriptedImporter) -> (artifact id: 'a9c7cdc9c873f88bcb09456e743b7fd3') in 0.1709549 seconds
Number of updated asset objects reloaded before import = 0Number of asset objects unloaded after import = 3

========================================================================
Received Import Request.
  Time since last request: 0.000032 seconds.
  path: Assets/02_Sprites/ItemIcon/Rune/2.png
  artifactKey: Guid(a0548074d5512fe43ae8d783edd7140a) Importer(2089858483,0ecaa5967403d082aa24f35e1b516d23)
Start importing Assets/02_Sprites/ItemIcon/Rune/2.png using Guid(a0548074d5512fe43ae8d783edd7140a) Importer(2089858483,0ecaa5967403d082aa24f35e1b516d23) (ScriptedImporter) -> (artifact id: '670b4de85d7beed62595a565726166d0') in 0.0920521 seconds
Number of updated asset objects reloaded before import = 0Number of asset objects unloaded after import = 3

========================================================================
Received Import Request.
  Time since last request: 0.000040 seconds.
  path: Assets/02_Sprites/ItemIcon/Rune/48.png
  artifactKey: Guid(b86cc83c6ec625a40bf0bf9da721b2b6) Importer(2089858483,0ecaa5967403d082aa24f35e1b516d23)
Start importing Assets/02_Sprites/ItemIcon/Rune/48.png using Guid(b86cc83c6ec625a40bf0bf9da721b2b6) Importer(2089858483,0ecaa5967403d082aa24f35e1b516d23) (ScriptedImporter) -> (artifact id: '948ddc1895ed4145ee4ba14bb888cac4') in 0.1401809 seconds
Number of updated asset objects reloaded before import = 0Number of asset objects unloaded after import = 3

========================================================================
Received Import Request.
  Time since last request: 0.000056 seconds.
  path: Assets/02_Sprites/ItemIcon/Rune/6.png
  artifactKey: Guid(c1a92eaa441705a499784fc6e8db05f9) Importer(2089858483,0ecaa5967403d082aa24f35e1b516d23)
Start importing Assets/02_Sprites/ItemIcon/Rune/6.png using Guid(c1a92eaa441705a499784fc6e8db05f9) Importer(2089858483,0ecaa5967403d082aa24f35e1b516d23) (ScriptedImporter) -> (artifact id: '01511869797c5441c0868c0463311814') in 0.1302304 seconds
Number of updated asset objects reloaded before import = 0Number of asset objects unloaded after import = 3

========================================================================
Received Import Request.
  Time since last request: 0.000156 seconds.
  path: Assets/02_Sprites/ItemIcon/Rune/31.png
  artifactKey: Guid(5242c625029c26b4e814a1c4f138cf9b) Importer(2089858483,0ecaa5967403d082aa24f35e1b516d23)
Start importing Assets/02_Sprites/ItemIcon/Rune/31.png using Guid(5242c625029c26b4e814a1c4f138cf9b) Importer(2089858483,0ecaa5967403d082aa24f35e1b516d23) (ScriptedImporter) -> (artifact id: '94e056f7118c228667ad654e1948d7e6') in 0.0991759 seconds
Number of updated asset objects reloaded before import = 0Number of asset objects unloaded after import = 3

========================================================================
Received Import Request.
  Time since last request: 0.000033 seconds.
  path: Assets/02_Sprites/ItemIcon/Rune/7.png
  artifactKey: Guid(cc3a49dc1b4fbc643b62c28477aa5fa2) Importer(2089858483,0ecaa5967403d082aa24f35e1b516d23)
Start importing Assets/02_Sprites/ItemIcon/Rune/7.png using Guid(cc3a49dc1b4fbc643b62c28477aa5fa2) Importer(2089858483,0ecaa5967403d082aa24f35e1b516d23) (ScriptedImporter) -> (artifact id: '5632dc72b1462660656282126efce9bc') in 0.1355108 seconds
Number of updated asset objects reloaded before import = 0Number of asset objects unloaded after import = 3

========================================================================
Received Import Request.
  Time since last request: 0.000046 seconds.
  path: Assets/02_Sprites/ItemIcon/Rune/23.png
  artifactKey: Guid(a98f7d216490dba4ba6327a3e18deb04) Importer(2089858483,0ecaa5967403d082aa24f35e1b516d23)
Start importing Assets/02_Sprites/ItemIcon/Rune/23.png using Guid(a98f7d216490dba4ba6327a3e18deb04) Importer(2089858483,0ecaa5967403d082aa24f35e1b516d23) (ScriptedImporter) -> (artifact id: '16c87cbb799a2ad0e094dfde7bf06619') in 0.2144919 seconds
Number of updated asset objects reloaded before import = 0Number of asset objects unloaded after import = 3

========================================================================
Received Import Request.
  Time since last request: 0.004043 seconds.
  path: Assets/02_Sprites/ItemIcon/Rune/8.png
  artifactKey: Guid(1fcb6de87a1ec684f85245b35482611e) Importer(2089858483,0ecaa5967403d082aa24f35e1b516d23)
Start importing Assets/02_Sprites/ItemIcon/Rune/8.png using Guid(1fcb6de87a1ec684f85245b35482611e) Importer(2089858483,0ecaa5967403d082aa24f35e1b516d23) (ScriptedImporter) -> (artifact id: '535eee99902e3f38eeb17c18e1cb6830') in 0.1168267 seconds
Number of updated asset objects reloaded before import = 0Number of asset objects unloaded after import = 3

========================================================================
Received Import Request.
  Time since last request: 0.000037 seconds.
  path: Assets/02_Sprites/ItemIcon/Rune/39.png
  artifactKey: Guid(2c7a6d80c89e1c94aba0b997b581c4a9) Importer(2089858483,0ecaa5967403d082aa24f35e1b516d23)
Start importing Assets/02_Sprites/ItemIcon/Rune/39.png using Guid(2c7a6d80c89e1c94aba0b997b581c4a9) Importer(2089858483,0ecaa5967403d082aa24f35e1b516d23) (ScriptedImporter) -> (artifact id: '86c08baa4ebd23707ffa0789a39a97f1') in 0.0750735 seconds
Number of updated asset objects reloaded before import = 0Number of asset objects unloaded after import = 3

========================================================================
Received Import Request.
  Time since last request: 0.001265 seconds.
  path: Assets/02_Sprites/ItemIcon/Rune/37.png
  artifactKey: Guid(0d3c7974918f573408af8dd2c28722db) Importer(2089858483,0ecaa5967403d082aa24f35e1b516d23)
Start importing Assets/02_Sprites/ItemIcon/Rune/37.png using Guid(0d3c7974918f573408af8dd2c28722db) Importer(2089858483,0ecaa5967403d082aa24f35e1b516d23) (ScriptedImporter) -> (artifact id: '8a2b44cee03ed4d0f1a68277599f6e4c') in 0.0863297 seconds
Number of updated asset objects reloaded before import = 0Number of asset objects unloaded after import = 3

========================================================================
Received Import Request.
  Time since last request: 0.000025 seconds.
  path: Assets/TextMesh Pro/Shaders/TMP_SDF-URP Unlit.shadergraph
  artifactKey: Guid(124c112a6e8f1a54e8b0870e881b56d8) Importer(2089858483,0ecaa5967403d082aa24f35e1b516d23)
Start importing Assets/TextMesh Pro/Shaders/TMP_SDF-URP Unlit.shadergraph using Guid(124c112a6e8f1a54e8b0870e881b56d8) Importer(2089858483,0ecaa5967403d082aa24f35e1b516d23) (ScriptedImporter) -> (artifact id: '5c213dd9087cab14f219fe30004b5157') in 0.2916962 seconds
Number of updated asset objects reloaded before import = 0Number of asset objects unloaded after import = 5

========================================================================
Received Import Request.
  Time since last request: 0.000072 seconds.
  path: Assets/Font/TFF/NanumGothicLight.ttf
  artifactKey: Guid(66e08a924352fd54dbdebefc55b070b5) Importer(2089858483,0ecaa5967403d082aa24f35e1b516d23)
Start importing Assets/Font/TFF/NanumGothicLight.ttf using Guid(66e08a924352fd54dbdebefc55b070b5) Importer(2089858483,0ecaa5967403d082aa24f35e1b516d23) (ScriptedImporter) -> (artifact id: 'f9610608c8482fbd9873d7844cdee1f7') in 0.1528949 seconds
Number of updated asset objects reloaded before import = 0Number of asset objects unloaded after import = 3

========================================================================
Received Import Request.
  Time since last request: 0.000042 seconds.
  path: Assets/02_Sprites/ItemIcon/Jewelry/22.png
  artifactKey: Guid(287cf58632a41204f9469c7ad8d7245c) Importer(2089858483,0ecaa5967403d082aa24f35e1b516d23)
Start importing Assets/02_Sprites/ItemIcon/Jewelry/22.png using Guid(287cf58632a41204f9469c7ad8d7245c) Importer(2089858483,0ecaa5967403d082aa24f35e1b516d23) (ScriptedImporter) -> (artifact id: 'ef919127700442085183ef1f159e1578') in 0.1266258 seconds
Number of updated asset objects reloaded before import = 0Number of asset objects unloaded after import = 3

========================================================================
Received Import Request.
  Time since last request: 0.000660 seconds.
  path: Assets/02_Sprites/ItemIcon/Armor/25.png
  artifactKey: Guid(4497861a8f1eab44c912b59d490f8971) Importer(2089858483,0ecaa5967403d082aa24f35e1b516d23)
Start importing Assets/02_Sprites/ItemIcon/Armor/25.png using Guid(4497861a8f1eab44c912b59d490f8971) Importer(2089858483,0ecaa5967403d082aa24f35e1b516d23) (ScriptedImporter) -> (artifact id: 'b61324b36855b42da31566c1a4c4314a') in 0.1039056 seconds
Number of updated asset objects reloaded before import = 0Number of asset objects unloaded after import = 3

========================================================================
Received Import Request.
  Time since last request: 0.000035 seconds.
  path: Assets/02_Sprites/ItemIcon/Armor/12.png
  artifactKey: Guid(a239b6956b5c9354caa504d69d1bf721) Importer(2089858483,0ecaa5967403d082aa24f35e1b516d23)
Start importing Assets/02_Sprites/ItemIcon/Armor/12.png using Guid(a239b6956b5c9354caa504d69d1bf721) Importer(2089858483,0ecaa5967403d082aa24f35e1b516d23) (ScriptedImporter) -> (artifact id: '6a67a6e2d448d30430e2213fc861ec6a') in 0.1248425 seconds
Number of updated asset objects reloaded before import = 0Number of asset objects unloaded after import = 3

========================================================================
Received Import Request.
  Time since last request: 0.005169 seconds.
  path: Assets/02_Sprites/ItemIcon/Jewelry/4.png
  artifactKey: Guid(6c1e4faccedd535489eb6d046f374b4f) Importer(2089858483,0ecaa5967403d082aa24f35e1b516d23)
Start importing Assets/02_Sprites/ItemIcon/Jewelry/4.png using Guid(6c1e4faccedd535489eb6d046f374b4f) Importer(2089858483,0ecaa5967403d082aa24f35e1b516d23) (ScriptedImporter) -> (artifact id: '436263cbe5847b4d5c7562dc730485f6') in 0.0786474 seconds
Number of updated asset objects reloaded before import = 0Number of asset objects unloaded after import = 3

========================================================================
Received Import Request.
  Time since last request: 0.000028 seconds.
  path: Assets/02_Sprites/ItemIcon/Rune/42.png
  artifactKey: Guid(1de2bff6e7d1e914296a3cdebcd3b03b) Importer(2089858483,0ecaa5967403d082aa24f35e1b516d23)
Start importing Assets/02_Sprites/ItemIcon/Rune/42.png using Guid(1de2bff6e7d1e914296a3cdebcd3b03b) Importer(2089858483,0ecaa5967403d082aa24f35e1b516d23) (ScriptedImporter) -> (artifact id: '6cb5f121aa3eed56680ab53d2d1d220a') in 0.0843548 seconds
Number of updated asset objects reloaded before import = 0Number of asset objects unloaded after import = 3

========================================================================
Received Import Request.
  Time since last request: 0.000031 seconds.
  path: Assets/02_Sprites/ItemIcon/Jewelry/47.png
  artifactKey: Guid(2e6d5042cc4e0f045a5e2b0c8f08b103) Importer(2089858483,0ecaa5967403d082aa24f35e1b516d23)
Start importing Assets/02_Sprites/ItemIcon/Jewelry/47.png using Guid(2e6d5042cc4e0f045a5e2b0c8f08b103) Importer(2089858483,0ecaa5967403d082aa24f35e1b516d23) (ScriptedImporter) -> (artifact id: 'd8112d4cf39fb453d22e21a6201bf0ea') in 0.1021693 seconds
Number of updated asset objects reloaded before import = 0Number of asset objects unloaded after import = 3

========================================================================
Received Import Request.
  Time since last request: 0.000452 seconds.
  path: Assets/02_Sprites/ItemIcon/Rune/30.png
  artifactKey: Guid(4276872e9feaaa14fbb78b06de14b401) Importer(2089858483,0ecaa5967403d082aa24f35e1b516d23)
Start importing Assets/02_Sprites/ItemIcon/Rune/30.png using Guid(4276872e9feaaa14fbb78b06de14b401) Importer(2089858483,0ecaa5967403d082aa24f35e1b516d23) (ScriptedImporter) -> (artifact id: '2d83bb64df840d19d826a630675bd28b') in 0.0703055 seconds
Number of updated asset objects reloaded before import = 0Number of asset objects unloaded after import = 3

========================================================================
Received Import Request.
  Time since last request: 0.000025 seconds.
  path: Assets/02_Sprites/ItemIcon/Staff/16.png
  artifactKey: Guid(30376df33c893984980e06563a01c4ce) Importer(2089858483,0ecaa5967403d082aa24f35e1b516d23)
Start importing Assets/02_Sprites/ItemIcon/Staff/16.png using Guid(30376df33c893984980e06563a01c4ce) Importer(2089858483,0ecaa5967403d082aa24f35e1b516d23) (ScriptedImporter) -> (artifact id: 'e91870bcc5ac215d908ead5cb8711a72') in 0.0796438 seconds
Number of updated asset objects reloaded before import = 0Number of asset objects unloaded after import = 3

========================================================================
Received Import Request.
  Time since last request: 0.000030 seconds.
  path: Assets/02_Sprites/ItemIcon/Staff/22.png
  artifactKey: Guid(b8596a94c7dd53543a36e7537850de24) Importer(2089858483,0ecaa5967403d082aa24f35e1b516d23)
Start importing Assets/02_Sprites/ItemIcon/Staff/22.png using Guid(b8596a94c7dd53543a36e7537850de24) Importer(2089858483,0ecaa5967403d082aa24f35e1b516d23) (ScriptedImporter) -> (artifact id: '389b7fef50a63728e76644bdb9368d99') in 0.0792911 seconds
Number of updated asset objects reloaded before import = 0Number of asset objects unloaded after import = 3

========================================================================
Received Import Request.
  Time since last request: 0.000060 seconds.
  path: Assets/02_Sprites/ItemIcon/Staff/26.png
  artifactKey: Guid(d38d2d48cf3cd4643ba5bd96434aa6e6) Importer(2089858483,0ecaa5967403d082aa24f35e1b516d23)
Start importing Assets/02_Sprites/ItemIcon/Staff/26.png using Guid(d38d2d48cf3cd4643ba5bd96434aa6e6) Importer(2089858483,0ecaa5967403d082aa24f35e1b516d23) (ScriptedImporter) -> (artifact id: '2ff601bf9fda333b09c4b645c08580dd') in 0.1116606 seconds
Number of updated asset objects reloaded before import = 0Number of asset objects unloaded after import = 3

========================================================================
Received Import Request.
  Time since last request: 0.000034 seconds.
  path: Assets/02_Sprites/ItemIcon/Staff/19.png
  artifactKey: Guid(5afc8229a70c2dd4a9b2c50ef4de2dbf) Importer(2089858483,0ecaa5967403d082aa24f35e1b516d23)
Start importing Assets/02_Sprites/ItemIcon/Staff/19.png using Guid(5afc8229a70c2dd4a9b2c50ef4de2dbf) Importer(2089858483,0ecaa5967403d082aa24f35e1b516d23) (ScriptedImporter) -> (artifact id: '16bde45511d4c74a736002597aaaba7c') in 0.1246946 seconds
Number of updated asset objects reloaded before import = 0Number of asset objects unloaded after import = 3

========================================================================
Received Import Request.
  Time since last request: 0.000042 seconds.
  path: Assets/02_Sprites/ItemIcon/Staff/41.png
  artifactKey: Guid(3d4b74d823ec5ba4693217dbcc6f017a) Importer(2089858483,0ecaa5967403d082aa24f35e1b516d23)
Start importing Assets/02_Sprites/ItemIcon/Staff/41.png using Guid(3d4b74d823ec5ba4693217dbcc6f017a) Importer(2089858483,0ecaa5967403d082aa24f35e1b516d23) (ScriptedImporter) -> (artifact id: 'd515ada809b1cc308e6115f3f6f8674a') in 0.069362 seconds
Number of updated asset objects reloaded before import = 0Number of asset objects unloaded after import = 3

========================================================================
Received Import Request.
  Time since last request: 0.000047 seconds.
  path: Assets/02_Sprites/ItemIcon/Staff/36.png
  artifactKey: Guid(4aacded394d3826458271be1e2d51bd1) Importer(2089858483,0ecaa5967403d082aa24f35e1b516d23)
Start importing Assets/02_Sprites/ItemIcon/Staff/36.png using Guid(4aacded394d3826458271be1e2d51bd1) Importer(2089858483,0ecaa5967403d082aa24f35e1b516d23) (ScriptedImporter) -> (artifact id: 'a2739a9c2437728921f0e6803b6611e7') in 0.0843274 seconds
Number of updated asset objects reloaded before import = 0Number of asset objects unloaded after import = 3

========================================================================
Received Import Request.
  Time since last request: 0.000043 seconds.
  path: Assets/02_Sprites/ItemIcon/Staff/35.png
  artifactKey: Guid(eec51a425704dbc458832dfad058c37f) Importer(2089858483,0ecaa5967403d082aa24f35e1b516d23)
Start importing Assets/02_Sprites/ItemIcon/Staff/35.png using Guid(eec51a425704dbc458832dfad058c37f) Importer(2089858483,0ecaa5967403d082aa24f35e1b516d23) (ScriptedImporter) -> (artifact id: 'fac336fd92d726109402edb6dd75e5d9') in 0.1061771 seconds
Number of updated asset objects reloaded before import = 0Number of asset objects unloaded after import = 3

========================================================================
Received Import Request.
  Time since last request: 0.000450 seconds.
  path: Assets/02_Sprites/ItemIcon/Staff/45.png
  artifactKey: Guid(fb0673aee5aba1a4488bb5d6fb6ad1a7) Importer(2089858483,0ecaa5967403d082aa24f35e1b516d23)
Start importing Assets/02_Sprites/ItemIcon/Staff/45.png using Guid(fb0673aee5aba1a4488bb5d6fb6ad1a7) Importer(2089858483,0ecaa5967403d082aa24f35e1b516d23) (ScriptedImporter) -> (artifact id: '44551ebea8ec4b9c04f3208af3624a92') in 0.0754211 seconds
Number of updated asset objects reloaded before import = 0Number of asset objects unloaded after import = 3

========================================================================
Received Import Request.
  Time since last request: 0.000070 seconds.
  path: Assets/02_Sprites/ItemIcon/Staff/37.png
  artifactKey: Guid(a3c8dcca22e2924459b9dfd4460b87ee) Importer(2089858483,0ecaa5967403d082aa24f35e1b516d23)
Start importing Assets/02_Sprites/ItemIcon/Staff/37.png using Guid(a3c8dcca22e2924459b9dfd4460b87ee) Importer(2089858483,0ecaa5967403d082aa24f35e1b516d23) (ScriptedImporter) -> (artifact id: '30823d697e193e36fc82cdf58ca65fb6') in 0.1728103 seconds
Number of updated asset objects reloaded before import = 0Number of asset objects unloaded after import = 3

========================================================================
Received Import Request.
  Time since last request: 0.000251 seconds.
  path: Assets/02_Sprites/ItemIcon/Staff/12.png
  artifactKey: Guid(8fa93dfef8b7d2345b8ade60c6d8faf8) Importer(2089858483,0ecaa5967403d082aa24f35e1b516d23)
Start importing Assets/02_Sprites/ItemIcon/Staff/12.png using Guid(8fa93dfef8b7d2345b8ade60c6d8faf8) Importer(2089858483,0ecaa5967403d082aa24f35e1b516d23) (ScriptedImporter) -> (artifact id: '0983ce0e5baf43ef29db0484e9aed2ba') in 0.076377 seconds
Number of updated asset objects reloaded before import = 0Number of asset objects unloaded after import = 3

========================================================================
Received Import Request.
  Time since last request: 0.000023 seconds.
  path: Assets/02_Sprites/ItemIcon/Staff/17.png
  artifactKey: Guid(fd34eff7704808544bf0f83a8306ca94) Importer(2089858483,0ecaa5967403d082aa24f35e1b516d23)
Start importing Assets/02_Sprites/ItemIcon/Staff/17.png using Guid(fd34eff7704808544bf0f83a8306ca94) Importer(2089858483,0ecaa5967403d082aa24f35e1b516d23) (ScriptedImporter) -> (artifact id: '15b79a384f598c7284463d29f2ee60ad') in 0.0951389 seconds
Number of updated asset objects reloaded before import = 0Number of asset objects unloaded after import = 3

========================================================================
Received Import Request.
  Time since last request: 0.000028 seconds.
  path: Assets/02_Sprites/ItemIcon/Staff/24.png
  artifactKey: Guid(00f6b89a578e07343966a01664260842) Importer(2089858483,0ecaa5967403d082aa24f35e1b516d23)
Start importing Assets/02_Sprites/ItemIcon/Staff/24.png using Guid(00f6b89a578e07343966a01664260842) Importer(2089858483,0ecaa5967403d082aa24f35e1b516d23) (ScriptedImporter) -> (artifact id: 'bc43c8d255546c711ab0c61c8977ba07') in 0.2114595 seconds
Number of updated asset objects reloaded before import = 0Number of asset objects unloaded after import = 3

========================================================================
Received Import Request.
  Time since last request: 0.000052 seconds.
  path: Assets/02_Sprites/ItemIcon/Staff/13.png
  artifactKey: Guid(b64fd6e80037baa42a283d14b8c422e1) Importer(2089858483,0ecaa5967403d082aa24f35e1b516d23)
Start importing Assets/02_Sprites/ItemIcon/Staff/13.png using Guid(b64fd6e80037baa42a283d14b8c422e1) Importer(2089858483,0ecaa5967403d082aa24f35e1b516d23) (ScriptedImporter) -> (artifact id: '9a9baa0ebd786d3cc40504c72db676f0') in 0.1286022 seconds
Number of updated asset objects reloaded before import = 0Number of asset objects unloaded after import = 3

========================================================================
Received Import Request.
  Time since last request: 0.000038 seconds.
  path: Assets/02_Sprites/ItemIcon/Staff/49.png
  artifactKey: Guid(faddac4cb192bc849b5c1ae7b6e46fdc) Importer(2089858483,0ecaa5967403d082aa24f35e1b516d23)
Start importing Assets/02_Sprites/ItemIcon/Staff/49.png using Guid(faddac4cb192bc849b5c1ae7b6e46fdc) Importer(2089858483,0ecaa5967403d082aa24f35e1b516d23) (ScriptedImporter) -> (artifact id: 'b760a16a9ec5e56252a1bf1bca83c8af') in 0.1610131 seconds
Number of updated asset objects reloaded before import = 0Number of asset objects unloaded after import = 3

========================================================================
Received Import Request.
  Time since last request: 0.000038 seconds.
  path: Assets/Editor Default Resources/MasterAudio/deleteIcon.png
  artifactKey: Guid(f7ca255c7a49bbd42b6198828da08673) Importer(2089858483,0ecaa5967403d082aa24f35e1b516d23)
Start importing Assets/Editor Default Resources/MasterAudio/deleteIcon.png using Guid(f7ca255c7a49bbd42b6198828da08673) Importer(2089858483,0ecaa5967403d082aa24f35e1b516d23) (ScriptedImporter) -> (artifact id: 'de6459eb06928718467f44bed8a05d5f') in 0.09 seconds
Number of updated asset objects reloaded before import = 0Number of asset objects unloaded after import = 1

========================================================================
Received Import Request.
  Time since last request: 0.000094 seconds.
  path: Assets/02_Sprites/ItemIcon/Rune/41.png
  artifactKey: Guid(8b55a349442d93a4d892c00f88828637) Importer(2089858483,0ecaa5967403d082aa24f35e1b516d23)
Start importing Assets/02_Sprites/ItemIcon/Rune/41.png using Guid(8b55a349442d93a4d892c00f88828637) Importer(2089858483,0ecaa5967403d082aa24f35e1b516d23) (ScriptedImporter) -> (artifact id: '02193a953d33868b59d7d264d5dd3417') in 0.0885561 seconds
Number of updated asset objects reloaded before import = 0Number of asset objects unloaded after import = 3

========================================================================
Received Import Request.
  Time since last request: 0.000048 seconds.
  path: Assets/02_Sprites/ItemIcon/Staff/42.png
  artifactKey: Guid(b343f4eaee65c2b49bd068334269b514) Importer(2089858483,0ecaa5967403d082aa24f35e1b516d23)
Start importing Assets/02_Sprites/ItemIcon/Staff/42.png using Guid(b343f4eaee65c2b49bd068334269b514) Importer(2089858483,0ecaa5967403d082aa24f35e1b516d23) (ScriptedImporter) -> (artifact id: '30fd4a702241079036a89d47ac9f9896') in 0.092173 seconds
Number of updated asset objects reloaded before import = 0Number of asset objects unloaded after import = 3

========================================================================
Received Import Request.
  Time since last request: 0.000030 seconds.
  path: Assets/02_Sprites/ItemIcon/Armor/50.png
  artifactKey: Guid(c6cb0c7acda2698408329b96f913de0e) Importer(2089858483,0ecaa5967403d082aa24f35e1b516d23)
Start importing Assets/02_Sprites/ItemIcon/Armor/50.png using Guid(c6cb0c7acda2698408329b96f913de0e) Importer(2089858483,0ecaa5967403d082aa24f35e1b516d23) (ScriptedImporter) -> (artifact id: 'c4800646bb02dc85a81e9cef2e169e8a') in 0.072637 seconds
Number of updated asset objects reloaded before import = 0Number of asset objects unloaded after import = 3

========================================================================
Received Import Request.
  Time since last request: 0.000058 seconds.
  path: Assets/Dice2.5D/Scenes/dice10_roll_demo.unity
  artifactKey: Guid(1e16b131dafb2c64eb2e93ca6ac76f82) Importer(2089858483,0ecaa5967403d082aa24f35e1b516d23)
Start importing Assets/Dice2.5D/Scenes/dice10_roll_demo.unity using Guid(1e16b131dafb2c64eb2e93ca6ac76f82) Importer(2089858483,0ecaa5967403d082aa24f35e1b516d23) (ScriptedImporter) -> (artifact id: 'fb320a82cb3e1e078dd005c097573311') in 0.0219361 seconds
Number of updated asset objects reloaded before import = 0Number of asset objects unloaded after import = 1

========================================================================
Received Import Request.
  Time since last request: 0.000023 seconds.
  path: Assets/02_Sprites/ItemIcon/Staff/34.png
  artifactKey: Guid(a0176a184e2f16e44b61fed0019073c0) Importer(2089858483,0ecaa5967403d082aa24f35e1b516d23)
Start importing Assets/02_Sprites/ItemIcon/Staff/34.png using Guid(a0176a184e2f16e44b61fed0019073c0) Importer(2089858483,0ecaa5967403d082aa24f35e1b516d23) (ScriptedImporter) -> (artifact id: '0247664414b8cc12ee90511938696d86') in 0.0701896 seconds
Number of updated asset objects reloaded before import = 0Number of asset objects unloaded after import = 3

========================================================================
Received Import Request.
  Time since last request: 0.000032 seconds.
  path: Assets/02_Sprites/ItemIcon/MagicStone/MS003.png
  artifactKey: Guid(38c2cf26555f2ed4a8906692ba8dfb72) Importer(2089858483,0ecaa5967403d082aa24f35e1b516d23)
Start importing Assets/02_Sprites/ItemIcon/MagicStone/MS003.png using Guid(38c2cf26555f2ed4a8906692ba8dfb72) Importer(2089858483,0ecaa5967403d082aa24f35e1b516d23) (ScriptedImporter) -> (artifact id: '3990d1d46cf1109a143a18a621dcd573') in 0.0933229 seconds
Number of updated asset objects reloaded before import = 0Number of asset objects unloaded after import = 3

========================================================================
Received Import Request.
  Time since last request: 0.000034 seconds.
  path: Assets/02_Sprites/ItemIcon/Armor/4.png
  artifactKey: Guid(1e814cab29e11b747bd475469e390bff) Importer(2089858483,0ecaa5967403d082aa24f35e1b516d23)
Start importing Assets/02_Sprites/ItemIcon/Armor/4.png using Guid(1e814cab29e11b747bd475469e390bff) Importer(2089858483,0ecaa5967403d082aa24f35e1b516d23) (ScriptedImporter) -> (artifact id: '65721bc22358a537a5041ca9e9b413c7') in 0.0801107 seconds
Number of updated asset objects reloaded before import = 0Number of asset objects unloaded after import = 3

========================================================================
Received Import Request.
  Time since last request: 0.000028 seconds.
  path: Assets/02_Sprites/ItemIcon/Armor/16.png
  artifactKey: Guid(7a995a8a8c6de5e4abf7a498f6da5997) Importer(2089858483,0ecaa5967403d082aa24f35e1b516d23)
Start importing Assets/02_Sprites/ItemIcon/Armor/16.png using Guid(7a995a8a8c6de5e4abf7a498f6da5997) Importer(2089858483,0ecaa5967403d082aa24f35e1b516d23) (ScriptedImporter) -> (artifact id: '885a1ea293e38496e508df2cad6d9761') in 0.0852735 seconds
Number of updated asset objects reloaded before import = 0Number of asset objects unloaded after import = 3

========================================================================
Received Import Request.
  Time since last request: 0.000017 seconds.
  path: Assets/TextMesh Pro/Shaders/TMP_Sprite.shader
  artifactKey: Guid(cf81c85f95fe47e1a27f6ae460cf182c) Importer(2089858483,0ecaa5967403d082aa24f35e1b516d23)
Start importing Assets/TextMesh Pro/Shaders/TMP_Sprite.shader using Guid(cf81c85f95fe47e1a27f6ae460cf182c) Importer(2089858483,0ecaa5967403d082aa24f35e1b516d23) (ScriptedImporter) -> (artifact id: 'af8eab0e60fd90e671e2f307913c40b0') in 0.0613379 seconds
Number of updated asset objects reloaded before import = 0Number of asset objects unloaded after import = 1

========================================================================
Received Import Request.
  Time since last request: 0.000034 seconds.
  path: Assets/Dice2.5D/Textures/dice10_4.png
  artifactKey: Guid(fe8f77246f33fae47a712af14c8b33ae) Importer(2089858483,0ecaa5967403d082aa24f35e1b516d23)
Start importing Assets/Dice2.5D/Textures/dice10_4.png using Guid(fe8f77246f33fae47a712af14c8b33ae) Importer(2089858483,0ecaa5967403d082aa24f35e1b516d23) (ScriptedImporter) -> (artifact id: '5aed40da5742f8edda5c39b7356fff3c') in 0.2487938 seconds
Number of updated asset objects reloaded before import = 0Number of asset objects unloaded after import = 26

========================================================================
Received Import Request.
  Time since last request: 0.000043 seconds.
  path: Assets/02_Sprites/ItemIcon/Armor/15.png
  artifactKey: Guid(77a03382f4a9d4f478c5fab10f165a2b) Importer(2089858483,0ecaa5967403d082aa24f35e1b516d23)
Start importing Assets/02_Sprites/ItemIcon/Armor/15.png using Guid(77a03382f4a9d4f478c5fab10f165a2b) Importer(2089858483,0ecaa5967403d082aa24f35e1b516d23) (ScriptedImporter) -> (artifact id: 'f63b0bb2ad9a9fb53e6d07bc8c10e719') in 0.0917296 seconds
Number of updated asset objects reloaded before import = 0Number of asset objects unloaded after import = 3

========================================================================
Received Import Request.
  Time since last request: 0.000041 seconds.
  path: Assets/Editor Default Resources/MasterAudio/nextTrackIcon.png
  artifactKey: Guid(ab40830d0f161b740a73c4e9b9efe068) Importer(2089858483,0ecaa5967403d082aa24f35e1b516d23)
Start importing Assets/Editor Default Resources/MasterAudio/nextTrackIcon.png using Guid(ab40830d0f161b740a73c4e9b9efe068) Importer(2089858483,0ecaa5967403d082aa24f35e1b516d23) (ScriptedImporter) -> (artifact id: '9ba270f94409fd0295cca5a6c1336b13') in 0.073259 seconds
Number of updated asset objects reloaded before import = 0Number of asset objects unloaded after import = 1

========================================================================
Received Import Request.
  Time since last request: 0.000025 seconds.
  path: Assets/02_Sprites/ItemIcon/Rune/19.png
  artifactKey: Guid(db5e009b1ded5814091d8a50bb925b61) Importer(2089858483,0ecaa5967403d082aa24f35e1b516d23)
Start importing Assets/02_Sprites/ItemIcon/Rune/19.png using Guid(db5e009b1ded5814091d8a50bb925b61) Importer(2089858483,0ecaa5967403d082aa24f35e1b516d23) (ScriptedImporter) -> (artifact id: 'f232fc7d5e7a032a7b1dbb3eb002fce2') in 0.0811157 seconds
Number of updated asset objects reloaded before import = 0Number of asset objects unloaded after import = 3

========================================================================
Received Import Request.
  Time since last request: 0.000024 seconds.
  path: Assets/02_Sprites/ItemIcon/Rune/50.png
  artifactKey: Guid(61efbe5e7fa91904692ed5a46c40a0bc) Importer(2089858483,0ecaa5967403d082aa24f35e1b516d23)
Start importing Assets/02_Sprites/ItemIcon/Rune/50.png using Guid(61efbe5e7fa91904692ed5a46c40a0bc) Importer(2089858483,0ecaa5967403d082aa24f35e1b516d23) (ScriptedImporter) -> (artifact id: 'c7539119449dffb5ebce56474b0cadc1') in 0.0811448 seconds
Number of updated asset objects reloaded before import = 0Number of asset objects unloaded after import = 3

========================================================================
Received Import Request.
  Time since last request: 0.000043 seconds.
  path: Assets/02_Sprites/ItemIcon/Rune/20.png
  artifactKey: Guid(bd7965d46f3569b4483e57eaf969ad19) Importer(2089858483,0ecaa5967403d082aa24f35e1b516d23)
Start importing Assets/02_Sprites/ItemIcon/Rune/20.png using Guid(bd7965d46f3569b4483e57eaf969ad19) Importer(2089858483,0ecaa5967403d082aa24f35e1b516d23) (ScriptedImporter) -> (artifact id: 'd8f24a78e02c40afc1f49dc1a72d8ea2') in 0.0717051 seconds
Number of updated asset objects reloaded before import = 0Number of asset objects unloaded after import = 3

========================================================================
Received Import Request.
  Time since last request: 0.000054 seconds.
  path: Assets/02_Sprites/ItemIcon/Sword/32.png
  artifactKey: Guid(d997f30a29bc4694f9accc93bed1e9f7) Importer(2089858483,0ecaa5967403d082aa24f35e1b516d23)
Start importing Assets/02_Sprites/ItemIcon/Sword/32.png using Guid(d997f30a29bc4694f9accc93bed1e9f7) Importer(2089858483,0ecaa5967403d082aa24f35e1b516d23) (ScriptedImporter) -> (artifact id: '6f0909b2266c440135c22a49be66f942') in 0.1006784 seconds
Number of updated asset objects reloaded before import = 0Number of asset objects unloaded after import = 3

========================================================================
Received Import Request.
  Time since last request: 0.000952 seconds.
  path: Assets/02_Sprites/ItemIcon/Sword/47.png
  artifactKey: Guid(da6c27944bd33494a98cde8897961298) Importer(2089858483,0ecaa5967403d082aa24f35e1b516d23)
Start importing Assets/02_Sprites/ItemIcon/Sword/47.png using Guid(da6c27944bd33494a98cde8897961298) Importer(2089858483,0ecaa5967403d082aa24f35e1b516d23) (ScriptedImporter) -> (artifact id: '076210cd03a041052c17c3976d850586') in 0.0935123 seconds
Number of updated asset objects reloaded before import = 0Number of asset objects unloaded after import = 3

========================================================================
Received Import Request.
  Time since last request: 0.002070 seconds.
  path: Assets/02_Sprites/ItemIcon/Sword/36.png
  artifactKey: Guid(681e60978ed94e1478e0c2703aa17c97) Importer(2089858483,0ecaa5967403d082aa24f35e1b516d23)
Start importing Assets/02_Sprites/ItemIcon/Sword/36.png using Guid(681e60978ed94e1478e0c2703aa17c97) Importer(2089858483,0ecaa5967403d082aa24f35e1b516d23) (ScriptedImporter) -> (artifact id: '9599c7bf96b18afd812f9b799e980157') in 0.1747807 seconds
Number of updated asset objects reloaded before import = 0Number of asset objects unloaded after import = 3

========================================================================
Received Import Request.
  Time since last request: 0.000308 seconds.
  path: Assets/02_Sprites/ItemIcon/Staff/8.png
  artifactKey: Guid(c00111c68f448664998308724054cc66) Importer(2089858483,0ecaa5967403d082aa24f35e1b516d23)
Start importing Assets/02_Sprites/ItemIcon/Staff/8.png using Guid(c00111c68f448664998308724054cc66) Importer(2089858483,0ecaa5967403d082aa24f35e1b516d23) (ScriptedImporter) -> (artifact id: 'd3bb1794c7ac2cd15c30e9e0421538ab') in 0.1463166 seconds
Number of updated asset objects reloaded before import = 0Number of asset objects unloaded after import = 3

========================================================================
Received Import Request.
  Time since last request: 0.000033 seconds.
  path: Assets/02_Sprites/ItemIcon/Sword/17.png
  artifactKey: Guid(17ab251c851dd7b488161bdc1aa737a3) Importer(2089858483,0ecaa5967403d082aa24f35e1b516d23)
Start importing Assets/02_Sprites/ItemIcon/Sword/17.png using Guid(17ab251c851dd7b488161bdc1aa737a3) Importer(2089858483,0ecaa5967403d082aa24f35e1b516d23) (ScriptedImporter) -> (artifact id: '01411056a5e3f75785b71198b66e3d89') in 0.1015083 seconds
Number of updated asset objects reloaded before import = 0Number of asset objects unloaded after import = 3

========================================================================
Received Import Request.
  Time since last request: 0.000069 seconds.
  path: Assets/02_Sprites/ItemIcon/Sword/38.png
  artifactKey: Guid(ad8f7ee3ac53a17498012fbba4187113) Importer(2089858483,0ecaa5967403d082aa24f35e1b516d23)
Start importing Assets/02_Sprites/ItemIcon/Sword/38.png using Guid(ad8f7ee3ac53a17498012fbba4187113) Importer(2089858483,0ecaa5967403d082aa24f35e1b516d23) (ScriptedImporter) -> (artifact id: '6c8659864d6715a07fb57f0dd29b2b53') in 0.0826686 seconds
Number of updated asset objects reloaded before import = 0Number of asset objects unloaded after import = 3

========================================================================
Received Import Request.
  Time since last request: 0.000022 seconds.
  path: Assets/02_Sprites/ItemIcon/Sword/48.png
  artifactKey: Guid(d96f640cfba137942a66badb8c5ce61e) Importer(2089858483,0ecaa5967403d082aa24f35e1b516d23)
Start importing Assets/02_Sprites/ItemIcon/Sword/48.png using Guid(d96f640cfba137942a66badb8c5ce61e) Importer(2089858483,0ecaa5967403d082aa24f35e1b516d23) (ScriptedImporter) -> (artifact id: 'a9bd01d3e2d008b0ced8b410e0c393f4') in 0.0612704 seconds
Number of updated asset objects reloaded before import = 0Number of asset objects unloaded after import = 3

========================================================================
Received Import Request.
  Time since last request: 0.000021 seconds.
  path: Assets/02_Sprites/ItemIcon/Sword/46.png
  artifactKey: Guid(3359b0d64ad09bf42b5807a1ca2d6e2a) Importer(2089858483,0ecaa5967403d082aa24f35e1b516d23)
Start importing Assets/02_Sprites/ItemIcon/Sword/46.png using Guid(3359b0d64ad09bf42b5807a1ca2d6e2a) Importer(2089858483,0ecaa5967403d082aa24f35e1b516d23) (ScriptedImporter) -> (artifact id: 'f92a71a87d57dbce398c14e29e741ecb') in 0.0922591 seconds
Number of updated asset objects reloaded before import = 0Number of asset objects unloaded after import = 3

========================================================================
Received Import Request.
  Time since last request: 0.000031 seconds.
  path: Assets/02_Sprites/ItemIcon/Sword/42.png
  artifactKey: Guid(cf74239f3f5ddde47b92de698eb2834e) Importer(2089858483,0ecaa5967403d082aa24f35e1b516d23)
Start importing Assets/02_Sprites/ItemIcon/Sword/42.png using Guid(cf74239f3f5ddde47b92de698eb2834e) Importer(2089858483,0ecaa5967403d082aa24f35e1b516d23) (ScriptedImporter) -> (artifact id: '4431ab8f1b0a205c0075f8b6e0578a9b') in 0.0773811 seconds
Number of updated asset objects reloaded before import = 0Number of asset objects unloaded after import = 3

========================================================================
Received Import Request.
  Time since last request: 0.000211 seconds.
  path: Assets/02_Sprites/ItemIcon/Staff/9.png
  artifactKey: Guid(4be5ee100a7cb904294d232faddbd21e) Importer(2089858483,0ecaa5967403d082aa24f35e1b516d23)
Start importing Assets/02_Sprites/ItemIcon/Staff/9.png using Guid(4be5ee100a7cb904294d232faddbd21e) Importer(2089858483,0ecaa5967403d082aa24f35e1b516d23) (ScriptedImporter) -> (artifact id: 'b19afc2d1a8a80ba7d87e210dc33cd4a') in 0.0874563 seconds
Number of updated asset objects reloaded before import = 0Number of asset objects unloaded after import = 3

========================================================================
Received Import Request.
  Time since last request: 0.000029 seconds.
  path: Assets/02_Sprites/ItemIcon/Weapon/W001.png
  artifactKey: Guid(b6b3f9269f51dca40bfb8647c6040636) Importer(2089858483,0ecaa5967403d082aa24f35e1b516d23)
Start importing Assets/02_Sprites/ItemIcon/Weapon/W001.png using Guid(b6b3f9269f51dca40bfb8647c6040636) Importer(2089858483,0ecaa5967403d082aa24f35e1b516d23) (ScriptedImporter) -> (artifact id: '3f0b9667766c8583b8d0e05916a91407') in 0.0947547 seconds
Number of updated asset objects reloaded before import = 0Number of asset objects unloaded after import = 3

========================================================================
Received Import Request.
  Time since last request: 0.000106 seconds.
  path: Assets/02_Sprites/ItemIcon/Sword/37.png
  artifactKey: Guid(1f31434fe5d43f2418a5dcbf8a447e78) Importer(2089858483,0ecaa5967403d082aa24f35e1b516d23)
Start importing Assets/02_Sprites/ItemIcon/Sword/37.png using Guid(1f31434fe5d43f2418a5dcbf8a447e78) Importer(2089858483,0ecaa5967403d082aa24f35e1b516d23) (ScriptedImporter) -> (artifact id: '08fc3bcd567f1342ca7426bfe35d8912') in 0.0742862 seconds
Number of updated asset objects reloaded before import = 0Number of asset objects unloaded after import = 3

========================================================================
Received Import Request.
  Time since last request: 0.000097 seconds.
  path: Assets/02_Sprites/ItemIcon/Sword/33.png
  artifactKey: Guid(3ca97b7ab9cf7dd4a93cd057f7f59a48) Importer(2089858483,0ecaa5967403d082aa24f35e1b516d23)
Start importing Assets/02_Sprites/ItemIcon/Sword/33.png using Guid(3ca97b7ab9cf7dd4a93cd057f7f59a48) Importer(2089858483,0ecaa5967403d082aa24f35e1b516d23) (ScriptedImporter) -> (artifact id: '2a1495b3d412e049dba302383465c41f') in 0.0986112 seconds
Number of updated asset objects reloaded before import = 0Number of asset objects unloaded after import = 3

========================================================================
Received Import Request.
  Time since last request: 0.000028 seconds.
  path: Assets/02_Sprites/ItemIcon/Sword/1.png
  artifactKey: Guid(7659da0a37cfb6942ac31953e6299602) Importer(2089858483,0ecaa5967403d082aa24f35e1b516d23)
Start importing Assets/02_Sprites/ItemIcon/Sword/1.png using Guid(7659da0a37cfb6942ac31953e6299602) Importer(2089858483,0ecaa5967403d082aa24f35e1b516d23) (ScriptedImporter) -> (artifact id: '67a1deafc8444ccbaee026deb912edcc') in 0.1153133 seconds
Number of updated asset objects reloaded before import = 0Number of asset objects unloaded after import = 3

========================================================================
Received Import Request.
  Time since last request: 0.000042 seconds.
  path: Assets/02_Sprites/ItemIcon/Sword/4.png
  artifactKey: Guid(7fe8e9e3cbe0f6a47b44bd5c67d87fac) Importer(2089858483,0ecaa5967403d082aa24f35e1b516d23)
Start importing Assets/02_Sprites/ItemIcon/Sword/4.png using Guid(7fe8e9e3cbe0f6a47b44bd5c67d87fac) Importer(2089858483,0ecaa5967403d082aa24f35e1b516d23) (ScriptedImporter) -> (artifact id: '45f54412dcf0134bbbcc735cb786c42e') in 0.2548496 seconds
Number of updated asset objects reloaded before import = 0Number of asset objects unloaded after import = 3

========================================================================
Received Import Request.
  Time since last request: 0.000037 seconds.
  path: Assets/02_Sprites/ItemIcon/Sword/27.png
  artifactKey: Guid(f52c681ceaaf59f40973c4382f6e5e5f) Importer(2089858483,0ecaa5967403d082aa24f35e1b516d23)
Start importing Assets/02_Sprites/ItemIcon/Sword/27.png using Guid(f52c681ceaaf59f40973c4382f6e5e5f) Importer(2089858483,0ecaa5967403d082aa24f35e1b516d23) (ScriptedImporter) -> (artifact id: 'f56c70b40d329cb6e5ade402ceed5140') in 0.0756443 seconds
Number of updated asset objects reloaded before import = 0Number of asset objects unloaded after import = 3

========================================================================
Received Import Request.
  Time since last request: 0.000040 seconds.
  path: Assets/02_Sprites/ItemIcon/Sword/5.png
  artifactKey: Guid(b4780f5fd663864439ddf14bf4c7f0ff) Importer(2089858483,0ecaa5967403d082aa24f35e1b516d23)
Start importing Assets/02_Sprites/ItemIcon/Sword/5.png using Guid(b4780f5fd663864439ddf14bf4c7f0ff) Importer(2089858483,0ecaa5967403d082aa24f35e1b516d23) (ScriptedImporter) -> (artifact id: 'd4a764bdcbcc896c5cc91a6b9598db0c') in 0.0740667 seconds
Number of updated asset objects reloaded before import = 0Number of asset objects unloaded after import = 3

========================================================================
Received Import Request.
  Time since last request: 0.000022 seconds.
  path: Assets/02_Sprites/ItemIcon/Weapon/W005.png
  artifactKey: Guid(7829d739bc49a1140b9e644b4e45a79f) Importer(2089858483,0ecaa5967403d082aa24f35e1b516d23)
Start importing Assets/02_Sprites/ItemIcon/Weapon/W005.png using Guid(7829d739bc49a1140b9e644b4e45a79f) Importer(2089858483,0ecaa5967403d082aa24f35e1b516d23) (ScriptedImporter) -> (artifact id: 'a69726db9b9b837f0f82656f08976382') in 0.1784632 seconds
Number of updated asset objects reloaded before import = 0Number of asset objects unloaded after import = 3

========================================================================
Received Import Request.
  Time since last request: 0.000047 seconds.
  path: Assets/02_Sprites/ItemIcon/Sword/30.png
  artifactKey: Guid(dc71c52710120e4418e1f67899619c8d) Importer(2089858483,0ecaa5967403d082aa24f35e1b516d23)
Start importing Assets/02_Sprites/ItemIcon/Sword/30.png using Guid(dc71c52710120e4418e1f67899619c8d) Importer(2089858483,0ecaa5967403d082aa24f35e1b516d23) (ScriptedImporter) -> (artifact id: '2e0743268266587fb4398669c16fff42') in 0.0595648 seconds
Number of updated asset objects reloaded before import = 0Number of asset objects unloaded after import = 3

========================================================================
Received Import Request.
  Time since last request: 0.000027 seconds.
  path: Assets/02_Sprites/ItemIcon/Sword/25.png
  artifactKey: Guid(1114dcfadbaee604cbc8a1a5d5d4c2e7) Importer(2089858483,0ecaa5967403d082aa24f35e1b516d23)
Start importing Assets/02_Sprites/ItemIcon/Sword/25.png using Guid(1114dcfadbaee604cbc8a1a5d5d4c2e7) Importer(2089858483,0ecaa5967403d082aa24f35e1b516d23) (ScriptedImporter) -> (artifact id: '2d5168894486e1a3af8459349baaf793') in 0.09702 seconds
Number of updated asset objects reloaded before import = 0Number of asset objects unloaded after import = 3

========================================================================
Received Import Request.
  Time since last request: 0.000023 seconds.
  path: Assets/02_Sprites/ItemIcon/Sword/12.png
  artifactKey: Guid(dc53abbf53d4e0143bb073f21d9cea43) Importer(2089858483,0ecaa5967403d082aa24f35e1b516d23)
Start importing Assets/02_Sprites/ItemIcon/Sword/12.png using Guid(dc53abbf53d4e0143bb073f21d9cea43) Importer(2089858483,0ecaa5967403d082aa24f35e1b516d23) (ScriptedImporter) -> (artifact id: '5bc6ee9a0867ef4b59b2a2d8e37bc602') in 0.1403322 seconds
Number of updated asset objects reloaded before import = 0Number of asset objects unloaded after import = 3

========================================================================
Received Import Request.
  Time since last request: 0.001826 seconds.
  path: Assets/02_Sprites/ItemIcon/Sword/18.png
  artifactKey: Guid(e4c2625d059cc9b4cbdcc4666a2aaae8) Importer(2089858483,0ecaa5967403d082aa24f35e1b516d23)
Start importing Assets/02_Sprites/ItemIcon/Sword/18.png using Guid(e4c2625d059cc9b4cbdcc4666a2aaae8) Importer(2089858483,0ecaa5967403d082aa24f35e1b516d23) (ScriptedImporter) -> (artifact id: 'f5d096cb78327b211946eacc45e67d51') in 0.1873815 seconds
Number of updated asset objects reloaded before import = 0Number of asset objects unloaded after import = 3

========================================================================
Received Import Request.
  Time since last request: 0.000030 seconds.
  path: Assets/02_Sprites/ItemIcon/Sword/31.png
  artifactKey: Guid(78bd6ecdee43ee0428edd804c46286da) Importer(2089858483,0ecaa5967403d082aa24f35e1b516d23)
Start importing Assets/02_Sprites/ItemIcon/Sword/31.png using Guid(78bd6ecdee43ee0428edd804c46286da) Importer(2089858483,0ecaa5967403d082aa24f35e1b516d23) (ScriptedImporter) -> (artifact id: '363e4eccb300bb1df430d897a15c913d') in 0.2304252 seconds
Number of updated asset objects reloaded before import = 0Number of asset objects unloaded after import = 3

========================================================================
Received Import Request.
  Time since last request: 0.022843 seconds.
  path: Assets/02_Sprites/ItemIcon/Sword/14.png
  artifactKey: Guid(173aa2285a2104448958668cf3d359ac) Importer(2089858483,0ecaa5967403d082aa24f35e1b516d23)
Start importing Assets/02_Sprites/ItemIcon/Sword/14.png using Guid(173aa2285a2104448958668cf3d359ac) Importer(2089858483,0ecaa5967403d082aa24f35e1b516d23) (ScriptedImporter) -> (artifact id: 'ec03a55e2acf0f8056207b9514546891') in 0.1859882 seconds
Number of updated asset objects reloaded before import = 0Number of asset objects unloaded after import = 3

========================================================================
Received Import Request.
  Time since last request: 0.000024 seconds.
  path: Assets/02_Sprites/ItemIcon/Armor/49.png
  artifactKey: Guid(ac75c33a88bf41b48a8296fc74da2ce2) Importer(2089858483,0ecaa5967403d082aa24f35e1b516d23)
Start importing Assets/02_Sprites/ItemIcon/Armor/49.png using Guid(ac75c33a88bf41b48a8296fc74da2ce2) Importer(2089858483,0ecaa5967403d082aa24f35e1b516d23) (ScriptedImporter) -> (artifact id: '38a81b4859859fd2ae5da510e65ba94c') in 0.0715844 seconds
Number of updated asset objects reloaded before import = 0Number of asset objects unloaded after import = 3

========================================================================
Received Import Request.
  Time since last request: 0.000043 seconds.
  path: Assets/03_Prefabs/Effect Prefabs/CommonEffect/HealOnce.prefab
  artifactKey: Guid(8a9743ee2de310543be168b3eba16778) Importer(2089858483,0ecaa5967403d082aa24f35e1b516d23)
Start importing Assets/03_Prefabs/Effect Prefabs/CommonEffect/HealOnce.prefab using Guid(8a9743ee2de310543be168b3eba16778) Importer(2089858483,0ecaa5967403d082aa24f35e1b516d23) (ScriptedImporter) -> (artifact id: 'f12436f965420df21615e5bf3e375749') in 0.270238 seconds
Number of updated asset objects reloaded before import = 0Number of asset objects unloaded after import = 17

========================================================================
Received Import Request.
  Time since last request: 0.000300 seconds.
  path: Assets/02_Sprites/ItemIcon/Weapon/W008.png
  artifactKey: Guid(004f6d519f6bce040b01c1251430c2a9) Importer(2089858483,0ecaa5967403d082aa24f35e1b516d23)
Start importing Assets/02_Sprites/ItemIcon/Weapon/W008.png using Guid(004f6d519f6bce040b01c1251430c2a9) Importer(2089858483,0ecaa5967403d082aa24f35e1b516d23) (ScriptedImporter) -> (artifact id: '1220348457ef86ba499281b20954aee2') in 0.1478145 seconds
Number of updated asset objects reloaded before import = 0Number of asset objects unloaded after import = 3

========================================================================
Received Import Request.
  Time since last request: 0.000070 seconds.
  path: Assets/02_Sprites/SkillIcon/Buff/SPDUp.png
  artifactKey: Guid(981c6c37762529c4abe333cc6bf689f3) Importer(2089858483,0ecaa5967403d082aa24f35e1b516d23)
Start importing Assets/02_Sprites/SkillIcon/Buff/SPDUp.png using Guid(981c6c37762529c4abe333cc6bf689f3) Importer(2089858483,0ecaa5967403d082aa24f35e1b516d23) (ScriptedImporter) -> (artifact id: '716c1dd76ad21ca12ed4d757bad77d5b') in 0.1654341 seconds
Number of updated asset objects reloaded before import = 0Number of asset objects unloaded after import = 3

========================================================================
Received Import Request.
  Time since last request: 0.000025 seconds.
  path: Assets/02_Sprites/ItemIcon/Weapon/W016.png
  artifactKey: Guid(2ba59d20c49dca14eb5814afa7d53086) Importer(2089858483,0ecaa5967403d082aa24f35e1b516d23)
Start importing Assets/02_Sprites/ItemIcon/Weapon/W016.png using Guid(2ba59d20c49dca14eb5814afa7d53086) Importer(2089858483,0ecaa5967403d082aa24f35e1b516d23) (ScriptedImporter) -> (artifact id: '160ede41f0e2238bac26431d1cab4a04') in 0.1373234 seconds
Number of updated asset objects reloaded before import = 0Number of asset objects unloaded after import = 3

========================================================================
Received Import Request.
  Time since last request: 0.000042 seconds.
  path: Assets/02_Sprites/SkillIcon/MultiShot/MultiMagicMissile.png
  artifactKey: Guid(d2ea564018042c94c974398e06f9b70f) Importer(2089858483,0ecaa5967403d082aa24f35e1b516d23)
Start importing Assets/02_Sprites/SkillIcon/MultiShot/MultiMagicMissile.png using Guid(d2ea564018042c94c974398e06f9b70f) Importer(2089858483,0ecaa5967403d082aa24f35e1b516d23) (ScriptedImporter) -> (artifact id: '1b7a85df4834012e690f4775eb64d13c') in 0.2190623 seconds
Number of updated asset objects reloaded before import = 0Number of asset objects unloaded after import = 3

========================================================================
Received Import Request.
  Time since last request: 0.000043 seconds.
  path: Assets/02_Sprites/SkillIcon/Debuff/APDown.png
  artifactKey: Guid(9fb752706a5984b47946dd97521ddb04) Importer(2089858483,0ecaa5967403d082aa24f35e1b516d23)
Start importing Assets/02_Sprites/SkillIcon/Debuff/APDown.png using Guid(9fb752706a5984b47946dd97521ddb04) Importer(2089858483,0ecaa5967403d082aa24f35e1b516d23) (ScriptedImporter) -> (artifact id: 'b65da9898677a32299161dd14b2851d0') in 0.1934049 seconds
Number of updated asset objects reloaded before import = 0Number of asset objects unloaded after import = 3

========================================================================
Received Import Request.
  Time since last request: 0.000024 seconds.
  path: Assets/02_Sprites/uno_assets_2d/sources/uno_cards.ai
  artifactKey: Guid(73c68f6a36c80144780c8f12fadae836) Importer(2089858483,0ecaa5967403d082aa24f35e1b516d23)
Start importing Assets/02_Sprites/uno_assets_2d/sources/uno_cards.ai using Guid(73c68f6a36c80144780c8f12fadae836) Importer(2089858483,0ecaa5967403d082aa24f35e1b516d23) (ScriptedImporter) -> (artifact id: '303eb37dc3da806d3103cfdaad837be7') in 0.0641496 seconds
Number of updated asset objects reloaded before import = 0Number of asset objects unloaded after import = 1

========================================================================
Received Import Request.
  Time since last request: 0.000460 seconds.
  path: Assets/02_Sprites/SkillIcon/Buff/ADUp.png
  artifactKey: Guid(24b9ac33930448c4fa6f76906b5fbebc) Importer(2089858483,0ecaa5967403d082aa24f35e1b516d23)
Start importing Assets/02_Sprites/SkillIcon/Buff/ADUp.png using Guid(24b9ac33930448c4fa6f76906b5fbebc) Importer(2089858483,0ecaa5967403d082aa24f35e1b516d23) (ScriptedImporter) -> (artifact id: 'bdc96b13422c99f06c32c6d18290a2ad') in 0.148026 seconds
Number of updated asset objects reloaded before import = 0Number of asset objects unloaded after import = 3

========================================================================
Received Import Request.
  Time since last request: 0.000067 seconds.
  path: Assets/02_Sprites/SkillIcon/Range/MagicMissile.png
  artifactKey: Guid(db5f55d630ab3f347a10be25fc444aaf) Importer(2089858483,0ecaa5967403d082aa24f35e1b516d23)
Start importing Assets/02_Sprites/SkillIcon/Range/MagicMissile.png using Guid(db5f55d630ab3f347a10be25fc444aaf) Importer(2089858483,0ecaa5967403d082aa24f35e1b516d23) (ScriptedImporter) -> (artifact id: 'c659a34f50083c1d77db6ddd0c86e602') in 0.1173817 seconds
Number of updated asset objects reloaded before import = 0Number of asset objects unloaded after import = 3

========================================================================
Received Import Request.
  Time since last request: 0.000205 seconds.
  path: Assets/03_Prefabs/Effect Prefabs/Santuary/AuraSoft.prefab
  artifactKey: Guid(36c28d61bdb840e428b03067e569e9b5) Importer(2089858483,0ecaa5967403d082aa24f35e1b516d23)
Start importing Assets/03_Prefabs/Effect Prefabs/Santuary/AuraSoft.prefab using Guid(36c28d61bdb840e428b03067e569e9b5) Importer(2089858483,0ecaa5967403d082aa24f35e1b516d23) (ScriptedImporter) -> (artifact id: '37ea732cb65acc9ff9d773872b3d5576') in 0.1661832 seconds
Number of updated asset objects reloaded before import = 0Number of asset objects unloaded after import = 11

========================================================================
Received Import Request.
  Time since last request: 0.000066 seconds.
  path: Assets/02_Sprites/ItemIcon/Weapon/W012.png
  artifactKey: Guid(8c7d462399009194dbcaf3022bd59395) Importer(2089858483,0ecaa5967403d082aa24f35e1b516d23)
Start importing Assets/02_Sprites/ItemIcon/Weapon/W012.png using Guid(8c7d462399009194dbcaf3022bd59395) Importer(2089858483,0ecaa5967403d082aa24f35e1b516d23) (ScriptedImporter) -> (artifact id: '99e3d57cfc526b1c9736e8da13970b71') in 0.0595226 seconds
Number of updated asset objects reloaded before import = 0Number of asset objects unloaded after import = 3

========================================================================
Received Import Request.
  Time since last request: 0.000039 seconds.
  path: Assets/03_Prefabs/Effect Prefabs/CommonEffect/CFXR Hit C.prefab
  artifactKey: Guid(1c287ddb1b0f9bf43855cc7cbc60bc2f) Importer(2089858483,0ecaa5967403d082aa24f35e1b516d23)
Start importing Assets/03_Prefabs/Effect Prefabs/CommonEffect/CFXR Hit C.prefab using Guid(1c287ddb1b0f9bf43855cc7cbc60bc2f) Importer(2089858483,0ecaa5967403d082aa24f35e1b516d23) (ScriptedImporter) -> (artifact id: 'aa99ecf928282327a72ad66429e0b47d') in 0.3844582 seconds
Number of updated asset objects reloaded before import = 0Number of asset objects unloaded after import = 23

========================================================================
Received Import Request.
  Time since last request: 0.000051 seconds.
  path: Assets/02_Sprites/SkillIcon/Range/ThrowSpear.png
  artifactKey: Guid(34bb810954cfcdf44a95c5134d64d37b) Importer(2089858483,0ecaa5967403d082aa24f35e1b516d23)
Start importing Assets/02_Sprites/SkillIcon/Range/ThrowSpear.png using Guid(34bb810954cfcdf44a95c5134d64d37b) Importer(2089858483,0ecaa5967403d082aa24f35e1b516d23) (ScriptedImporter) -> (artifact id: '45f6ac0b3b96ed93dffa1469129c8cf3') in 0.0733541 seconds
Number of updated asset objects reloaded before import = 0Number of asset objects unloaded after import = 3

========================================================================
Received Import Request.
  Time since last request: 0.000079 seconds.
  path: Assets/02_Sprites/SkillIcon/Melee/FastSlash.png
  artifactKey: Guid(0022839f0cf04eb4085a43cd2fab4aac) Importer(2089858483,0ecaa5967403d082aa24f35e1b516d23)
Start importing Assets/02_Sprites/SkillIcon/Melee/FastSlash.png using Guid(0022839f0cf04eb4085a43cd2fab4aac) Importer(2089858483,0ecaa5967403d082aa24f35e1b516d23) (ScriptedImporter) -> (artifact id: '03b4de947244001eb32e7a59e5cd1b0e') in 0.0831586 seconds
Number of updated asset objects reloaded before import = 0Number of asset objects unloaded after import = 3

========================================================================
Received Import Request.
  Time since last request: 0.000029 seconds.
  path: Assets/02_Sprites/SkillIcon/Debuff/DefDown.png
  artifactKey: Guid(c9097fd1b3376a64e999a82a8946f71c) Importer(2089858483,0ecaa5967403d082aa24f35e1b516d23)
Start importing Assets/02_Sprites/SkillIcon/Debuff/DefDown.png using Guid(c9097fd1b3376a64e999a82a8946f71c) Importer(2089858483,0ecaa5967403d082aa24f35e1b516d23) (ScriptedImporter) -> (artifact id: 'd49d2f5f6bf38583bc5131f080a941bb') in 0.0837347 seconds
Number of updated asset objects reloaded before import = 0Number of asset objects unloaded after import = 3

========================================================================
Received Import Request.
  Time since last request: 0.000132 seconds.
  path: Assets/02_Sprites/SkillIcon/Buff/DEFUp.png
  artifactKey: Guid(426e0a9ed05392a47ae3f4fc394696f2) Importer(2089858483,0ecaa5967403d082aa24f35e1b516d23)
Start importing Assets/02_Sprites/SkillIcon/Buff/DEFUp.png using Guid(426e0a9ed05392a47ae3f4fc394696f2) Importer(2089858483,0ecaa5967403d082aa24f35e1b516d23) (ScriptedImporter) -> (artifact id: '5cd0fa57ef21f8d9502d1aec06c90586') in 0.0948296 seconds
Number of updated asset objects reloaded before import = 0Number of asset objects unloaded after import = 3

========================================================================
Received Import Request.
  Time since last request: 0.000284 seconds.
  path: Assets/02_Sprites/ItemIcon/Weapon/W013.png
  artifactKey: Guid(75e881e14b8ec2549b0b1873bb2fbfe4) Importer(2089858483,0ecaa5967403d082aa24f35e1b516d23)
Start importing Assets/02_Sprites/ItemIcon/Weapon/W013.png using Guid(75e881e14b8ec2549b0b1873bb2fbfe4) Importer(2089858483,0ecaa5967403d082aa24f35e1b516d23) (ScriptedImporter) -> (artifact id: '568f5a6753111b2a4ddcc2e2ee19f75e') in 0.1157234 seconds
Number of updated asset objects reloaded before import = 0Number of asset objects unloaded after import = 3

========================================================================
Received Import Request.
  Time since last request: 0.000037 seconds.
  path: Assets/02_Sprites/SkillIcon/Range/AirMeteor.png
  artifactKey: Guid(72d1e3aa117608a42b0f29244b69d85a) Importer(2089858483,0ecaa5967403d082aa24f35e1b516d23)
Start importing Assets/02_Sprites/SkillIcon/Range/AirMeteor.png using Guid(72d1e3aa117608a42b0f29244b69d85a) Importer(2089858483,0ecaa5967403d082aa24f35e1b516d23) (ScriptedImporter) -> (artifact id: '61d24321307bfcbb9e6ad246303d759e') in 0.0691744 seconds
Number of updated asset objects reloaded before import = 0Number of asset objects unloaded after import = 3

========================================================================
Received Import Request.
  Time since last request: 0.000021 seconds.
  path: Assets/03_Prefabs/Effect Prefabs/CommonEffect/DefenseOnce.prefab
  artifactKey: Guid(6a7db16825c7c004082d9cfe1354f249) Importer(2089858483,0ecaa5967403d082aa24f35e1b516d23)
Start importing Assets/03_Prefabs/Effect Prefabs/CommonEffect/DefenseOnce.prefab using Guid(6a7db16825c7c004082d9cfe1354f249) Importer(2089858483,0ecaa5967403d082aa24f35e1b516d23) (ScriptedImporter) -> (artifact id: '5f53be2ee6b2407b9075ba4ef3b1a73d') in 0.1986653 seconds
Number of updated asset objects reloaded before import = 0Number of asset objects unloaded after import = 18

========================================================================
Received Import Request.
  Time since last request: 0.000065 seconds.
  path: Assets/02_Sprites/SkillIcon/Debuff/Cuss.png
  artifactKey: Guid(dedac8608be680f4a9e35bc83b8cf3a6) Importer(2089858483,0ecaa5967403d082aa24f35e1b516d23)
Start importing Assets/02_Sprites/SkillIcon/Debuff/Cuss.png using Guid(dedac8608be680f4a9e35bc83b8cf3a6) Importer(2089858483,0ecaa5967403d082aa24f35e1b516d23) (ScriptedImporter) -> (artifact id: '87adf8fce9c4d79952809fecd31b2830') in 0.0597621 seconds
Number of updated asset objects reloaded before import = 0Number of asset objects unloaded after import = 3

========================================================================
Received Import Request.
  Time since last request: 0.000046 seconds.
  path: Assets/03_Prefabs/Effect Prefabs/Text Effect/CFX_Text Miss.prefab
  artifactKey: Guid(1245cc39360744b4080b211e1b9ba585) Importer(2089858483,0ecaa5967403d082aa24f35e1b516d23)
Start importing Assets/03_Prefabs/Effect Prefabs/Text Effect/CFX_Text Miss.prefab using Guid(1245cc39360744b4080b211e1b9ba585) Importer(2089858483,0ecaa5967403d082aa24f35e1b516d23) (ScriptedImporter) -> (artifact id: 'b797fde38cf2678fbe7aa328da26d38a') in 0.1600368 seconds
Number of updated asset objects reloaded before import = 0Number of asset objects unloaded after import = 15

========================================================================
Received Import Request.
  Time since last request: 0.000025 seconds.
  path: Assets/03_Prefabs/Monster/Cave/Monster_17_Mace Shadow.prefab
  artifactKey: Guid(396612d6a72219e40b4d0500006d4a2d) Importer(2089858483,0ecaa5967403d082aa24f35e1b516d23)
Start importing Assets/03_Prefabs/Monster/Cave/Monster_17_Mace Shadow.prefab using Guid(396612d6a72219e40b4d0500006d4a2d) Importer(2089858483,0ecaa5967403d082aa24f35e1b516d23) (ScriptedImporter) -> (artifact id: 'b1d6a422038d3e27985ab62723ae7e1d') in 0.7695267 seconds
Number of updated asset objects reloaded before import = 0Number of asset objects unloaded after import = 100

========================================================================
Received Import Request.
  Time since last request: 0.000051 seconds.
  path: Assets/03_Prefabs/Monster/FinalCave/Monster_73_Corrupted Hero.prefab
  artifactKey: Guid(d9e18793198a8044ea13bb3fe57fd8de) Importer(2089858483,0ecaa5967403d082aa24f35e1b516d23)
Start importing Assets/03_Prefabs/Monster/FinalCave/Monster_73_Corrupted Hero.prefab using Guid(d9e18793198a8044ea13bb3fe57fd8de) Importer(2089858483,0ecaa5967403d082aa24f35e1b516d23) (ScriptedImporter) -> (artifact id: 'c189a59c553777e4b277db5f4eaa9faa') in 0.2045741 seconds
Number of updated asset objects reloaded before import = 0Number of asset objects unloaded after import = 41

========================================================================
Received Import Request.
  Time since last request: 0.000050 seconds.
  path: Assets/03_Prefabs/Monster/Cave/Monster_39_Bat.prefab
  artifactKey: Guid(974daff59bf4e7348944221e27bc0b2d) Importer(2089858483,0ecaa5967403d082aa24f35e1b516d23)
Start importing Assets/03_Prefabs/Monster/Cave/Monster_39_Bat.prefab using Guid(974daff59bf4e7348944221e27bc0b2d) Importer(2089858483,0ecaa5967403d082aa24f35e1b516d23) (ScriptedImporter) -> (artifact id: '918c3e2afe57297c596730b0b5f74adb') in 0.4639423 seconds
Number of updated asset objects reloaded before import = 0Number of asset objects unloaded after import = 107

========================================================================
Received Import Request.
  Time since last request: 0.000034 seconds.
  path: Assets/03_Prefabs/Monster/Fire/Monster_38_Fire Wolf.prefab
  artifactKey: Guid(a390510da7778a44ca877f913fbf743b) Importer(2089858483,0ecaa5967403d082aa24f35e1b516d23)
Start importing Assets/03_Prefabs/Monster/Fire/Monster_38_Fire Wolf.prefab using Guid(a390510da7778a44ca877f913fbf743b) Importer(2089858483,0ecaa5967403d082aa24f35e1b516d23) (ScriptedImporter) -> (artifact id: 'b6633acb3a3f0a4791b60614c61e1656') in 0.452862 seconds
Number of updated asset objects reloaded before import = 0Number of asset objects unloaded after import = 116

========================================================================
Received Import Request.
  Time since last request: 0.000038 seconds.
  path: Assets/03_Prefabs/Monster/FinalCave/Monster_19_Skeleton.prefab
  artifactKey: Guid(076b12637374767458bbbf39a3f6a014) Importer(2089858483,0ecaa5967403d082aa24f35e1b516d23)
Start importing Assets/03_Prefabs/Monster/FinalCave/Monster_19_Skeleton.prefab using Guid(076b12637374767458bbbf39a3f6a014) Importer(2089858483,0ecaa5967403d082aa24f35e1b516d23) (ScriptedImporter) -> (artifact id: 'bc53648fe49655cd93d639b29beb9c10') in 0.1042673 seconds
Number of updated asset objects reloaded before import = 0Number of asset objects unloaded after import = 41

========================================================================
Received Import Request.
  Time since last request: 0.000037 seconds.
  path: Assets/03_Prefabs/Monster/Cave/Monster_18_Crescent Shadow.prefab
  artifactKey: Guid(e2494d50050ab47459b8682cf8f8dfdd) Importer(2089858483,0ecaa5967403d082aa24f35e1b516d23)
Start importing Assets/03_Prefabs/Monster/Cave/Monster_18_Crescent Shadow.prefab using Guid(e2494d50050ab47459b8682cf8f8dfdd) Importer(2089858483,0ecaa5967403d082aa24f35e1b516d23) (ScriptedImporter) -> (artifact id: 'e74bce069249abb83a22d82a21f1b1f9') in 0.357789 seconds
Number of updated asset objects reloaded before import = 0Number of asset objects unloaded after import = 113

========================================================================
Received Import Request.
  Time since last request: 0.000034 seconds.
  path: Assets/03_Prefabs/Gamble/GhostLeg/HorizontalLine.prefab
  artifactKey: Guid(e1a061f3b4a9f7041acca08983f40263) Importer(2089858483,0ecaa5967403d082aa24f35e1b516d23)
Start importing Assets/03_Prefabs/Gamble/GhostLeg/HorizontalLine.prefab using Guid(e1a061f3b4a9f7041acca08983f40263) Importer(2089858483,0ecaa5967403d082aa24f35e1b516d23) (ScriptedImporter) -> (artifact id: '2a2224e59762c05843b6c4eddd653c27') in 0.108092 seconds
Number of updated asset objects reloaded before import = 0Number of asset objects unloaded after import = 19

========================================================================
Received Import Request.
  Time since last request: 0.000052 seconds.
  path: Assets/03_Prefabs/Monster/Boss/Monster_25_Fire Dragon.prefab
  artifactKey: Guid(cdefb11b495133d48a1c12a6a14c50f0) Importer(2089858483,0ecaa5967403d082aa24f35e1b516d23)
Start importing Assets/03_Prefabs/Monster/Boss/Monster_25_Fire Dragon.prefab using Guid(cdefb11b495133d48a1c12a6a14c50f0) Importer(2089858483,0ecaa5967403d082aa24f35e1b516d23) (ScriptedImporter) -> (artifact id: '0b3b4b84befdb0473f782c077ff39b3b') in 0.2797595 seconds
Number of updated asset objects reloaded before import = 0Number of asset objects unloaded after import = 130

========================================================================
Received Import Request.
  Time since last request: 0.000032 seconds.
  path: Assets/03_Prefabs/Effect Prefabs/Santuary/SantuarySilverEffect.prefab
  artifactKey: Guid(66a7ae7bfc5194441a41d4e0a7abc0c2) Importer(2089858483,0ecaa5967403d082aa24f35e1b516d23)
Start importing Assets/03_Prefabs/Effect Prefabs/Santuary/SantuarySilverEffect.prefab using Guid(66a7ae7bfc5194441a41d4e0a7abc0c2) Importer(2089858483,0ecaa5967403d082aa24f35e1b516d23) (ScriptedImporter) -> (artifact id: 'a1824873d5a03c5617ac84b79ec525b0') in 0.1181992 seconds
Number of updated asset objects reloaded before import = 0Number of asset objects unloaded after import = 16

========================================================================
Received Import Request.
  Time since last request: 0.000115 seconds.
  path: Assets/03_Prefabs/Monster/Forest/Monster_30_Grass Rabbit.prefab
  artifactKey: Guid(2edf02699cc3c0a43b07412e603c92d6) Importer(2089858483,0ecaa5967403d082aa24f35e1b516d23)
Start importing Assets/03_Prefabs/Monster/Forest/Monster_30_Grass Rabbit.prefab using Guid(2edf02699cc3c0a43b07412e603c92d6) Importer(2089858483,0ecaa5967403d082aa24f35e1b516d23) (ScriptedImporter) -> (artifact id: '9c9704365a0f9c80ccab9b830d81885c') in 0.1998793 seconds
Number of updated asset objects reloaded before import = 0Number of asset objects unloaded after import = 63

========================================================================
Received Import Request.
  Time since last request: 0.000047 seconds.
  path: Assets/03_Prefabs/Monster/Forest/Monster_84_Armored Orc.prefab
  artifactKey: Guid(0466f61ecea9fed48a5051d599a0af07) Importer(2089858483,0ecaa5967403d082aa24f35e1b516d23)
Start importing Assets/03_Prefabs/Monster/Forest/Monster_84_Armored Orc.prefab using Guid(0466f61ecea9fed48a5051d599a0af07) Importer(2089858483,0ecaa5967403d082aa24f35e1b516d23) (ScriptedImporter) -> (artifact id: '4d12d26906e3d63d1c78ddeec66a130a') in 0.2978647 seconds
Number of updated asset objects reloaded before import = 0Number of asset objects unloaded after import = 101

========================================================================
Received Import Request.
  Time since last request: 0.000044 seconds.
  path: Assets/03_Prefabs/Monster/Slimes/Monster_11_Pure Slime.prefab
  artifactKey: Guid(ec24089b476ac4e46a5978aed2bc2798) Importer(2089858483,0ecaa5967403d082aa24f35e1b516d23)
Start importing Assets/03_Prefabs/Monster/Slimes/Monster_11_Pure Slime.prefab using Guid(ec24089b476ac4e46a5978aed2bc2798) Importer(2089858483,0ecaa5967403d082aa24f35e1b516d23) (ScriptedImporter) -> (artifact id: '29ece6ffafc16e1a1dc89da86e0b07d9') in 0.2735207 seconds
Number of updated asset objects reloaded before import = 0Number of asset objects unloaded after import = 79

========================================================================
Received Import Request.
  Time since last request: 0.000044 seconds.
  path: Assets/03_Prefabs/Monster/Slimes/Monster_12_Glop Slime.prefab
  artifactKey: Guid(a53721056f0c53a4491fe253c7c03a53) Importer(2089858483,0ecaa5967403d082aa24f35e1b516d23)
Start importing Assets/03_Prefabs/Monster/Slimes/Monster_12_Glop Slime.prefab using Guid(a53721056f0c53a4491fe253c7c03a53) Importer(2089858483,0ecaa5967403d082aa24f35e1b516d23) (ScriptedImporter) -> (artifact id: 'c2197329f1e4f7d17f25b113b34d4448') in 0.1746714 seconds
Number of updated asset objects reloaded before import = 0Number of asset objects unloaded after import = 79

========================================================================
Received Import Request.
  Time since last request: 0.000034 seconds.
  path: Assets/03_Prefabs/Monster/Slimes/Monster_9_Evil Slime.prefab
  artifactKey: Guid(a1d0d66b329f07744892a6b926d16997) Importer(2089858483,0ecaa5967403d082aa24f35e1b516d23)
Start importing Assets/03_Prefabs/Monster/Slimes/Monster_9_Evil Slime.prefab using Guid(a1d0d66b329f07744892a6b926d16997) Importer(2089858483,0ecaa5967403d082aa24f35e1b516d23) (ScriptedImporter) -> (artifact id: 'ee73a96e83c8d79bd8527245e45c181f') in 0.2263633 seconds
Number of updated asset objects reloaded before import = 0Number of asset objects unloaded after import = 79

========================================================================
Received Import Request.
  Time since last request: 0.000039 seconds.
  path: Assets/03_Prefabs/Monster/Snow/Monster_55_Ice Turtle.prefab
  artifactKey: Guid(4f8b1f0789be7254186874bae6766de8) Importer(2089858483,0ecaa5967403d082aa24f35e1b516d23)
Start importing Assets/03_Prefabs/Monster/Snow/Monster_55_Ice Turtle.prefab using Guid(4f8b1f0789be7254186874bae6766de8) Importer(2089858483,0ecaa5967403d082aa24f35e1b516d23) (ScriptedImporter) -> (artifact id: 'f97da8e7876bf1f7564a4f70eee83791') in 0.4206221 seconds
Number of updated asset objects reloaded before import = 0Number of asset objects unloaded after import = 127

========================================================================
Received Import Request.
  Time since last request: 0.000059 seconds.
  path: Assets/03_Prefabs/Monster/Snow/Monster_37_Polar Wolf.prefab
  artifactKey: Guid(1d427ad04c3dd6a41b1927f522582431) Importer(2089858483,0ecaa5967403d082aa24f35e1b516d23)
Start importing Assets/03_Prefabs/Monster/Snow/Monster_37_Polar Wolf.prefab using Guid(1d427ad04c3dd6a41b1927f522582431) Importer(2089858483,0ecaa5967403d082aa24f35e1b516d23) (ScriptedImporter) -> (artifact id: 'b75f2a7a5ea5af7c17a71d34eca8ed80') in 0.3525143 seconds
Number of updated asset objects reloaded before import = 0Number of asset objects unloaded after import = 100

========================================================================
Received Import Request.
  Time since last request: 0.000032 seconds.
  path: Assets/03_Prefabs/Monster/Forest/Monster_83_Warrior Orc.prefab
  artifactKey: Guid(9561c98a78d0a7846aec35d10ad7a152) Importer(2089858483,0ecaa5967403d082aa24f35e1b516d23)
Start importing Assets/03_Prefabs/Monster/Forest/Monster_83_Warrior Orc.prefab using Guid(9561c98a78d0a7846aec35d10ad7a152) Importer(2089858483,0ecaa5967403d082aa24f35e1b516d23) (ScriptedImporter) -> (artifact id: 'aa7badce89fd81f680fa38fc3bd4349a') in 0.2888367 seconds
Number of updated asset objects reloaded before import = 0Number of asset objects unloaded after import = 101

========================================================================
Received Import Request.
  Time since last request: 0.000063 seconds.
  path: Assets/03_Prefabs/Gamble/Roulette/Piece.prefab
  artifactKey: Guid(23046b207c47b0c41a53957d59b15a7c) Importer(2089858483,0ecaa5967403d082aa24f35e1b516d23)
Start importing Assets/03_Prefabs/Gamble/Roulette/Piece.prefab using Guid(23046b207c47b0c41a53957d59b15a7c) Importer(2089858483,0ecaa5967403d082aa24f35e1b516d23) (ScriptedImporter) -> (artifact id: '5942e640b0efd0ec83ef7608d4095e41') in 0.5161424 seconds
Number of updated asset objects reloaded before import = 0Number of asset objects unloaded after import = 16

========================================================================
Received Import Request.
  Time since last request: 0.000052 seconds.
  path: Assets/02_Sprites/SkillIcon/Debuff/SPDDown.png
  artifactKey: Guid(0962d842558e55148b6aa3cda572d3fa) Importer(2089858483,0ecaa5967403d082aa24f35e1b516d23)
Start importing Assets/02_Sprites/SkillIcon/Debuff/SPDDown.png using Guid(0962d842558e55148b6aa3cda572d3fa) Importer(2089858483,0ecaa5967403d082aa24f35e1b516d23) (ScriptedImporter) -> (artifact id: '3df1fc67efc6d435c22a9fa078abdfce') in 0.0925115 seconds
Number of updated asset objects reloaded before import = 0Number of asset objects unloaded after import = 3

========================================================================
Received Import Request.
  Time since last request: 0.000038 seconds.
  path: Assets/02_Sprites/ItemIcon/Weapon/W015.png
  artifactKey: Guid(5bfc9b2559fa4574bb3fa3ab76915787) Importer(2089858483,0ecaa5967403d082aa24f35e1b516d23)
Start importing Assets/02_Sprites/ItemIcon/Weapon/W015.png using Guid(5bfc9b2559fa4574bb3fa3ab76915787) Importer(2089858483,0ecaa5967403d082aa24f35e1b516d23) (ScriptedImporter) -> (artifact id: '6f168fea2edb2df0f4b89c30a8c8cc4b') in 0.0671962 seconds
Number of updated asset objects reloaded before import = 0Number of asset objects unloaded after import = 3

========================================================================
Received Import Request.
  Time since last request: 0.000027 seconds.
  path: Assets/03_Prefabs/Monster/Snow/Monster_92_Frost Lizard.prefab
  artifactKey: Guid(bfce1d4a72820f84abcc40efaa9f6138) Importer(2089858483,0ecaa5967403d082aa24f35e1b516d23)
Start importing Assets/03_Prefabs/Monster/Snow/Monster_92_Frost Lizard.prefab using Guid(bfce1d4a72820f84abcc40efaa9f6138) Importer(2089858483,0ecaa5967403d082aa24f35e1b516d23) (ScriptedImporter) -> (artifact id: 'bd208bb2993abb343b6b506609d6aaed') in 0.33722 seconds
Number of updated asset objects reloaded before import = 0Number of asset objects unloaded after import = 107

========================================================================
Received Import Request.
  Time since last request: 0.000038 seconds.
  path: Assets/03_Prefabs/PlayerUnitPrefabs/UI_Prefabs/Female_Chain_01_UI.prefab
  artifactKey: Guid(2d19204cff4699946940a491870ae846) Importer(2089858483,0ecaa5967403d082aa24f35e1b516d23)
Start importing Assets/03_Prefabs/PlayerUnitPrefabs/UI_Prefabs/Female_Chain_01_UI.prefab using Guid(2d19204cff4699946940a491870ae846) Importer(2089858483,0ecaa5967403d082aa24f35e1b516d23) (ScriptedImporter) -> (artifact id: '1c0ac1d21b06a1d0cd26c9a31ab590f2') in 0.0679979 seconds
Number of updated asset objects reloaded before import = 0Number of asset objects unloaded after import = 69

========================================================================
Received Import Request.
  Time since last request: 0.000030 seconds.
  path: Assets/03_Prefabs/PlayerUnitPrefabs/T/Male_Under_01.prefab
  artifactKey: Guid(61b599d318e609e4a9cedc632fe8c0f8) Importer(2089858483,0ecaa5967403d082aa24f35e1b516d23)
Start importing Assets/03_Prefabs/PlayerUnitPrefabs/T/Male_Under_01.prefab using Guid(61b599d318e609e4a9cedc632fe8c0f8) Importer(2089858483,0ecaa5967403d082aa24f35e1b516d23) (ScriptedImporter) -> (artifact id: '9b6f793ca3f4bccf4e462875f546f8c4') in 0.1445759 seconds
Number of updated asset objects reloaded before import = 0Number of asset objects unloaded after import = 127

========================================================================
Received Import Request.
  Time since last request: 0.000043 seconds.
  path: Assets/04_ScriptableObject/Enemy/Cave/Bat.asset
  artifactKey: Guid(93b711f68b368534b8cc0c8a19a5284f) Importer(2089858483,0ecaa5967403d082aa24f35e1b516d23)
Start importing Assets/04_ScriptableObject/Enemy/Cave/Bat.asset using Guid(93b711f68b368534b8cc0c8a19a5284f) Importer(2089858483,0ecaa5967403d082aa24f35e1b516d23) (ScriptedImporter) -> (artifact id: '77737cf1795f3801820cb4ff099f99a7') in 0.0753608 seconds
Number of updated asset objects reloaded before import = 0Number of asset objects unloaded after import = 67

========================================================================
Received Import Request.
  Time since last request: 0.000039 seconds.
  path: Assets/03_Prefabs/PlayerUnitPrefabs/T/Male_Leather_01.prefab
  artifactKey: Guid(3270c5a94b744144abc4cb9cdbf88b4a) Importer(2089858483,0ecaa5967403d082aa24f35e1b516d23)
Start importing Assets/03_Prefabs/PlayerUnitPrefabs/T/Male_Leather_01.prefab using Guid(3270c5a94b744144abc4cb9cdbf88b4a) Importer(2089858483,0ecaa5967403d082aa24f35e1b516d23) (ScriptedImporter) -> (artifact id: '9fda4b926a327fcd412c2796e60a708c') in 0.1372422 seconds
Number of updated asset objects reloaded before import = 0Number of asset objects unloaded after import = 127

========================================================================
Received Import Request.
  Time since last request: 0.000048 seconds.
  path: Assets/03_Prefabs/PlayerUnitPrefabs/UI_Prefabs/Female_Plate_01_UI.prefab
  artifactKey: Guid(444c692492c65494fa3feac74269c413) Importer(2089858483,0ecaa5967403d082aa24f35e1b516d23)
Start importing Assets/03_Prefabs/PlayerUnitPrefabs/UI_Prefabs/Female_Plate_01_UI.prefab using Guid(444c692492c65494fa3feac74269c413) Importer(2089858483,0ecaa5967403d082aa24f35e1b516d23) (ScriptedImporter) -> (artifact id: '9ae48b2c3482da50142d730fb69372f4') in 0.0928001 seconds
Number of updated asset objects reloaded before import = 0Number of asset objects unloaded after import = 69

========================================================================
Received Import Request.
  Time since last request: 0.000049 seconds.
  path: Assets/03_Prefabs/PlayerUnitPrefabs/Animation/HumanM.overrideController
  artifactKey: Guid(83e57aa24e653d64190b30ed76f15e9f) Importer(2089858483,0ecaa5967403d082aa24f35e1b516d23)
Start importing Assets/03_Prefabs/PlayerUnitPrefabs/Animation/HumanM.overrideController using Guid(83e57aa24e653d64190b30ed76f15e9f) Importer(2089858483,0ecaa5967403d082aa24f35e1b516d23) (ScriptedImporter) -> (artifact id: 'eb60bbebc16604ebd0bbc00e97237c14') in 0.2030867 seconds
Number of updated asset objects reloaded before import = 0Number of asset objects unloaded after import = 37

========================================================================
Received Import Request.
  Time since last request: 0.000026 seconds.
  path: Assets/03_Prefabs/PlayerUnitPrefabs/UI_Prefabs/Female_Plate_02_UI.prefab
  artifactKey: Guid(bbbe0ac8eb40c24418beb5808b2b2e09) Importer(2089858483,0ecaa5967403d082aa24f35e1b516d23)
Start importing Assets/03_Prefabs/PlayerUnitPrefabs/UI_Prefabs/Female_Plate_02_UI.prefab using Guid(bbbe0ac8eb40c24418beb5808b2b2e09) Importer(2089858483,0ecaa5967403d082aa24f35e1b516d23) (ScriptedImporter) -> (artifact id: 'f7292087fedf2f6059a1518f450123ac') in 0.0604868 seconds
Number of updated asset objects reloaded before import = 0Number of asset objects unloaded after import = 69

========================================================================
Received Import Request.
  Time since last request: 0.000046 seconds.
  path: Assets/03_Prefabs/PlayerUnitPrefabs/UI_Prefabs/Male_Plate_01_UI.prefab
  artifactKey: Guid(34408c5184d1f7e409ec96c3eba6050f) Importer(2089858483,0ecaa5967403d082aa24f35e1b516d23)
Start importing Assets/03_Prefabs/PlayerUnitPrefabs/UI_Prefabs/Male_Plate_01_UI.prefab using Guid(34408c5184d1f7e409ec96c3eba6050f) Importer(2089858483,0ecaa5967403d082aa24f35e1b516d23) (ScriptedImporter) -> (artifact id: '2b8c937e835a2b2ec7e37432c61f6c73') in 0.0666257 seconds
Number of updated asset objects reloaded before import = 0Number of asset objects unloaded after import = 68

========================================================================
Received Import Request.
  Time since last request: 0.000025 seconds.
  path: Assets/03_Prefabs/PlayerUnitPrefabs/Animation/2hand-attack-v.anim
  artifactKey: Guid(f07dea0cbd9b71f438e433e9365d42ec) Importer(2089858483,0ecaa5967403d082aa24f35e1b516d23)
Start importing Assets/03_Prefabs/PlayerUnitPrefabs/Animation/2hand-attack-v.anim using Guid(f07dea0cbd9b71f438e433e9365d42ec) Importer(2089858483,0ecaa5967403d082aa24f35e1b516d23) (ScriptedImporter) -> (artifact id: '0976554ca85d746060163b80e7236529') in 0.0569014 seconds
Number of updated asset objects reloaded before import = 0Number of asset objects unloaded after import = 1

========================================================================
Received Import Request.
  Time since last request: 0.000022 seconds.
  path: Assets/03_Prefabs/PlayerUnitPrefabs/UI_Prefabs/Male_Leather_01_UI.prefab
  artifactKey: Guid(a369a3e3d2a12f04aa43b2a8f7bbf17a) Importer(2089858483,0ecaa5967403d082aa24f35e1b516d23)
Start importing Assets/03_Prefabs/PlayerUnitPrefabs/UI_Prefabs/Male_Leather_01_UI.prefab using Guid(a369a3e3d2a12f04aa43b2a8f7bbf17a) Importer(2089858483,0ecaa5967403d082aa24f35e1b516d23) (ScriptedImporter) -> (artifact id: '98558aa03b7c59ae8e84bcdb5fc1805e') in 0.0545246 seconds
Number of updated asset objects reloaded before import = 0Number of asset objects unloaded after import = 69

========================================================================
Received Import Request.
  Time since last request: 0.000032 seconds.
  path: Assets/03_Prefabs/PlayerUnitPrefabs/T/Female_Leather_01.prefab
  artifactKey: Guid(8e2d4d1601878e343ad61a89a8808a1e) Importer(2089858483,0ecaa5967403d082aa24f35e1b516d23)
Start importing Assets/03_Prefabs/PlayerUnitPrefabs/T/Female_Leather_01.prefab using Guid(8e2d4d1601878e343ad61a89a8808a1e) Importer(2089858483,0ecaa5967403d082aa24f35e1b516d23) (ScriptedImporter) -> (artifact id: '24fd972554668bd2ee91fd334b29908c') in 0.1256259 seconds
Number of updated asset objects reloaded before import = 0Number of asset objects unloaded after import = 125

========================================================================
Received Import Request.
  Time since last request: 0.000035 seconds.
  path: Assets/03_Prefabs/PlayerUnitPrefabs/UI_Prefabs/Male_Chain_01_UI.prefab
  artifactKey: Guid(6775662a50736a2468c7d9d321402bd5) Importer(2089858483,0ecaa5967403d082aa24f35e1b516d23)
Start importing Assets/03_Prefabs/PlayerUnitPrefabs/UI_Prefabs/Male_Chain_01_UI.prefab using Guid(6775662a50736a2468c7d9d321402bd5) Importer(2089858483,0ecaa5967403d082aa24f35e1b516d23) (ScriptedImporter) -> (artifact id: 'f886897ab11e499794fa1bf61287f901') in 0.0542727 seconds
Number of updated asset objects reloaded before import = 0Number of asset objects unloaded after import = 69

========================================================================
Received Import Request.
  Time since last request: 0.000040 seconds.
  path: Assets/04_ScriptableObject/Enemy/Cave/EvilOx.asset
  artifactKey: Guid(f0d34193828b45e42801af7ab5d68813) Importer(2089858483,0ecaa5967403d082aa24f35e1b516d23)
Start importing Assets/04_ScriptableObject/Enemy/Cave/EvilOx.asset using Guid(f0d34193828b45e42801af7ab5d68813) Importer(2089858483,0ecaa5967403d082aa24f35e1b516d23) (ScriptedImporter) -> (artifact id: 'f477e2b643c9655d296a7985979acf99') in 0.1813314 seconds
Number of updated asset objects reloaded before import = 0Number of asset objects unloaded after import = 69

========================================================================
Received Import Request.
  Time since last request: 0.000035 seconds.
  path: Assets/02_Sprites/SkillIcon/Buff/MRUp.png
  artifactKey: Guid(3b48da2af93777146ac3d4424afd1806) Importer(2089858483,0ecaa5967403d082aa24f35e1b516d23)
Start importing Assets/02_Sprites/SkillIcon/Buff/MRUp.png using Guid(3b48da2af93777146ac3d4424afd1806) Importer(2089858483,0ecaa5967403d082aa24f35e1b516d23) (ScriptedImporter) -> (artifact id: 'e0c4245c6abda81f90e05dfc4ab865d0') in 0.0718562 seconds
Number of updated asset objects reloaded before import = 0Number of asset objects unloaded after import = 3

========================================================================
Received Import Request.
  Time since last request: 0.000030 seconds.
  path: Assets/04_ScriptableObject/Enemy/Cave/GreenBat.asset
  artifactKey: Guid(a11315b6f700a604dad1a1b7ef280327) Importer(2089858483,0ecaa5967403d082aa24f35e1b516d23)
Start importing Assets/04_ScriptableObject/Enemy/Cave/GreenBat.asset using Guid(a11315b6f700a604dad1a1b7ef280327) Importer(2089858483,0ecaa5967403d082aa24f35e1b516d23) (ScriptedImporter) -> (artifact id: '6936315a2446ce00919b400a76319e27') in 0.1272541 seconds
Number of updated asset objects reloaded before import = 0Number of asset objects unloaded after import = 80

========================================================================
Received Import Request.
  Time since last request: 0.000085 seconds.
  path: Assets/03_Prefabs/Monster/Cave/Monster_40_Green Bat.prefab
  artifactKey: Guid(0050aa19a8567e5449b2fabb331a90c6) Importer(2089858483,0ecaa5967403d082aa24f35e1b516d23)
Start importing Assets/03_Prefabs/Monster/Cave/Monster_40_Green Bat.prefab using Guid(0050aa19a8567e5449b2fabb331a90c6) Importer(2089858483,0ecaa5967403d082aa24f35e1b516d23) (ScriptedImporter) -> (artifact id: 'de1d666cf83518dc0b221d32b99a24e0') in 0.1542789 seconds
Number of updated asset objects reloaded before import = 0Number of asset objects unloaded after import = 120

========================================================================
Received Import Request.
  Time since last request: 0.000135 seconds.
  path: Assets/02_Sprites/ItemIcon/Rune/49.png
  artifactKey: Guid(e7b344072f7ec9e448212b4facd4ee42) Importer(2089858483,0ecaa5967403d082aa24f35e1b516d23)
Start importing Assets/02_Sprites/ItemIcon/Rune/49.png using Guid(e7b344072f7ec9e448212b4facd4ee42) Importer(2089858483,0ecaa5967403d082aa24f35e1b516d23) (ScriptedImporter) -> (artifact id: 'd16aa296d21c03030ea4a52725fefad4') in 0.083461 seconds
Number of updated asset objects reloaded before import = 0Number of asset objects unloaded after import = 3

========================================================================
Received Import Request.
  Time since last request: 0.000028 seconds.
  path: Assets/03_Prefabs/Monster/Fire/Monster_31_Fire Rabbit.prefab
  artifactKey: Guid(78e7e0c9d330ac848a09fa5bd6c91b5b) Importer(2089858483,0ecaa5967403d082aa24f35e1b516d23)
Start importing Assets/03_Prefabs/Monster/Fire/Monster_31_Fire Rabbit.prefab using Guid(78e7e0c9d330ac848a09fa5bd6c91b5b) Importer(2089858483,0ecaa5967403d082aa24f35e1b516d23) (ScriptedImporter) -> (artifact id: 'a96b49b12f3251f7787a3989cc2d43e0') in 0.2221634 seconds
Number of updated asset objects reloaded before import = 0Number of asset objects unloaded after import = 76

========================================================================
Received Import Request.
  Time since last request: 0.000047 seconds.
  path: Assets/02_Sprites/ItemIcon/Jewelry/9.png
  artifactKey: Guid(015c59c05d4605442b4dda6ff3679630) Importer(2089858483,0ecaa5967403d082aa24f35e1b516d23)
Start importing Assets/02_Sprites/ItemIcon/Jewelry/9.png using Guid(015c59c05d4605442b4dda6ff3679630) Importer(2089858483,0ecaa5967403d082aa24f35e1b516d23) (ScriptedImporter) -> (artifact id: 'b8cd49c9062687cd5902145461715cb4') in 0.0656911 seconds
Number of updated asset objects reloaded before import = 0Number of asset objects unloaded after import = 3

========================================================================
Received Import Request.
  Time since last request: 0.000041 seconds.
  path: Assets/02_Sprites/ItemIcon/Consumable/P001.png
  artifactKey: Guid(2443376e1e8038f46aad0a0504032597) Importer(2089858483,0ecaa5967403d082aa24f35e1b516d23)
Start importing Assets/02_Sprites/ItemIcon/Consumable/P001.png using Guid(2443376e1e8038f46aad0a0504032597) Importer(2089858483,0ecaa5967403d082aa24f35e1b516d23) (ScriptedImporter) -> (artifact id: '840482266b65aca5375ba74ea0b78bff') in 0.0682139 seconds
Number of updated asset objects reloaded before import = 0Number of asset objects unloaded after import = 3

========================================================================
Received Import Request.
  Time since last request: 0.000030 seconds.
  path: Assets/02_Sprites/ItemIcon/Armor/26.png
  artifactKey: Guid(903f8f46ecb1f0b4a86668311e476e91) Importer(2089858483,0ecaa5967403d082aa24f35e1b516d23)
Start importing Assets/02_Sprites/ItemIcon/Armor/26.png using Guid(903f8f46ecb1f0b4a86668311e476e91) Importer(2089858483,0ecaa5967403d082aa24f35e1b516d23) (ScriptedImporter) -> (artifact id: '507ea2a33fc8090c0c66972d176f5d2c') in 0.0609732 seconds
Number of updated asset objects reloaded before import = 0Number of asset objects unloaded after import = 3

========================================================================
Received Import Request.
  Time since last request: 0.000017 seconds.
  path: Assets/Editor Default Resources/MasterAudio/prevTrackIcon.png
  artifactKey: Guid(c8e5bdefb205c144e92ea01193bc73de) Importer(2089858483,0ecaa5967403d082aa24f35e1b516d23)
Start importing Assets/Editor Default Resources/MasterAudio/prevTrackIcon.png using Guid(c8e5bdefb205c144e92ea01193bc73de) Importer(2089858483,0ecaa5967403d082aa24f35e1b516d23) (ScriptedImporter) -> (artifact id: 'dcf56c78c0afad452af5ce90ab590931') in 0.0558789 seconds
Number of updated asset objects reloaded before import = 0Number of asset objects unloaded after import = 1

========================================================================
Received Import Request.
  Time since last request: 0.000096 seconds.
  path: Assets/03_Prefabs/Monster/FinalCave/Monster_21_Skeleton Pirate.prefab
  artifactKey: Guid(41a6fef4d291f5040a9b549c31c5faca) Importer(2089858483,0ecaa5967403d082aa24f35e1b516d23)
Start importing Assets/03_Prefabs/Monster/FinalCave/Monster_21_Skeleton Pirate.prefab using Guid(41a6fef4d291f5040a9b549c31c5faca) Importer(2089858483,0ecaa5967403d082aa24f35e1b516d23) (ScriptedImporter) -> (artifact id: '603a30614fd6ba3394d1c28acf4ad1f1') in 0.1375528 seconds
Number of updated asset objects reloaded before import = 0Number of asset objects unloaded after import = 41

========================================================================
Received Import Request.
  Time since last request: 0.000021 seconds.
  path: Assets/TextMesh Pro/Shaders/TMP_SDF-Mobile SSD.shader
  artifactKey: Guid(c8d12adcee749c344b8117cf7c7eb912) Importer(2089858483,0ecaa5967403d082aa24f35e1b516d23)
Start importing Assets/TextMesh Pro/Shaders/TMP_SDF-Mobile SSD.shader using Guid(c8d12adcee749c344b8117cf7c7eb912) Importer(2089858483,0ecaa5967403d082aa24f35e1b516d23) (ScriptedImporter) -> (artifact id: '050d0737c7e416aaeabf6638e8bc6736') in 0.0373086 seconds
Number of updated asset objects reloaded before import = 0Number of asset objects unloaded after import = 1

========================================================================
Received Import Request.
  Time since last request: 0.000027 seconds.
  path: Assets/Dice2.5D/animations/Dice10Roll9.anim
  artifactKey: Guid(5294397401a059b45b92e60169a0bbeb) Importer(2089858483,0ecaa5967403d082aa24f35e1b516d23)
Start importing Assets/Dice2.5D/animations/Dice10Roll9.anim using Guid(5294397401a059b45b92e60169a0bbeb) Importer(2089858483,0ecaa5967403d082aa24f35e1b516d23) (ScriptedImporter) -> (artifact id: 'c0736c37c15f29568d19a08340609531') in 0.0351679 seconds
Number of updated asset objects reloaded before import = 0Number of asset objects unloaded after import = 1

========================================================================
Received Import Request.
  Time since last request: 0.000322 seconds.
  path: Assets/01_Scripts/Gamble/Roulette/RoulettePieceData.cs
  artifactKey: Guid(313b72f180803734db2fe48a7c2b7d68) Importer(2089858483,0ecaa5967403d082aa24f35e1b516d23)
Start importing Assets/01_Scripts/Gamble/Roulette/RoulettePieceData.cs using Guid(313b72f180803734db2fe48a7c2b7d68) Importer(2089858483,0ecaa5967403d082aa24f35e1b516d23) (ScriptedImporter) -> (artifact id: '5ecc959cc37a9becb843a48b8ae17afc') in 0.0234948 seconds
Number of updated asset objects reloaded before import = 0Number of asset objects unloaded after import = 0

========================================================================
Received Import Request.
  Time since last request: 0.000072 seconds.
  path: Assets/02_Sprites/ItemIcon/Jewelry/31.png
  artifactKey: Guid(4bb80746ebd54ae4fa378c6cfc5e3109) Importer(2089858483,0ecaa5967403d082aa24f35e1b516d23)
Start importing Assets/02_Sprites/ItemIcon/Jewelry/31.png using Guid(4bb80746ebd54ae4fa378c6cfc5e3109) Importer(2089858483,0ecaa5967403d082aa24f35e1b516d23) (ScriptedImporter) -> (artifact id: '45ca3a5a2ecba0d2932777034187782b') in 0.0648144 seconds
Number of updated asset objects reloaded before import = 0Number of asset objects unloaded after import = 3

========================================================================
Received Import Request.
  Time since last request: 0.000019 seconds.
  path: Assets/TextMesh Pro/Resources/LineBreaking Following Characters.txt
  artifactKey: Guid(fade42e8bc714b018fac513c043d323b) Importer(2089858483,0ecaa5967403d082aa24f35e1b516d23)
Start importing Assets/TextMesh Pro/Resources/LineBreaking Following Characters.txt using Guid(fade42e8bc714b018fac513c043d323b) Importer(2089858483,0ecaa5967403d082aa24f35e1b516d23) (ScriptedImporter) -> (artifact id: '66e0e2a2c07ee99ef8bec62b56158e11') in 0.0374386 seconds
Number of updated asset objects reloaded before import = 0Number of asset objects unloaded after import = 1

========================================================================
Received Import Request.
  Time since last request: 0.000044 seconds.
  path: Assets/02_Sprites/ItemIcon/Staff/21.png
  artifactKey: Guid(451bd7435a0fd1c4397746b585c5add5) Importer(2089858483,0ecaa5967403d082aa24f35e1b516d23)
Start importing Assets/02_Sprites/ItemIcon/Staff/21.png using Guid(451bd7435a0fd1c4397746b585c5add5) Importer(2089858483,0ecaa5967403d082aa24f35e1b516d23) (ScriptedImporter) -> (artifact id: '8d9655747422be49525e3a7dda646a24') in 0.106556 seconds
Number of updated asset objects reloaded before import = 0Number of asset objects unloaded after import = 3

========================================================================
Received Import Request.
  Time since last request: 0.000078 seconds.
  path: Assets/02_Sprites/ItemIcon/Consumable/P007.png
  artifactKey: Guid(6fea414eedbe8494094faadebbf45201) Importer(2089858483,0ecaa5967403d082aa24f35e1b516d23)
Start importing Assets/02_Sprites/ItemIcon/Consumable/P007.png using Guid(6fea414eedbe8494094faadebbf45201) Importer(2089858483,0ecaa5967403d082aa24f35e1b516d23) (ScriptedImporter) -> (artifact id: 'dabbe25aa9a1f443c23787a3ea7e6cf8') in 0.0817679 seconds
Number of updated asset objects reloaded before import = 0Number of asset objects unloaded after import = 3

========================================================================
Received Import Request.
  Time since last request: 0.000031 seconds.
  path: Assets/02_Sprites/ItemIcon/Consumable/P008.png
  artifactKey: Guid(6962842c4d205a14da32904d8250d7c3) Importer(2089858483,0ecaa5967403d082aa24f35e1b516d23)
Start importing Assets/02_Sprites/ItemIcon/Consumable/P008.png using Guid(6962842c4d205a14da32904d8250d7c3) Importer(2089858483,0ecaa5967403d082aa24f35e1b516d23) (ScriptedImporter) -> (artifact id: '4379acf3fcf700f12998678e54c0b355') in 0.0657434 seconds
Number of updated asset objects reloaded before import = 0Number of asset objects unloaded after import = 3

========================================================================
Received Import Request.
  Time since last request: 0.000024 seconds.
  path: Assets/04_ScriptableObject/Item/Consume/AD003.asset
  artifactKey: Guid(343ac80704be6b049afae1224c38f9f4) Importer(2089858483,0ecaa5967403d082aa24f35e1b516d23)
Start importing Assets/04_ScriptableObject/Item/Consume/AD003.asset using Guid(343ac80704be6b049afae1224c38f9f4) Importer(2089858483,0ecaa5967403d082aa24f35e1b516d23) (ScriptedImporter) -> (artifact id: 'eb0baa31c0101d2a2653aa507dcdc208') in 0.1073082 seconds
Number of updated asset objects reloaded before import = 0Number of asset objects unloaded after import = 2

========================================================================
Received Import Request.
  Time since last request: 0.000031 seconds.
  path: Assets/04_ScriptableObject/Item/Consume/H002.asset
  artifactKey: Guid(c81d406015379684f86b9a71672f599d) Importer(2089858483,0ecaa5967403d082aa24f35e1b516d23)
Start importing Assets/04_ScriptableObject/Item/Consume/H002.asset using Guid(c81d406015379684f86b9a71672f599d) Importer(2089858483,0ecaa5967403d082aa24f35e1b516d23) (ScriptedImporter) -> (artifact id: 'e3fb8759ba930015afb5e05a65ec67c9') in 0.0344325 seconds
Number of updated asset objects reloaded before import = 0Number of asset objects unloaded after import = 2

========================================================================
Received Import Request.
  Time since last request: 0.000078 seconds.
  path: Assets/04_ScriptableObject/Enemy/Forest/GrassRabbit.asset
  artifactKey: Guid(673b875c67e560d4a9a732391d77394a) Importer(2089858483,0ecaa5967403d082aa24f35e1b516d23)
Start importing Assets/04_ScriptableObject/Enemy/Forest/GrassRabbit.asset using Guid(673b875c67e560d4a9a732391d77394a) Importer(2089858483,0ecaa5967403d082aa24f35e1b516d23) (ScriptedImporter) -> (artifact id: '2b9d9970e2453344bf5aa68224b0c980') in 0.0435098 seconds
Number of updated asset objects reloaded before import = 0Number of asset objects unloaded after import = 23

========================================================================
Received Import Request.
  Time since last request: 0.000036 seconds.
  path: Assets/04_ScriptableObject/Enemy/Fire/MagmaTurtle.asset
  artifactKey: Guid(d2ed4529945b9834c89a4fa925bb69d2) Importer(2089858483,0ecaa5967403d082aa24f35e1b516d23)
Start importing Assets/04_ScriptableObject/Enemy/Fire/MagmaTurtle.asset using Guid(d2ed4529945b9834c89a4fa925bb69d2) Importer(2089858483,0ecaa5967403d082aa24f35e1b516d23) (ScriptedImporter) -> (artifact id: 'c32c069e37c73fb22449da7a32b741eb') in 0.0755337 seconds
Number of updated asset objects reloaded before import = 0Number of asset objects unloaded after import = 75

========================================================================
Received Import Request.
  Time since last request: 0.000029 seconds.
  path: Assets/04_ScriptableObject/Item/Consume/P001.asset
  artifactKey: Guid(4bf8849877b73c942a78b3b846b07f81) Importer(2089858483,0ecaa5967403d082aa24f35e1b516d23)
Start importing Assets/04_ScriptableObject/Item/Consume/P001.asset using Guid(4bf8849877b73c942a78b3b846b07f81) Importer(2089858483,0ecaa5967403d082aa24f35e1b516d23) (ScriptedImporter) -> (artifact id: '5bdb976c3e0e13d041dc9bda5bf4c99d') in 0.0411494 seconds
Number of updated asset objects reloaded before import = 0Number of asset objects unloaded after import = 2

========================================================================
Received Import Request.
  Time since last request: 0.000023 seconds.
  path: Assets/04_ScriptableObject/Enemy/Snow/FloatingIce.asset
  artifactKey: Guid(fcef1b154241ea644a96db342081188c) Importer(2089858483,0ecaa5967403d082aa24f35e1b516d23)
Start importing Assets/04_ScriptableObject/Enemy/Snow/FloatingIce.asset using Guid(fcef1b154241ea644a96db342081188c) Importer(2089858483,0ecaa5967403d082aa24f35e1b516d23) (ScriptedImporter) -> (artifact id: '7d6f664b01d1a64293eb149fa1c24c62') in 0.0761423 seconds
Number of updated asset objects reloaded before import = 0Number of asset objects unloaded after import = 59

========================================================================
Received Import Request.
  Time since last request: 0.000034 seconds.
  path: Assets/04_ScriptableObject/Item/Consume/DEF003.asset
  artifactKey: Guid(5e6330a6c29e9184e96060f06c7a8c43) Importer(2089858483,0ecaa5967403d082aa24f35e1b516d23)
Start importing Assets/04_ScriptableObject/Item/Consume/DEF003.asset using Guid(5e6330a6c29e9184e96060f06c7a8c43) Importer(2089858483,0ecaa5967403d082aa24f35e1b516d23) (ScriptedImporter) -> (artifact id: 'cd26b59515cf6de30c9c6fc2bf2fc9df') in 0.0305148 seconds
Number of updated asset objects reloaded before import = 0Number of asset objects unloaded after import = 2

========================================================================
Received Import Request.
  Time since last request: 0.000037 seconds.
  path: Assets/04_ScriptableObject/Enemy/Snow/SnowFox.asset
  artifactKey: Guid(669ad1365b079f94abcc8541680a6a52) Importer(2089858483,0ecaa5967403d082aa24f35e1b516d23)
Start importing Assets/04_ScriptableObject/Enemy/Snow/SnowFox.asset using Guid(669ad1365b079f94abcc8541680a6a52) Importer(2089858483,0ecaa5967403d082aa24f35e1b516d23) (ScriptedImporter) -> (artifact id: 'e3cc63ebbdae9126dbff07ec095e0967') in 0.0898971 seconds
Number of updated asset objects reloaded before import = 0Number of asset objects unloaded after import = 60

========================================================================
Received Import Request.
  Time since last request: 0.000032 seconds.
  path: Assets/04_ScriptableObject/Item/Consume/DEF001.asset
  artifactKey: Guid(af6142a68045e674286cf498cf69d996) Importer(2089858483,0ecaa5967403d082aa24f35e1b516d23)
Start importing Assets/04_ScriptableObject/Item/Consume/DEF001.asset using Guid(af6142a68045e674286cf498cf69d996) Importer(2089858483,0ecaa5967403d082aa24f35e1b516d23) (ScriptedImporter) -> (artifact id: '4025729ea77eadf4b8d8fd94fd0a0d2d') in 0.0419164 seconds
Number of updated asset objects reloaded before import = 0Number of asset objects unloaded after import = 2

========================================================================
Received Import Request.
  Time since last request: 0.000030 seconds.
  path: Assets/04_ScriptableObject/Item/Consume/MR001.asset
  artifactKey: Guid(8b7ce62ea6fbba1438de0bf26107b3c2) Importer(2089858483,0ecaa5967403d082aa24f35e1b516d23)
Start importing Assets/04_ScriptableObject/Item/Consume/MR001.asset using Guid(8b7ce62ea6fbba1438de0bf26107b3c2) Importer(2089858483,0ecaa5967403d082aa24f35e1b516d23) (ScriptedImporter) -> (artifact id: 'f74a4e63d5c45865dedc466e784bf563') in 0.0389217 seconds
Number of updated asset objects reloaded before import = 0Number of asset objects unloaded after import = 2

========================================================================
Received Import Request.
  Time since last request: 0.000028 seconds.
  path: Assets/04_ScriptableObject/Enemy/FinalStage/CorruptedKnight.asset
  artifactKey: Guid(0e2f58810b0c38b4782ac064c637e37b) Importer(2089858483,0ecaa5967403d082aa24f35e1b516d23)
Start importing Assets/04_ScriptableObject/Enemy/FinalStage/CorruptedKnight.asset using Guid(0e2f58810b0c38b4782ac064c637e37b) Importer(2089858483,0ecaa5967403d082aa24f35e1b516d23) (ScriptedImporter) -> (artifact id: '5714bd37a53bf70a933c08cf65e6177c') in 0.0335675 seconds
Number of updated asset objects reloaded before import = 0Number of asset objects unloaded after import = 1

========================================================================
Received Import Request.
  Time since last request: 0.000023 seconds.
  path: Assets/04_ScriptableObject/Item/Boss/3_TempBossWeapon2.asset
  artifactKey: Guid(aacc257bf150cfd4f8c76b7e18dfd93d) Importer(2089858483,0ecaa5967403d082aa24f35e1b516d23)
Start importing Assets/04_ScriptableObject/Item/Boss/3_TempBossWeapon2.asset using Guid(aacc257bf150cfd4f8c76b7e18dfd93d) Importer(2089858483,0ecaa5967403d082aa24f35e1b516d23) (ScriptedImporter) -> (artifact id: 'c0d176fb3a75a729848d02f8352bf520') in 0.0332327 seconds
Number of updated asset objects reloaded before import = 0Number of asset objects unloaded after import = 2

========================================================================
Received Import Request.
  Time since last request: 0.000035 seconds.
  path: Assets/04_ScriptableObject/Enemy/Snow/SnowRabbit.asset
  artifactKey: Guid(98f1c95a20af9f949aec539496878932) Importer(2089858483,0ecaa5967403d082aa24f35e1b516d23)
Start importing Assets/04_ScriptableObject/Enemy/Snow/SnowRabbit.asset using Guid(98f1c95a20af9f949aec539496878932) Importer(2089858483,0ecaa5967403d082aa24f35e1b516d23) (ScriptedImporter) -> (artifact id: 'eaa372e3566339a97980acb828d26907') in 0.0569114 seconds
Number of updated asset objects reloaded before import = 0Number of asset objects unloaded after import = 55

========================================================================
Received Import Request.
  Time since last request: 0.000036 seconds.
  path: Assets/04_ScriptableObject/Enemy/Forest/Flower.asset
  artifactKey: Guid(480de402654de4a4f8eb62e89d9275cc) Importer(2089858483,0ecaa5967403d082aa24f35e1b516d23)
Start importing Assets/04_ScriptableObject/Enemy/Forest/Flower.asset using Guid(480de402654de4a4f8eb62e89d9275cc) Importer(2089858483,0ecaa5967403d082aa24f35e1b516d23) (ScriptedImporter) -> (artifact id: '0e407105e8fb7aba9dcaa20a7e5aea1f') in 0.1026658 seconds
Number of updated asset objects reloaded before import = 0Number of asset objects unloaded after import = 143

========================================================================
Received Import Request.
  Time since last request: 0.000051 seconds.
  path: Assets/04_ScriptableObject/Enemy/Forest/ArmoredOrc.asset
  artifactKey: Guid(c7091aa5aa82b724eb7c42af9412b153) Importer(2089858483,0ecaa5967403d082aa24f35e1b516d23)
Start importing Assets/04_ScriptableObject/Enemy/Forest/ArmoredOrc.asset using Guid(c7091aa5aa82b724eb7c42af9412b153) Importer(2089858483,0ecaa5967403d082aa24f35e1b516d23) (ScriptedImporter) -> (artifact id: '1f74ebcc9daa42b9e3b0248ac03c7a3e') in 0.0827771 seconds
Number of updated asset objects reloaded before import = 0Number of asset objects unloaded after import = 61

========================================================================
Received Import Request.
  Time since last request: 0.000038 seconds.
  path: Assets/04_ScriptableObject/Item/Consume/AP002.asset
  artifactKey: Guid(fb55bdc7bf60af44db5bce9fb324b767) Importer(2089858483,0ecaa5967403d082aa24f35e1b516d23)
Start importing Assets/04_ScriptableObject/Item/Consume/AP002.asset using Guid(fb55bdc7bf60af44db5bce9fb324b767) Importer(2089858483,0ecaa5967403d082aa24f35e1b516d23) (ScriptedImporter) -> (artifact id: '528b2e476ee27b26ce013f592497a00f') in 0.0388069 seconds
Number of updated asset objects reloaded before import = 0Number of asset objects unloaded after import = 2

========================================================================
Received Import Request.
  Time since last request: 0.000030 seconds.
  path: Assets/04_ScriptableObject/Item/Consume/MR002.asset
  artifactKey: Guid(ab40f42734b1e91488a5b7f7e1022325) Importer(2089858483,0ecaa5967403d082aa24f35e1b516d23)
Start importing Assets/04_ScriptableObject/Item/Consume/MR002.asset using Guid(ab40f42734b1e91488a5b7f7e1022325) Importer(2089858483,0ecaa5967403d082aa24f35e1b516d23) (ScriptedImporter) -> (artifact id: 'aa7d32907f1c4166f35082d64807f313') in 0.0283026 seconds
Number of updated asset objects reloaded before import = 0Number of asset objects unloaded after import = 2

========================================================================
Received Import Request.
  Time since last request: 0.000030 seconds.
  path: Assets/04_ScriptableObject/Item/Nomal/1_SmeltingSpear.asset
  artifactKey: Guid(e1b9b4b073019b74fbfaa40556bffc27) Importer(2089858483,0ecaa5967403d082aa24f35e1b516d23)
Start importing Assets/04_ScriptableObject/Item/Nomal/1_SmeltingSpear.asset using Guid(e1b9b4b073019b74fbfaa40556bffc27) Importer(2089858483,0ecaa5967403d082aa24f35e1b516d23) (ScriptedImporter) -> (artifact id: 'ac4b8575b159876d0c4ec72cb8ffbf3b') in 0.0431862 seconds
Number of updated asset objects reloaded before import = 0Number of asset objects unloaded after import = 2

========================================================================
Received Import Request.
  Time since last request: 0.000029 seconds.
  path: Assets/04_ScriptableObject/Item/Rune/0_ApRune.asset
  artifactKey: Guid(a0ffefcfb8dc1aa40a85b31d28da585d) Importer(2089858483,0ecaa5967403d082aa24f35e1b516d23)
Start importing Assets/04_ScriptableObject/Item/Rune/0_ApRune.asset using Guid(a0ffefcfb8dc1aa40a85b31d28da585d) Importer(2089858483,0ecaa5967403d082aa24f35e1b516d23) (ScriptedImporter) -> (artifact id: '98a437b69a07480df212f28bdcf36372') in 0.0241978 seconds
Number of updated asset objects reloaded before import = 0Number of asset objects unloaded after import = 2

========================================================================
Received Import Request.
  Time since last request: 0.000024 seconds.
  path: Assets/04_ScriptableObject/Enemy/Fire/FireRabiit.asset
  artifactKey: Guid(d650264af16eb794bb62189476148151) Importer(2089858483,0ecaa5967403d082aa24f35e1b516d23)
Start importing Assets/04_ScriptableObject/Enemy/Fire/FireRabiit.asset using Guid(d650264af16eb794bb62189476148151) Importer(2089858483,0ecaa5967403d082aa24f35e1b516d23) (ScriptedImporter) -> (artifact id: '9143f138289b2d4982c081aa8bdef868') in 0.0404746 seconds
Number of updated asset objects reloaded before import = 0Number of asset objects unloaded after import = 36

========================================================================
Received Import Request.
  Time since last request: 0.000025 seconds.
  path: Assets/04_ScriptableObject/Enemy/Fire/FireGolem.asset
  artifactKey: Guid(78f5e5c94972e5f488f02582889c2bc5) Importer(2089858483,0ecaa5967403d082aa24f35e1b516d23)
Start importing Assets/04_ScriptableObject/Enemy/Fire/FireGolem.asset using Guid(78f5e5c94972e5f488f02582889c2bc5) Importer(2089858483,0ecaa5967403d082aa24f35e1b516d23) (ScriptedImporter) -> (artifact id: '6e6b0b2f036f134b122a657fa15e2b55') in 0.0852744 seconds
Number of updated asset objects reloaded before import = 0Number of asset objects unloaded after import = 71

========================================================================
Received Import Request.
  Time since last request: 0.000031 seconds.
  path: Assets/04_ScriptableObject/Item/Gamble/3_TempGambleWeapon4.asset
  artifactKey: Guid(8e6c7a81ef6fe6e42a20af9939087b5b) Importer(2089858483,0ecaa5967403d082aa24f35e1b516d23)
Start importing Assets/04_ScriptableObject/Item/Gamble/3_TempGambleWeapon4.asset using Guid(8e6c7a81ef6fe6e42a20af9939087b5b) Importer(2089858483,0ecaa5967403d082aa24f35e1b516d23) (ScriptedImporter) -> (artifact id: 'd1ea3ca8a912cc95212d8def304454cf') in 0.0265705 seconds
Number of updated asset objects reloaded before import = 0Number of asset objects unloaded after import = 2

========================================================================
Received Import Request.
  Time since last request: 0.000032 seconds.
  path: Assets/04_ScriptableObject/Enemy/Tutorail/BossTutorial.asset
  artifactKey: Guid(e90b274905c8c6b4bb799ac2c7879a9d) Importer(2089858483,0ecaa5967403d082aa24f35e1b516d23)
Start importing Assets/04_ScriptableObject/Enemy/Tutorail/BossTutorial.asset using Guid(e90b274905c8c6b4bb799ac2c7879a9d) Importer(2089858483,0ecaa5967403d082aa24f35e1b516d23) (ScriptedImporter) -> (artifact id: 'd00fe659dbaf7dd410f4bafc7f149a23') in 0.0683365 seconds
Number of updated asset objects reloaded before import = 0Number of asset objects unloaded after import = 98

========================================================================
Received Import Request.
  Time since last request: 0.000041 seconds.
  path: Assets/04_ScriptableObject/Item/Consume/DEF002.asset
  artifactKey: Guid(06216b61fe846d34eb4ad0ec47013e08) Importer(2089858483,0ecaa5967403d082aa24f35e1b516d23)
Start importing Assets/04_ScriptableObject/Item/Consume/DEF002.asset using Guid(06216b61fe846d34eb4ad0ec47013e08) Importer(2089858483,0ecaa5967403d082aa24f35e1b516d23) (ScriptedImporter) -> (artifact id: '3a963ba8c6a3b0d5e16b48b7ddaa6a22') in 0.0292999 seconds
Number of updated asset objects reloaded before import = 0Number of asset objects unloaded after import = 2

========================================================================
Received Import Request.
  Time since last request: 0.000020 seconds.
  path: Assets/04_ScriptableObject/Enemy/Tutorail/EvilSlime.asset
  artifactKey: Guid(0a16639aae353124db3dc342bf6a7ffd) Importer(2089858483,0ecaa5967403d082aa24f35e1b516d23)
Start importing Assets/04_ScriptableObject/Enemy/Tutorail/EvilSlime.asset using Guid(0a16639aae353124db3dc342bf6a7ffd) Importer(2089858483,0ecaa5967403d082aa24f35e1b516d23) (ScriptedImporter) -> (artifact id: '5b6259cac27fab8813e307224c79d2e2') in 0.0462486 seconds
Number of updated asset objects reloaded before import = 0Number of asset objects unloaded after import = 39

========================================================================
Received Import Request.
  Time since last request: 0.000025 seconds.
  path: Assets/04_ScriptableObject/Enemy/Tutorail/BaseSlime.asset
  artifactKey: Guid(30784f260ed01fc449a1a95b4c8778a4) Importer(2089858483,0ecaa5967403d082aa24f35e1b516d23)
Start importing Assets/04_ScriptableObject/Enemy/Tutorail/BaseSlime.asset using Guid(30784f260ed01fc449a1a95b4c8778a4) Importer(2089858483,0ecaa5967403d082aa24f35e1b516d23) (ScriptedImporter) -> (artifact id: '20bd806c2855d5c47c7d8a912f8f6ea1') in 0.0513564 seconds
Number of updated asset objects reloaded before import = 0Number of asset objects unloaded after import = 39

========================================================================
Received Import Request.
  Time since last request: 0.000030 seconds.
  path: Assets/04_ScriptableObject/Item/Nomal/0_BasicSpear.asset
  artifactKey: Guid(eb08e209af25a194b95c00d83db77bb1) Importer(2089858483,0ecaa5967403d082aa24f35e1b516d23)
Start importing Assets/04_ScriptableObject/Item/Nomal/0_BasicSpear.asset using Guid(eb08e209af25a194b95c00d83db77bb1) Importer(2089858483,0ecaa5967403d082aa24f35e1b516d23) (ScriptedImporter) -> (artifact id: '96861a00223f63aed5fac4bc2bb1b8cd') in 0.024678 seconds
Number of updated asset objects reloaded before import = 0Number of asset objects unloaded after import = 2

========================================================================
Received Import Request.
  Time since last request: 0.000041 seconds.
  path: Assets/02_Sprites/SkillIcon/Charged/27.png
  artifactKey: Guid(6f0fc18ce525a1642a8df7c5a9980af0) Importer(2089858483,0ecaa5967403d082aa24f35e1b516d23)
Start importing Assets/02_Sprites/SkillIcon/Charged/27.png using Guid(6f0fc18ce525a1642a8df7c5a9980af0) Importer(2089858483,0ecaa5967403d082aa24f35e1b516d23) (ScriptedImporter) -> (artifact id: '478d153cd878ef9e30f918b9ab9219c2') in 0.0469574 seconds
Number of updated asset objects reloaded before import = 0Number of asset objects unloaded after import = 3

========================================================================
Received Import Request.
  Time since last request: 0.000028 seconds.
  path: Assets/02_Sprites/ItemIcon/Staff/7.png
  artifactKey: Guid(4303cd8493ad2044b9020caa63b46cd7) Importer(2089858483,0ecaa5967403d082aa24f35e1b516d23)
Start importing Assets/02_Sprites/ItemIcon/Staff/7.png using Guid(4303cd8493ad2044b9020caa63b46cd7) Importer(2089858483,0ecaa5967403d082aa24f35e1b516d23) (ScriptedImporter) -> (artifact id: 'e144c8577b582605a79faaaa495211d8') in 0.0650315 seconds
Number of updated asset objects reloaded before import = 0Number of asset objects unloaded after import = 3

========================================================================
Received Import Request.
  Time since last request: 0.000032 seconds.
  path: Assets/01_Scripts/Gamble/Dice/Dice.cs
  artifactKey: Guid(06cb26e837ed8d94e9bd1859e0a2c0e8) Importer(2089858483,0ecaa5967403d082aa24f35e1b516d23)
Start importing Assets/01_Scripts/Gamble/Dice/Dice.cs using Guid(06cb26e837ed8d94e9bd1859e0a2c0e8) Importer(2089858483,0ecaa5967403d082aa24f35e1b516d23) (ScriptedImporter) -> (artifact id: 'a7a68ae86ef65fcfa4978a0a90a72513') in 0.0240996 seconds
Number of updated asset objects reloaded before import = 0Number of asset objects unloaded after import = 0

========================================================================
Received Import Request.
  Time since last request: 0.000017 seconds.
  path: Assets/02_Sprites/ItemIcon/Staff/23.png
  artifactKey: Guid(9d8c3a80434a9314bafb11da8e0c9dda) Importer(2089858483,0ecaa5967403d082aa24f35e1b516d23)
Start importing Assets/02_Sprites/ItemIcon/Staff/23.png using Guid(9d8c3a80434a9314bafb11da8e0c9dda) Importer(2089858483,0ecaa5967403d082aa24f35e1b516d23) (ScriptedImporter) -> (artifact id: 'f0cc88cbfbe220cb9853413b084f3e6a') in 0.0672352 seconds
Number of updated asset objects reloaded before import = 0Number of asset objects unloaded after import = 3

========================================================================
Received Import Request.
  Time since last request: 0.000032 seconds.
  path: Assets/SerializableDictionary/Example/SerializableDicitonary Example.unity
  artifactKey: Guid(6c0758ade4ba74b7493ce3806fa2f38b) Importer(2089858483,0ecaa5967403d082aa24f35e1b516d23)
Start importing Assets/SerializableDictionary/Example/SerializableDicitonary Example.unity using Guid(6c0758ade4ba74b7493ce3806fa2f38b) Importer(2089858483,0ecaa5967403d082aa24f35e1b516d23) (ScriptedImporter) -> (artifact id: '47e395669263b5425472b1ee9c777894') in 0.0218721 seconds
Number of updated asset objects reloaded before import = 0Number of asset objects unloaded after import = 1

========================================================================
Received Import Request.
  Time since last request: 0.000035 seconds.
  path: Assets/02_Sprites/ItemIcon/Staff/28.png
  artifactKey: Guid(1c3145ca306976c40826811927f7b1da) Importer(2089858483,0ecaa5967403d082aa24f35e1b516d23)
Start importing Assets/02_Sprites/ItemIcon/Staff/28.png using Guid(1c3145ca306976c40826811927f7b1da) Importer(2089858483,0ecaa5967403d082aa24f35e1b516d23) (ScriptedImporter) -> (artifact id: '844695436bc27163962993ae177a76b1') in 0.0539904 seconds
Number of updated asset objects reloaded before import = 0Number of asset objects unloaded after import = 3

========================================================================
Received Import Request.
  Time since last request: 0.000025 seconds.
  path: Assets/02_Sprites/ItemIcon/Jewelry/42.png
  artifactKey: Guid(3e04fcd73635b2d43a8058f0f9b34264) Importer(2089858483,0ecaa5967403d082aa24f35e1b516d23)
Start importing Assets/02_Sprites/ItemIcon/Jewelry/42.png using Guid(3e04fcd73635b2d43a8058f0f9b34264) Importer(2089858483,0ecaa5967403d082aa24f35e1b516d23) (ScriptedImporter) -> (artifact id: '73cafc0cd67c3d041065ee496be1781a') in 0.0635552 seconds
Number of updated asset objects reloaded before import = 0Number of asset objects unloaded after import = 3

========================================================================
Received Import Request.
  Time since last request: 0.000039 seconds.
  path: Assets/Dice2.5D/animations/DiceRolling.anim
  artifactKey: Guid(e62ced3ff7299564db66bd2007f6eb01) Importer(2089858483,0ecaa5967403d082aa24f35e1b516d23)
Start importing Assets/Dice2.5D/animations/DiceRolling.anim using Guid(e62ced3ff7299564db66bd2007f6eb01) Importer(2089858483,0ecaa5967403d082aa24f35e1b516d23) (ScriptedImporter) -> (artifact id: '913ac40b3ba151108749441f0c0d9797') in 0.0293088 seconds
Number of updated asset objects reloaded before import = 0Number of asset objects unloaded after import = 1

========================================================================
Received Import Request.
  Time since last request: 0.000030 seconds.
  path: Assets/Scripts/Steamworks.NET/SteamManager.cs
  artifactKey: Guid(ef4bffeda13d7a748973ff9204401c07) Importer(2089858483,0ecaa5967403d082aa24f35e1b516d23)
Start importing Assets/Scripts/Steamworks.NET/SteamManager.cs using Guid(ef4bffeda13d7a748973ff9204401c07) Importer(2089858483,0ecaa5967403d082aa24f35e1b516d23) (ScriptedImporter) -> (artifact id: '97738f05b78a2273bcc446dd26806350') in 0.0259763 seconds
Number of updated asset objects reloaded before import = 0Number of asset objects unloaded after import = 0

========================================================================
Received Import Request.
  Time since last request: 0.000094 seconds.
  path: Assets/04_ScriptableObject/Enemy/Snow/SnowLizard.asset
  artifactKey: Guid(8925e99c57ab6e14ba084692ddcb0ad0) Importer(2089858483,0ecaa5967403d082aa24f35e1b516d23)
Start importing Assets/04_ScriptableObject/Enemy/Snow/SnowLizard.asset using Guid(8925e99c57ab6e14ba084692ddcb0ad0) Importer(2089858483,0ecaa5967403d082aa24f35e1b516d23) (ScriptedImporter) -> (artifact id: 'e428fa35ce8f3ed31153aa6f9aff490c') in 0.0711729 seconds
Number of updated asset objects reloaded before import = 0Number of asset objects unloaded after import = 67

========================================================================
Received Import Request.
  Time since last request: 0.000035 seconds.
  path: Assets/02_Sprites/ItemIcon/Sword/6.png
  artifactKey: Guid(cd2903410a69a624e933417b01ace675) Importer(2089858483,0ecaa5967403d082aa24f35e1b516d23)
Start importing Assets/02_Sprites/ItemIcon/Sword/6.png using Guid(cd2903410a69a624e933417b01ace675) Importer(2089858483,0ecaa5967403d082aa24f35e1b516d23) (ScriptedImporter) -> (artifact id: 'ed69f790fd78c63121657fc3b90f12b0') in 0.0700885 seconds
Number of updated asset objects reloaded before import = 0Number of asset objects unloaded after import = 3

========================================================================
Received Import Request.
  Time since last request: 0.000046 seconds.
  path: Assets/02_Sprites/ItemIcon/Weapon/W004.png
  artifactKey: Guid(24128d7128f78b44585edd26a16f2d70) Importer(2089858483,0ecaa5967403d082aa24f35e1b516d23)
Start importing Assets/02_Sprites/ItemIcon/Weapon/W004.png using Guid(24128d7128f78b44585edd26a16f2d70) Importer(2089858483,0ecaa5967403d082aa24f35e1b516d23) (ScriptedImporter) -> (artifact id: '4bc31a5525e4fd2db704f2012d545d88') in 0.057167 seconds
Number of updated asset objects reloaded before import = 0Number of asset objects unloaded after import = 3

========================================================================
Received Import Request.
  Time since last request: 0.000026 seconds.
  path: Assets/02_Sprites/ItemIcon/Rune/45.png
  artifactKey: Guid(8ab0eac433afb1f49ada13502f364d70) Importer(2089858483,0ecaa5967403d082aa24f35e1b516d23)
Start importing Assets/02_Sprites/ItemIcon/Rune/45.png using Guid(8ab0eac433afb1f49ada13502f364d70) Importer(2089858483,0ecaa5967403d082aa24f35e1b516d23) (ScriptedImporter) -> (artifact id: 'd974dae2d796706a2742d273eca6a851') in 0.0682656 seconds
Number of updated asset objects reloaded before import = 0Number of asset objects unloaded after import = 3

========================================================================
Received Prepare
Begin MonoManager ReloadAssembly
[Licensing::Client] Successfully resolved entitlement details
- Loaded All Assemblies, in 10.430 seconds
Refreshing native plugins compatible for Editor in 15.65 ms, found 9 plugins.
Native extension for WindowsStandalone target not found
[Package Manager] Failed to launch server process. Reason: Unity was launched with the -noUpm command-line argument
[Package Manager] Unable to send message (not connected to server process).
[Package Manager] Cannot connect to Unity Package Manager local server
Mono: successfully reloaded assembly
- Finished resetting the current domain, in  3.118 seconds
Domain Reload Profiling: 13645ms
	BeginReloadAssembly (4350ms)
		ExecutionOrderSort (0ms)
		DisableScriptedObjects (380ms)
		BackupInstance (0ms)
		ReleaseScriptingObjects (10ms)
		CreateAndSetChildDomain (2717ms)
	RebuildCommonClasses (231ms)
	RebuildNativeTypeToScriptingClass (47ms)
	initialDomainReloadingComplete (467ms)
	LoadAllAssembliesAndSetupDomain (5431ms)
		LoadAssemblies (3994ms)
		RebuildTransferFunctionScriptingTraits (0ms)
		AnalyzeDomain (1937ms)
			TypeCache.Refresh (71ms)
				TypeCache.ScanAssembly (0ms)
			BuildScriptInfoCaches (1505ms)
			ResolveRequiredComponents (153ms)
	FinalizeReload (3119ms)
		ReleaseScriptCaches (0ms)
		RebuildScriptCaches (0ms)
		SetupLoadedEditorAssemblies (2631ms)
			LogAssemblyErrors (0ms)
			InitializePlatformSupportModulesInManaged (7ms)
			SetLoadedEditorAssemblies (19ms)
			BeforeProcessingInitializeOnLoad (819ms)
			ProcessInitializeOnLoadAttributes (1548ms)
			ProcessInitializeOnLoadMethodAttributes (218ms)
			AfterProcessingInitializeOnLoad (17ms)
			EditorAssembliesLoaded (1ms)
		ExecutionOrderSort2 (0ms)
		AwakeInstancesAfterBackupRestoration (25ms)
WARNING: Shader Unsupported: 'Hidden/Universal Render Pipeline/Terrain/Lit (Base Pass)' - All subshaders removed
WARNING: Shader Did you use #pragma only_renderers and omit this platform?
WARNING: Shader If subshaders removal was intentional, you may have forgotten turning Fallback off?
WARNING: Shader Unsupported: 'Hidden/Universal Render Pipeline/Terrain/Lit (Base Pass)' - All subshaders removed
WARNING: Shader Did you use #pragma only_renderers and omit this platform?
WARNING: Shader If subshaders removal was intentional, you may have forgotten turning Fallback off?
WARNING: Shader Unsupported: 'Universal Render Pipeline/Terrain/Lit' - All subshaders removed
WARNING: Shader Did you use #pragma only_renderers and omit this platform?
WARNING: Shader If subshaders removal was intentional, you may have forgotten turning Fallback off?
WARNING: Shader Unsupported: 'Universal Render Pipeline/Terrain/Lit' - All subshaders removed
WARNING: Shader Did you use #pragma only_renderers and omit this platform?
WARNING: Shader If subshaders removal was intentional, you may have forgotten turning Fallback off?
Refreshing native plugins compatible for Editor in 6.25 ms, found 9 plugins.
Preloading 0 native plugins for Editor in 0.00 ms.
Unloading 184 Unused Serialized files (Serialized files now loaded: 0)
Unloading 8339 unused Assets / (25.4 MB). Loaded Objects now: 8755.
Memory consumption went from 195.5 MB to 170.1 MB.
Total: 45.236100 ms (FindLiveObjects: 2.984500 ms CreateObjectMapping: 2.265100 ms MarkObjects: 15.481500 ms  DeleteObjects: 24.500600 ms)

Prepare: number of updated asset objects reloaded= 0
========================================================================
Received Prepare
Begin MonoManager ReloadAssembly
[Licensing::Client] Successfully resolved entitlement details
- Loaded All Assemblies, in  3.555 seconds
Refreshing native plugins compatible for Editor in 7.82 ms, found 9 plugins.
Native extension for WindowsStandalone target not found
[Package Manager] Failed to launch server process. Reason: Unity was launched with the -noUpm command-line argument
[Package Manager] Unable to send message (not connected to server process).
[Package Manager] Cannot connect to Unity Package Manager local server
Mono: successfully reloaded assembly
- Finished resetting the current domain, in  3.403 seconds
Domain Reload Profiling: 6963ms
	BeginReloadAssembly (835ms)
		ExecutionOrderSort (0ms)
		DisableScriptedObjects (66ms)
		BackupInstance (0ms)
		ReleaseScriptingObjects (3ms)
		CreateAndSetChildDomain (211ms)
	RebuildCommonClasses (101ms)
	RebuildNativeTypeToScriptingClass (31ms)
	initialDomainReloadingComplete (92ms)
	LoadAllAssembliesAndSetupDomain (2500ms)
		LoadAssemblies (1927ms)
		RebuildTransferFunctionScriptingTraits (0ms)
		AnalyzeDomain (976ms)
			TypeCache.Refresh (15ms)
				TypeCache.ScanAssembly (0ms)
			BuildScriptInfoCaches (823ms)
			ResolveRequiredComponents (42ms)
	FinalizeReload (3405ms)
		ReleaseScriptCaches (0ms)
		RebuildScriptCaches (0ms)
		SetupLoadedEditorAssemblies (2938ms)
			LogAssemblyErrors (0ms)
			InitializePlatformSupportModulesInManaged (4ms)
			SetLoadedEditorAssemblies (16ms)
			BeforeProcessingInitializeOnLoad (913ms)
			ProcessInitializeOnLoadAttributes (1723ms)
			ProcessInitializeOnLoadMethodAttributes (260ms)
			AfterProcessingInitializeOnLoad (20ms)
			EditorAssembliesLoaded (1ms)
		ExecutionOrderSort2 (0ms)
		AwakeInstancesAfterBackupRestoration (33ms)
WARNING: Shader Unsupported: 'Hidden/Universal Render Pipeline/Terrain/Lit (Base Pass)' - All subshaders removed
WARNING: Shader Did you use #pragma only_renderers and omit this platform?
WARNING: Shader If subshaders removal was intentional, you may have forgotten turning Fallback off?
WARNING: Shader Unsupported: 'Hidden/Universal Render Pipeline/Terrain/Lit (Base Pass)' - All subshaders removed
WARNING: Shader Did you use #pragma only_renderers and omit this platform?
WARNING: Shader If subshaders removal was intentional, you may have forgotten turning Fallback off?
WARNING: Shader Unsupported: 'Universal Render Pipeline/Terrain/Lit' - All subshaders removed
WARNING: Shader Did you use #pragma only_renderers and omit this platform?
WARNING: Shader If subshaders removal was intentional, you may have forgotten turning Fallback off?
WARNING: Shader Unsupported: 'Universal Render Pipeline/Terrain/Lit' - All subshaders removed
WARNING: Shader Did you use #pragma only_renderers and omit this platform?
WARNING: Shader If subshaders removal was intentional, you may have forgotten turning Fallback off?
Refreshing native plugins compatible for Editor in 9.93 ms, found 9 plugins.
Preloading 0 native plugins for Editor in 0.00 ms.
Unloading 185 Unused Serialized files (Serialized files now loaded: 0)
Unloading 8334 unused Assets / (21.8 MB). Loaded Objects now: 8760.
Memory consumption went from 195.6 MB to 173.8 MB.
Total: 48.675300 ms (FindLiveObjects: 2.185500 ms CreateObjectMapping: 2.972200 ms MarkObjects: 16.095500 ms  DeleteObjects: 27.418000 ms)

Prepare: number of updated asset objects reloaded= 0
========================================================================
Received Prepare
Begin MonoManager ReloadAssembly
[Licensing::Client] Successfully resolved entitlement details
- Loaded All Assemblies, in  9.948 seconds
Refreshing native plugins compatible for Editor in 17.84 ms, found 9 plugins.
Native extension for WindowsStandalone target not found
[Package Manager] Failed to launch server process. Reason: Unity was launched with the -noUpm command-line argument
[Package Manager] Unable to send message (not connected to server process).
[Package Manager] Cannot connect to Unity Package Manager local server
Mono: successfully reloaded assembly
- Finished resetting the current domain, in  4.434 seconds
Domain Reload Profiling: 14389ms
	BeginReloadAssembly (4672ms)
		ExecutionOrderSort (5ms)
		DisableScriptedObjects (1076ms)
		BackupInstance (0ms)
		ReleaseScriptingObjects (16ms)
		CreateAndSetChildDomain (969ms)
	RebuildCommonClasses (170ms)
	RebuildNativeTypeToScriptingClass (47ms)
	initialDomainReloadingComplete (115ms)
	LoadAllAssembliesAndSetupDomain (4949ms)
		LoadAssemblies (4455ms)
		RebuildTransferFunctionScriptingTraits (0ms)
		AnalyzeDomain (1564ms)
			TypeCache.Refresh (119ms)
				TypeCache.ScanAssembly (0ms)
			BuildScriptInfoCaches (1350ms)
			ResolveRequiredComponents (40ms)
	FinalizeReload (4436ms)
		ReleaseScriptCaches (0ms)
		RebuildScriptCaches (0ms)
		SetupLoadedEditorAssemblies (3844ms)
			LogAssemblyErrors (0ms)
			InitializePlatformSupportModulesInManaged (7ms)
			SetLoadedEditorAssemblies (22ms)
			BeforeProcessingInitializeOnLoad (1100ms)
			ProcessInitializeOnLoadAttributes (2323ms)
			ProcessInitializeOnLoadMethodAttributes (368ms)
			AfterProcessingInitializeOnLoad (20ms)
			EditorAssembliesLoaded (3ms)
		ExecutionOrderSort2 (0ms)
		AwakeInstancesAfterBackupRestoration (45ms)
WARNING: Shader Unsupported: 'Hidden/Universal Render Pipeline/Terrain/Lit (Base Pass)' - All subshaders removed
WARNING: Shader Did you use #pragma only_renderers and omit this platform?
WARNING: Shader If subshaders removal was intentional, you may have forgotten turning Fallback off?
WARNING: Shader Unsupported: 'Hidden/Universal Render Pipeline/Terrain/Lit (Base Pass)' - All subshaders removed
WARNING: Shader Did you use #pragma only_renderers and omit this platform?
WARNING: Shader If subshaders removal was intentional, you may have forgotten turning Fallback off?
WARNING: Shader Unsupported: 'Universal Render Pipeline/Terrain/Lit' - All subshaders removed
WARNING: Shader Did you use #pragma only_renderers and omit this platform?
WARNING: Shader If subshaders removal was intentional, you may have forgotten turning Fallback off?
WARNING: Shader Unsupported: 'Universal Render Pipeline/Terrain/Lit' - All subshaders removed
WARNING: Shader Did you use #pragma only_renderers and omit this platform?
WARNING: Shader If subshaders removal was intentional, you may have forgotten turning Fallback off?
Refreshing native plugins compatible for Editor in 6.64 ms, found 9 plugins.
Preloading 0 native plugins for Editor in 0.00 ms.
Unloading 185 Unused Serialized files (Serialized files now loaded: 0)
Unloading 8334 unused Assets / (22.1 MB). Loaded Objects now: 8765.
Memory consumption went from 195.7 MB to 173.5 MB.
Total: 48.761100 ms (FindLiveObjects: 2.056000 ms CreateObjectMapping: 2.284000 ms MarkObjects: 16.314700 ms  DeleteObjects: 28.102500 ms)

Prepare: number of updated asset objects reloaded= 0
