[Licensing::Module] Trying to connect to existing licensing client channel...
Built from '6000.2/respin/6000.2.6f2-cc51a95c03' branch; Version is '6000.2.6f2 (4a4dcaec6541) revision 4869578'; Using compiler version '194234433'; Build Type 'Release'
[Licensing::IpcConnector] Successfully connected to: "LicenseClient-jsg91" at "2025-11-15T16:50:57.0027286Z"
OS: 'Windows 10  (10.0.19045) 64bit Core' Language: 'ko' Physical Memory: 16309 MB
BatchMode: 1, IsHumanControllingUs: 0, StartBugReporterOnCrash: 0, Is64bit: 1
Date: 2025-11-15T16:50:57Z

COMMAND LINE ARGUMENTS:
C:\Program Files\Unity\Hub\Editor\6000.2.6f2\Editor\Unity.exe
-adb2
-batchMode
-noUpm
-name
AssetImportWorker0
-projectPath
E:/UnityProject/Slot Advanture
-logFile
Logs/AssetImportWorker0.log
-srvPort
11715
-licensingIpc
LicenseClient-jsg91
-job-worker-count
3
-background-job-worker-count
8
-gc-helper-count
1
-name
AssetImport
Successfully changed project path to: E:/UnityProject/Slot Advanture
E:/UnityProject/Slot Advanture
[UnityMemory] Configuration Parameters - Can be set up in boot.config
    "memorysetup-allocator-temp-initial-block-size-main=262144"
    "memorysetup-allocator-temp-initial-block-size-worker=262144"
    "memorysetup-bucket-allocator-granularity=16"
    "memorysetup-bucket-allocator-bucket-count=8"
    "memorysetup-bucket-allocator-block-size=33554432"
    "memorysetup-bucket-allocator-block-count=8"
    "memorysetup-main-allocator-block-size=16777216"
    "memorysetup-thread-allocator-block-size=16777216"
    "memorysetup-gfx-main-allocator-block-size=16777216"
    "memorysetup-gfx-thread-allocator-block-size=16777216"
    "memorysetup-cache-allocator-block-size=4194304"
    "memorysetup-typetree-allocator-block-size=2097152"
    "memorysetup-profiler-bucket-allocator-granularity=16"
    "memorysetup-profiler-bucket-allocator-bucket-count=8"
    "memorysetup-profiler-bucket-allocator-block-size=33554432"
    "memorysetup-profiler-bucket-allocator-block-count=8"
    "memorysetup-profiler-allocator-block-size=16777216"
    "memorysetup-profiler-editor-allocator-block-size=1048576"
    "memorysetup-temp-allocator-size-main=16777216"
    "memorysetup-job-temp-allocator-block-size=2097152"
    "memorysetup-job-temp-allocator-block-size-background=1048576"
    "memorysetup-job-temp-allocator-reduction-small-platforms=262144"
    "memorysetup-temp-allocator-size-background-worker=32768"
    "memorysetup-temp-allocator-size-job-worker=262144"
    "memorysetup-temp-allocator-size-preload-manager=33554432"
    "memorysetup-temp-allocator-size-nav-mesh-worker=65536"
    "memorysetup-temp-allocator-size-audio-worker=65536"
    "memorysetup-temp-allocator-size-cloud-worker=32768"
    "memorysetup-temp-allocator-size-gi-baking-worker=262144"
    "memorysetup-temp-allocator-size-gi-baking-worker=262144"
    "memorysetup-temp-allocator-size-gi-baking-worker=262144"
    "memorysetup-temp-allocator-size-gi-baking-worker=262144"
    "memorysetup-temp-allocator-size-gi-baking-worker=262144"
    "memorysetup-temp-allocator-size-gfx=262144"
Player connection [24536]  Target information:

Player connection [24536]  * "[IP] 172.30.1.72 [Port] 0 [Flags] 2 [Guid] 917805775 [EditorId] 917805775 [Version] 1048832 [Id] WindowsEditor(7,DESKTOP-L09M1LS) [Debug] 1 [PackageName] WindowsEditor [ProjectName] Editor" 

Player connection [24536] Host joined multi-casting on [225.0.0.222:54997]...
Player connection [24536] Host joined alternative multi-casting on [225.0.0.222:34997]...
JobSystem: Creating JobQueue using job-worker-count value 3
Input System module state changed to: Initialized.
[Physics::Module] Initialized fallback backend.
[Physics::Module] Id: 0xdecafbad
[Licensing::Client] Code 10 while verifying Licensing Client signature (process Id: 18568, path: "C:/Program Files/Unity Hub/UnityLicensingClient_V1/Unity.Licensing.Client.exe")
[Licensing::Module] LicensingClient has failed validation; ignoring
[Licensing::Client] Handshaking with LicensingClient:
  Version:                 1.17.3+a4e98f1
  Session Id:              037a175cdc85423e95b60e86d1a275a9
  Correlation Id:          3ef4fd5fa8c28b9d4efdfcd7e7c68bbf
  External correlation Id: 8070301355392190039
  Machine Id:              zXvn4n8rpEBWTmCCnRCK30A+XeI=
[Licensing::Module] Successfully connected to LicensingClient on channel: "LicenseClient-jsg91" (connect: 0.00s, validation: 0.04s, handshake: 0.15s)
[Licensing::IpcConnector] Successfully connected to: "LicenseClient-jsg91-notifications" at "2025-11-15T16:50:57.1961927Z"
[Licensing::Module] Licensing Background thread has ended after 0.19s
Library Redirect Path: Library/
[Physics::Module] Selected backend.
[Physics::Module] Name: PhysX
[Physics::Module] Id: 0xf2b8ea05
[Physics::Module] SDK Version: 4.1.2
[Physics::Module] Integration Version: 1.0.0
[Physics::Module] Threading Mode: Multi-Threaded
Refreshing native plugins compatible for Editor in 79.49 ms, found 9 plugins.
Preloading 0 native plugins for Editor in 0.00 ms.
Initialize engine version: 6000.2.6f2 (4a4dcaec6541)
[Subsystems] Discovering subsystems at path C:/Program Files/Unity/Hub/Editor/6000.2.6f2/Editor/Data/Resources/UnitySubsystems
[Subsystems] Discovering subsystems at path E:/UnityProject/Slot Advanture/Assets
GfxDevice: creating device client; kGfxThreadingModeNonThreaded
Direct3D:
    Version:  Direct3D 11.0 [level 11.1]
    Renderer: NVIDIA GeForce RTX 2060 SUPER (ID=0x1f06)
    Vendor:   NVIDIA
    VRAM:     8006 MB
    Driver:   32.0.15.6094
Initialize mono
Mono path[0] = 'C:/Program Files/Unity/Hub/Editor/6000.2.6f2/Editor/Data/Managed'
Mono path[1] = 'C:/Program Files/Unity/Hub/Editor/6000.2.6f2/Editor/Data/MonoBleedingEdge/lib/mono/unityjit-win32'
Mono config path = 'C:/Program Files/Unity/Hub/Editor/6000.2.6f2/Editor/Data/MonoBleedingEdge/etc'
Using monoOptions --debugger-agent=transport=dt_socket,embedding=1,server=y,suspend=n,address=127.0.0.1:56156
Begin MonoManager ReloadAssembly
Registering precompiled unity dll's ...
Register platform support module: C:/Program Files/Unity/Hub/Editor/6000.2.6f2/Editor/Data/PlaybackEngines/WindowsStandaloneSupport/UnityEditor.WindowsStandalone.Extensions.dll
Registered in 0.007447 seconds.
- Loaded All Assemblies, in  1.461 seconds
Native extension for WindowsStandalone target not found
Mono: successfully reloaded assembly
- Finished resetting the current domain, in  0.955 seconds
Domain Reload Profiling: 2410ms
	BeginReloadAssembly (701ms)
		ExecutionOrderSort (0ms)
		DisableScriptedObjects (0ms)
		BackupInstance (0ms)
		ReleaseScriptingObjects (0ms)
		CreateAndSetChildDomain (2ms)
	RebuildCommonClasses (98ms)
	RebuildNativeTypeToScriptingClass (35ms)
	initialDomainReloadingComplete (132ms)
	LoadAllAssembliesAndSetupDomain (486ms)
		LoadAssemblies (692ms)
		RebuildTransferFunctionScriptingTraits (0ms)
		AnalyzeDomain (480ms)
			TypeCache.Refresh (477ms)
				TypeCache.ScanAssembly (439ms)
			BuildScriptInfoCaches (0ms)
			ResolveRequiredComponents (1ms)
	FinalizeReload (959ms)
		ReleaseScriptCaches (0ms)
		RebuildScriptCaches (0ms)
		SetupLoadedEditorAssemblies (801ms)
			LogAssemblyErrors (0ms)
			InitializePlatformSupportModulesInManaged (119ms)
			SetLoadedEditorAssemblies (12ms)
			BeforeProcessingInitializeOnLoad (200ms)
			ProcessInitializeOnLoadAttributes (307ms)
			ProcessInitializeOnLoadMethodAttributes (163ms)
			AfterProcessingInitializeOnLoad (0ms)
			EditorAssembliesLoaded (0ms)
		ExecutionOrderSort2 (0ms)
		AwakeInstancesAfterBackupRestoration (0ms)
========================================================================
Worker process is ready to serve import requests
Import Worker Mode flag is 0x00
Begin MonoManager ReloadAssembly
[Licensing::Client] Successfully resolved entitlement details
[Licensing::Module] License group:
  Id: 14568626684708-UnityPersXXXX
  Product: Unity Personal
  Type: Assigned
  Expiration: Unlimited
- Loaded All Assemblies, in  3.084 seconds
Refreshing native plugins compatible for Editor in 6.52 ms, found 9 plugins.
Native extension for WindowsStandalone target not found
Refreshing native plugins compatible for Editor in 6.21 ms, found 9 plugins.
Package Manager log level set to [2]
[Package Manager] Failed to launch server process. Reason: Unity was launched with the -noUpm command-line argument
[Package Manager] Unable to send message (not connected to server process).
[Package Manager] Cannot connect to Unity Package Manager local server
Mono: successfully reloaded assembly
- Finished resetting the current domain, in  3.585 seconds
Domain Reload Profiling: 6660ms
	BeginReloadAssembly (515ms)
		ExecutionOrderSort (0ms)
		DisableScriptedObjects (35ms)
		BackupInstance (0ms)
		ReleaseScriptingObjects (0ms)
		CreateAndSetChildDomain (72ms)
	RebuildCommonClasses (105ms)
	RebuildNativeTypeToScriptingClass (31ms)
	initialDomainReloadingComplete (100ms)
	LoadAllAssembliesAndSetupDomain (2323ms)
		LoadAssemblies (1558ms)
		RebuildTransferFunctionScriptingTraits (0ms)
		AnalyzeDomain (1043ms)
			TypeCache.Refresh (832ms)
				TypeCache.ScanAssembly (796ms)
			BuildScriptInfoCaches (165ms)
			ResolveRequiredComponents (39ms)
	FinalizeReload (3586ms)
		ReleaseScriptCaches (0ms)
		RebuildScriptCaches (0ms)
		SetupLoadedEditorAssemblies (3206ms)
			LogAssemblyErrors (0ms)
			InitializePlatformSupportModulesInManaged (4ms)
			SetLoadedEditorAssemblies (15ms)
			BeforeProcessingInitializeOnLoad (789ms)
			ProcessInitializeOnLoadAttributes (2102ms)
			ProcessInitializeOnLoadMethodAttributes (275ms)
			AfterProcessingInitializeOnLoad (19ms)
			EditorAssembliesLoaded (2ms)
		ExecutionOrderSort2 (0ms)
		AwakeInstancesAfterBackupRestoration (15ms)
WARNING: Shader Unsupported: 'Hidden/Universal Render Pipeline/Terrain/Lit (Base Pass)' - All subshaders removed
WARNING: Shader Did you use #pragma only_renderers and omit this platform?
WARNING: Shader If subshaders removal was intentional, you may have forgotten turning Fallback off?
WARNING: Shader Unsupported: 'Hidden/Universal Render Pipeline/Terrain/Lit (Base Pass)' - All subshaders removed
WARNING: Shader Did you use #pragma only_renderers and omit this platform?
WARNING: Shader If subshaders removal was intentional, you may have forgotten turning Fallback off?
WARNING: Shader Unsupported: 'Universal Render Pipeline/Terrain/Lit' - All subshaders removed
WARNING: Shader Did you use #pragma only_renderers and omit this platform?
WARNING: Shader If subshaders removal was intentional, you may have forgotten turning Fallback off?
WARNING: Shader Unsupported: 'Universal Render Pipeline/Terrain/Lit' - All subshaders removed
WARNING: Shader Did you use #pragma only_renderers and omit this platform?
WARNING: Shader If subshaders removal was intentional, you may have forgotten turning Fallback off?
Launched and connected shader compiler UnityShaderCompiler.exe after 0.08 seconds
Refreshing native plugins compatible for Editor in 8.67 ms, found 9 plugins.
Preloading 0 native plugins for Editor in 0.00 ms.
Unloading 185 Unused Serialized files (Serialized files now loaded: 0)
Unloading 8336 unused Assets / (24.3 MB). Loaded Objects now: 8711.
Memory consumption went from 196.4 MB to 172.0 MB.
Total: 28.573000 ms (FindLiveObjects: 1.173000 ms CreateObjectMapping: 1.861800 ms MarkObjects: 10.570500 ms  DeleteObjects: 14.966400 ms)

========================================================================
Received Import Request.
  Time since last request: 67606.896888 seconds.
  path: Assets/00_Scenes/GAMBLE.unity
  artifactKey: Guid(1662ab17497734948b9523d549bfb3e9) Importer(815301076,1909f56bfc062723c751e8b465ee728b)
Start importing Assets/00_Scenes/GAMBLE.unity using Guid(1662ab17497734948b9523d549bfb3e9) Importer(815301076,1909f56bfc062723c751e8b465ee728b) (PreviewImporter) -> (artifact id: 'f375741dc827e687f3e3027f9f1d75a6') in 0.0191301 seconds
Number of updated asset objects reloaded before import = 0Number of asset objects unloaded after import = 0

========================================================================
Received Prepare
Begin MonoManager ReloadAssembly
[Licensing::Client] Successfully resolved entitlement details
- Loaded All Assemblies, in  8.345 seconds
Refreshing native plugins compatible for Editor in 6.85 ms, found 9 plugins.
Native extension for WindowsStandalone target not found
[Package Manager] Failed to launch server process. Reason: Unity was launched with the -noUpm command-line argument
[Package Manager] Unable to send message (not connected to server process).
[Package Manager] Cannot connect to Unity Package Manager local server
Mono: successfully reloaded assembly
- Finished resetting the current domain, in  3.832 seconds
Domain Reload Profiling: 12192ms
	BeginReloadAssembly (3735ms)
		ExecutionOrderSort (26ms)
		DisableScriptedObjects (474ms)
		BackupInstance (0ms)
		ReleaseScriptingObjects (24ms)
		CreateAndSetChildDomain (796ms)
	RebuildCommonClasses (103ms)
	RebuildNativeTypeToScriptingClass (33ms)
	initialDomainReloadingComplete (132ms)
	LoadAllAssembliesAndSetupDomain (4355ms)
		LoadAssemblies (3517ms)
		RebuildTransferFunctionScriptingTraits (0ms)
		AnalyzeDomain (1270ms)
			TypeCache.Refresh (62ms)
				TypeCache.ScanAssembly (0ms)
			BuildScriptInfoCaches (1016ms)
			ResolveRequiredComponents (92ms)
	FinalizeReload (3834ms)
		ReleaseScriptCaches (0ms)
		RebuildScriptCaches (0ms)
		SetupLoadedEditorAssemblies (3203ms)
			LogAssemblyErrors (0ms)
			InitializePlatformSupportModulesInManaged (15ms)
			SetLoadedEditorAssemblies (60ms)
			BeforeProcessingInitializeOnLoad (1057ms)
			ProcessInitializeOnLoadAttributes (1818ms)
			ProcessInitializeOnLoadMethodAttributes (233ms)
			AfterProcessingInitializeOnLoad (18ms)
			EditorAssembliesLoaded (1ms)
		ExecutionOrderSort2 (0ms)
		AwakeInstancesAfterBackupRestoration (27ms)
WARNING: Shader Unsupported: 'Hidden/Universal Render Pipeline/Terrain/Lit (Base Pass)' - All subshaders removed
WARNING: Shader Did you use #pragma only_renderers and omit this platform?
WARNING: Shader If subshaders removal was intentional, you may have forgotten turning Fallback off?
WARNING: Shader Unsupported: 'Hidden/Universal Render Pipeline/Terrain/Lit (Base Pass)' - All subshaders removed
WARNING: Shader Did you use #pragma only_renderers and omit this platform?
WARNING: Shader If subshaders removal was intentional, you may have forgotten turning Fallback off?
WARNING: Shader Unsupported: 'Universal Render Pipeline/Terrain/Lit' - All subshaders removed
WARNING: Shader Did you use #pragma only_renderers and omit this platform?
WARNING: Shader If subshaders removal was intentional, you may have forgotten turning Fallback off?
WARNING: Shader Unsupported: 'Universal Render Pipeline/Terrain/Lit' - All subshaders removed
WARNING: Shader Did you use #pragma only_renderers and omit this platform?
WARNING: Shader If subshaders removal was intentional, you may have forgotten turning Fallback off?
Refreshing native plugins compatible for Editor in 5.50 ms, found 9 plugins.
Preloading 0 native plugins for Editor in 0.00 ms.
Unloading 185 Unused Serialized files (Serialized files now loaded: 0)
Unloading 8334 unused Assets / (22.9 MB). Loaded Objects now: 8719.
Memory consumption went from 195.3 MB to 172.4 MB.
Total: 58.054500 ms (FindLiveObjects: 2.148400 ms CreateObjectMapping: 2.304300 ms MarkObjects: 15.091600 ms  DeleteObjects: 38.506200 ms)

Prepare: number of updated asset objects reloaded= 0
========================================================================
Received Prepare
Begin MonoManager ReloadAssembly
[Licensing::Client] Successfully resolved entitlement details
- Loaded All Assemblies, in  4.707 seconds
Refreshing native plugins compatible for Editor in 6.92 ms, found 9 plugins.
Native extension for WindowsStandalone target not found
[Package Manager] Failed to launch server process. Reason: Unity was launched with the -noUpm command-line argument
[Package Manager] Unable to send message (not connected to server process).
[Package Manager] Cannot connect to Unity Package Manager local server
Mono: successfully reloaded assembly
- Finished resetting the current domain, in  3.380 seconds
Domain Reload Profiling: 8093ms
	BeginReloadAssembly (1116ms)
		ExecutionOrderSort (0ms)
		DisableScriptedObjects (214ms)
		BackupInstance (0ms)
		ReleaseScriptingObjects (4ms)
		CreateAndSetChildDomain (228ms)
	RebuildCommonClasses (138ms)
	RebuildNativeTypeToScriptingClass (64ms)
	initialDomainReloadingComplete (106ms)
	LoadAllAssembliesAndSetupDomain (3288ms)
		LoadAssemblies (2860ms)
		RebuildTransferFunctionScriptingTraits (0ms)
		AnalyzeDomain (762ms)
			TypeCache.Refresh (43ms)
				TypeCache.ScanAssembly (0ms)
			BuildScriptInfoCaches (661ms)
			ResolveRequiredComponents (44ms)
	FinalizeReload (3381ms)
		ReleaseScriptCaches (0ms)
		RebuildScriptCaches (0ms)
		SetupLoadedEditorAssemblies (2913ms)
			LogAssemblyErrors (0ms)
			InitializePlatformSupportModulesInManaged (3ms)
			SetLoadedEditorAssemblies (15ms)
			BeforeProcessingInitializeOnLoad (862ms)
			ProcessInitializeOnLoadAttributes (1661ms)
			ProcessInitializeOnLoadMethodAttributes (343ms)
			AfterProcessingInitializeOnLoad (26ms)
			EditorAssembliesLoaded (3ms)
		ExecutionOrderSort2 (0ms)
		AwakeInstancesAfterBackupRestoration (28ms)
WARNING: Shader Unsupported: 'Hidden/Universal Render Pipeline/Terrain/Lit (Base Pass)' - All subshaders removed
WARNING: Shader Did you use #pragma only_renderers and omit this platform?
WARNING: Shader If subshaders removal was intentional, you may have forgotten turning Fallback off?
WARNING: Shader Unsupported: 'Hidden/Universal Render Pipeline/Terrain/Lit (Base Pass)' - All subshaders removed
WARNING: Shader Did you use #pragma only_renderers and omit this platform?
WARNING: Shader If subshaders removal was intentional, you may have forgotten turning Fallback off?
WARNING: Shader Unsupported: 'Universal Render Pipeline/Terrain/Lit' - All subshaders removed
WARNING: Shader Did you use #pragma only_renderers and omit this platform?
WARNING: Shader If subshaders removal was intentional, you may have forgotten turning Fallback off?
WARNING: Shader Unsupported: 'Universal Render Pipeline/Terrain/Lit' - All subshaders removed
WARNING: Shader Did you use #pragma only_renderers and omit this platform?
WARNING: Shader If subshaders removal was intentional, you may have forgotten turning Fallback off?
Refreshing native plugins compatible for Editor in 6.36 ms, found 9 plugins.
Preloading 0 native plugins for Editor in 0.00 ms.
Unloading 185 Unused Serialized files (Serialized files now loaded: 0)
Unloading 8334 unused Assets / (21.7 MB). Loaded Objects now: 8724.
Memory consumption went from 195.3 MB to 173.6 MB.
Total: 42.243700 ms (FindLiveObjects: 2.461600 ms CreateObjectMapping: 2.971900 ms MarkObjects: 12.916600 ms  DeleteObjects: 23.889600 ms)

Prepare: number of updated asset objects reloaded= 0
========================================================================
Received Import Request.
  Time since last request: 413.017364 seconds.
  path: Assets/02_Sprites/Comunity icon.png
  artifactKey: Guid(89ffb37f294e377459326380a2a1362a) Importer(815301076,1909f56bfc062723c751e8b465ee728b)
Start importing Assets/02_Sprites/Comunity icon.png using Guid(89ffb37f294e377459326380a2a1362a) Importer(815301076,1909f56bfc062723c751e8b465ee728b) (PreviewImporter) -> (artifact id: 'e4c1dd6a34c65bc9dbd6f9ab32ce2326') in 0.3934829 seconds
Number of updated asset objects reloaded before import = 0Number of asset objects unloaded after import = 3

========================================================================
Received Import Request.
  Time since last request: 303.782303 seconds.
  path: Assets/Plugins/DarkTonic/MasterAudio/ExampleScenes/Prefabs/Player.prefab
  artifactKey: Guid(94aede0a2e612ea46bb78c4b8e476e90) Importer(815301076,1909f56bfc062723c751e8b465ee728b)
Start importing Assets/Plugins/DarkTonic/MasterAudio/ExampleScenes/Prefabs/Player.prefab using Guid(94aede0a2e612ea46bb78c4b8e476e90) Importer(815301076,1909f56bfc062723c751e8b465ee728b) (PreviewImporter) -> (artifact id: '68df07d49b6924887d468a7b19cb7116') in 0.6689509 seconds
Number of updated asset objects reloaded before import = 0Number of asset objects unloaded after import = 23

========================================================================
Received Import Request.
  Time since last request: 0.439411 seconds.
  path: Assets/03_Prefabs/Player SelectMark.prefab
  artifactKey: Guid(76961e8cbba0c59439bd93de2cf44ae8) Importer(815301076,1909f56bfc062723c751e8b465ee728b)
Start importing Assets/03_Prefabs/Player SelectMark.prefab using Guid(76961e8cbba0c59439bd93de2cf44ae8) Importer(815301076,1909f56bfc062723c751e8b465ee728b) (PreviewImporter) -> (artifact id: '153436d12cb94e5f9ddf68bd4d96a8d1') in 0.0662682 seconds
Number of updated asset objects reloaded before import = 0Number of asset objects unloaded after import = 9

========================================================================
Received Import Request.
  Time since last request: 7.485889 seconds.
  path: Assets/03_Prefabs/Map
  artifactKey: Guid(076882e0ebff08a49a65b14123c6a7d2) Importer(815301076,1909f56bfc062723c751e8b465ee728b)
Start importing Assets/03_Prefabs/Map using Guid(076882e0ebff08a49a65b14123c6a7d2) Importer(815301076,1909f56bfc062723c751e8b465ee728b) (PreviewImporter) -> (artifact id: 'd0e0816cdb7721840f84f9a542cfc733') in 0.0021997 seconds
Number of updated asset objects reloaded before import = 0Number of asset objects unloaded after import = 0

========================================================================
Received Import Request.
  Time since last request: 1.262721 seconds.
  path: Assets/03_Prefabs/Item
  artifactKey: Guid(b1e0441ab46d8594dabb97931429771f) Importer(815301076,1909f56bfc062723c751e8b465ee728b)
Start importing Assets/03_Prefabs/Item using Guid(b1e0441ab46d8594dabb97931429771f) Importer(815301076,1909f56bfc062723c751e8b465ee728b) (PreviewImporter) -> (artifact id: 'f6feaf3646edf8ecce37316118118a36') in 0.0016825 seconds
Number of updated asset objects reloaded before import = 0Number of asset objects unloaded after import = 0

========================================================================
Received Import Request.
  Time since last request: 0.484874 seconds.
  path: Assets/03_Prefabs/PlayerUnitPrefabs
  artifactKey: Guid(ee16c72ae7d602946a0f671f885ca1fa) Importer(815301076,1909f56bfc062723c751e8b465ee728b)
Start importing Assets/03_Prefabs/PlayerUnitPrefabs using Guid(ee16c72ae7d602946a0f671f885ca1fa) Importer(815301076,1909f56bfc062723c751e8b465ee728b) (PreviewImporter) -> (artifact id: 'fa9bb721bfb3d16ba185ca2e8679e16e') in 0.0016366 seconds
Number of updated asset objects reloaded before import = 0Number of asset objects unloaded after import = 0

========================================================================
Received Import Request.
  Time since last request: 1.214164 seconds.
  path: Assets/03_Prefabs/PlayerUnitPrefabs/UI_Prefabs
  artifactKey: Guid(5cf0a62584eab554680155b3e62320a7) Importer(815301076,1909f56bfc062723c751e8b465ee728b)
Start importing Assets/03_Prefabs/PlayerUnitPrefabs/UI_Prefabs using Guid(5cf0a62584eab554680155b3e62320a7) Importer(815301076,1909f56bfc062723c751e8b465ee728b) (PreviewImporter) -> (artifact id: 'd983242b89d082add8ff3c234dfb0bb3') in 0.0040061 seconds
Number of updated asset objects reloaded before import = 0Number of asset objects unloaded after import = 0

========================================================================
Received Import Request.
  Time since last request: 0.401236 seconds.
  path: Assets/03_Prefabs/PlayerUnitPrefabs/Female_Leather_01.prefab
  artifactKey: Guid(954b68f3417034040933590bd03c8a6f) Importer(815301076,1909f56bfc062723c751e8b465ee728b)
Start importing Assets/03_Prefabs/PlayerUnitPrefabs/Female_Leather_01.prefab using Guid(954b68f3417034040933590bd03c8a6f) Importer(815301076,1909f56bfc062723c751e8b465ee728b) (PreviewImporter) -> (artifact id: '3b389e73618bf68e13f284ada9444942') in 0.2344493 seconds
Number of updated asset objects reloaded before import = 0Number of asset objects unloaded after import = 181

========================================================================
Received Import Request.
  Time since last request: 10.248021 seconds.
  path: Assets/AssetPackages/Epic Toon FX/Demo/Demo Prefabs/CanvasSceneSelect.prefab
  artifactKey: Guid(696a93e0e2eb398428d7b5be3f360be6) Importer(815301076,1909f56bfc062723c751e8b465ee728b)
Start importing Assets/AssetPackages/Epic Toon FX/Demo/Demo Prefabs/CanvasSceneSelect.prefab using Guid(696a93e0e2eb398428d7b5be3f360be6) Importer(815301076,1909f56bfc062723c751e8b465ee728b) (PreviewImporter) -> (artifact id: '2386e9d423e9510299bf4ca0e53f353c') in 0.0643987 seconds
Number of updated asset objects reloaded before import = 0Number of asset objects unloaded after import = 283

========================================================================
Received Import Request.
  Time since last request: 2.403843 seconds.
  path: Assets/03_Prefabs/Temp/UnitSelectBtn.prefab
  artifactKey: Guid(e104fde02fac5b241817eb242004f47d) Importer(815301076,1909f56bfc062723c751e8b465ee728b)
Start importing Assets/03_Prefabs/Temp/UnitSelectBtn.prefab using Guid(e104fde02fac5b241817eb242004f47d) Importer(815301076,1909f56bfc062723c751e8b465ee728b) (PreviewImporter) -> (artifact id: '833aa8c3285230be0cb09ebb4e8b968b') in 0.5556999 seconds
Number of updated asset objects reloaded before import = 0Number of asset objects unloaded after import = 59

========================================================================
Received Import Request.
  Time since last request: 3.487918 seconds.
  path: Assets/AssetPackages/GUI PRO Kit - Casual Game/Preview/Character_Select.png
  artifactKey: Guid(7a281e6f0d4134c5d8be96ea3a369f8d) Importer(815301076,1909f56bfc062723c751e8b465ee728b)
Start importing Assets/AssetPackages/GUI PRO Kit - Casual Game/Preview/Character_Select.png using Guid(7a281e6f0d4134c5d8be96ea3a369f8d) Importer(815301076,1909f56bfc062723c751e8b465ee728b) (PreviewImporter) -> (artifact id: '2f7ffdcb60842bd6ce3f5bb63bdf34ba') in 0.041248 seconds
Number of updated asset objects reloaded before import = 0Number of asset objects unloaded after import = 3

========================================================================
Received Import Request.
  Time since last request: 11.619112 seconds.
  path: Assets/03_Prefabs/PlayerUnitPrefabs/T
  artifactKey: Guid(b8344de1119454040a7476919194b811) Importer(815301076,1909f56bfc062723c751e8b465ee728b)
Start importing Assets/03_Prefabs/PlayerUnitPrefabs/T using Guid(b8344de1119454040a7476919194b811) Importer(815301076,1909f56bfc062723c751e8b465ee728b) (PreviewImporter) -> (artifact id: '6bde8857e928d56727ef15e7f7008746') in 0.001165 seconds
Number of updated asset objects reloaded before import = 0Number of asset objects unloaded after import = 0

========================================================================
Received Import Request.
  Time since last request: 2.904750 seconds.
  path: Assets/03_Prefabs/PlayerUnitPrefabs/UI_Prefabs/Female_Leather_01_UI.prefab
  artifactKey: Guid(546e82252148e614bbf25e6a8622e86a) Importer(815301076,1909f56bfc062723c751e8b465ee728b)
Start importing Assets/03_Prefabs/PlayerUnitPrefabs/UI_Prefabs/Female_Leather_01_UI.prefab using Guid(546e82252148e614bbf25e6a8622e86a) Importer(815301076,1909f56bfc062723c751e8b465ee728b) (PreviewImporter) -> (artifact id: '0d77ab4a6c5badedf7475b2e2a0157e7') in 0.1007241 seconds
Number of updated asset objects reloaded before import = 0Number of asset objects unloaded after import = 69

========================================================================
Received Import Request.
  Time since last request: 6.442414 seconds.
  path: Assets/03_Prefabs/PrefabManager.prefab
  artifactKey: Guid(a89737d5df0025346b6b0e93af06af74) Importer(815301076,1909f56bfc062723c751e8b465ee728b)
Start importing Assets/03_Prefabs/PrefabManager.prefab using Guid(a89737d5df0025346b6b0e93af06af74) Importer(815301076,1909f56bfc062723c751e8b465ee728b) (PreviewImporter) -> (artifact id: '9648c58daa40476a88fb2c3e6a514ee9') in 0.1143265 seconds
Number of updated asset objects reloaded before import = 0Number of asset objects unloaded after import = 936

========================================================================
Received Import Request.
  Time since last request: 63.989195 seconds.
  path: Assets/03_Prefabs/Player SelectMark.prefab
  artifactKey: Guid(76961e8cbba0c59439bd93de2cf44ae8) Importer(815301076,1909f56bfc062723c751e8b465ee728b)
Start importing Assets/03_Prefabs/Player SelectMark.prefab using Guid(76961e8cbba0c59439bd93de2cf44ae8) Importer(815301076,1909f56bfc062723c751e8b465ee728b) (PreviewImporter) -> (artifact id: '54355c2fcc362a0d9e7bc76f8c2fe1f8') in 0.0815781 seconds
Number of updated asset objects reloaded before import = 0Number of asset objects unloaded after import = 9

========================================================================
Received Import Request.
  Time since last request: 1.400569 seconds.
  path: Assets/03_Prefabs/LocalizationManager.prefab
  artifactKey: Guid(279adcb424b85574abd27096f296afb4) Importer(815301076,1909f56bfc062723c751e8b465ee728b)
Start importing Assets/03_Prefabs/LocalizationManager.prefab using Guid(279adcb424b85574abd27096f296afb4) Importer(815301076,1909f56bfc062723c751e8b465ee728b) (PreviewImporter) -> (artifact id: '0d0493ca1da9c1dcd1f2d2e528b31ab0') in 0.7731159 seconds
Number of updated asset objects reloaded before import = 0Number of asset objects unloaded after import = 16

========================================================================
Received Import Request.
  Time since last request: 0.053694 seconds.
  path: Assets/03_Prefabs/HorizontalBoxWithShadow.prefab
  artifactKey: Guid(8a1bce713108e7b4582cba0c622f5903) Importer(815301076,1909f56bfc062723c751e8b465ee728b)
Start importing Assets/03_Prefabs/HorizontalBoxWithShadow.prefab using Guid(8a1bce713108e7b4582cba0c622f5903) Importer(815301076,1909f56bfc062723c751e8b465ee728b) (PreviewImporter) -> (artifact id: 'c9b906c9e42fbcec19d82a8a4e5e2b0a') in 0.3689722 seconds
Number of updated asset objects reloaded before import = 0Number of asset objects unloaded after import = 41

========================================================================
Received Import Request.
  Time since last request: 0.130453 seconds.
  path: Assets/03_Prefabs/Temp
  artifactKey: Guid(c4291b0d21cca2245ae0892be970753e) Importer(815301076,1909f56bfc062723c751e8b465ee728b)
Start importing Assets/03_Prefabs/Temp using Guid(c4291b0d21cca2245ae0892be970753e) Importer(815301076,1909f56bfc062723c751e8b465ee728b) (PreviewImporter) -> (artifact id: 'c4f5a9094d3a0b4a21ef3bf4be7b5075') in 0.0010716 seconds
Number of updated asset objects reloaded before import = 0Number of asset objects unloaded after import = 0

========================================================================
Received Import Request.
  Time since last request: 6.895167 seconds.
  path: Assets/03_Prefabs/SlotMachine.prefab
  artifactKey: Guid(de66a4a52196ef54aa0e70654344006c) Importer(815301076,1909f56bfc062723c751e8b465ee728b)
Start importing Assets/03_Prefabs/SlotMachine.prefab using Guid(de66a4a52196ef54aa0e70654344006c) Importer(815301076,1909f56bfc062723c751e8b465ee728b) (PreviewImporter) -> (artifact id: '44a07e60fb08f12a663869ed67772b2c') in 0.0253733 seconds
Number of updated asset objects reloaded before import = 0Number of asset objects unloaded after import = 169

========================================================================
Received Prepare
Begin MonoManager ReloadAssembly
[Licensing::Client] Successfully resolved entitlement details
- Loaded All Assemblies, in  8.074 seconds
Refreshing native plugins compatible for Editor in 13.30 ms, found 9 plugins.
Native extension for WindowsStandalone target not found
[Package Manager] Failed to launch server process. Reason: Unity was launched with the -noUpm command-line argument
[Package Manager] Unable to send message (not connected to server process).
[Package Manager] Cannot connect to Unity Package Manager local server
Mono: successfully reloaded assembly
- Finished resetting the current domain, in  3.448 seconds
Domain Reload Profiling: 11553ms
	BeginReloadAssembly (2363ms)
		ExecutionOrderSort (1ms)
		DisableScriptedObjects (385ms)
		BackupInstance (0ms)
		ReleaseScriptingObjects (13ms)
		CreateAndSetChildDomain (1066ms)
	RebuildCommonClasses (198ms)
	RebuildNativeTypeToScriptingClass (60ms)
	initialDomainReloadingComplete (119ms)
	LoadAllAssembliesAndSetupDomain (5353ms)
		LoadAssemblies (3861ms)
		RebuildTransferFunctionScriptingTraits (0ms)
		AnalyzeDomain (1860ms)
			TypeCache.Refresh (180ms)
				TypeCache.ScanAssembly (0ms)
			BuildScriptInfoCaches (1597ms)
			ResolveRequiredComponents (54ms)
	FinalizeReload (3460ms)
		ReleaseScriptCaches (0ms)
		RebuildScriptCaches (0ms)
		SetupLoadedEditorAssemblies (3028ms)
			LogAssemblyErrors (0ms)
			InitializePlatformSupportModulesInManaged (4ms)
			SetLoadedEditorAssemblies (18ms)
			BeforeProcessingInitializeOnLoad (870ms)
			ProcessInitializeOnLoadAttributes (1949ms)
			ProcessInitializeOnLoadMethodAttributes (172ms)
			AfterProcessingInitializeOnLoad (14ms)
			EditorAssembliesLoaded (1ms)
		ExecutionOrderSort2 (0ms)
		AwakeInstancesAfterBackupRestoration (20ms)
WARNING: Shader Unsupported: 'Hidden/Universal Render Pipeline/Terrain/Lit (Base Pass)' - All subshaders removed
WARNING: Shader Did you use #pragma only_renderers and omit this platform?
WARNING: Shader If subshaders removal was intentional, you may have forgotten turning Fallback off?
WARNING: Shader Unsupported: 'Hidden/Universal Render Pipeline/Terrain/Lit (Base Pass)' - All subshaders removed
WARNING: Shader Did you use #pragma only_renderers and omit this platform?
WARNING: Shader If subshaders removal was intentional, you may have forgotten turning Fallback off?
WARNING: Shader Unsupported: 'Universal Render Pipeline/Terrain/Lit' - All subshaders removed
WARNING: Shader Did you use #pragma only_renderers and omit this platform?
WARNING: Shader If subshaders removal was intentional, you may have forgotten turning Fallback off?
WARNING: Shader Unsupported: 'Universal Render Pipeline/Terrain/Lit' - All subshaders removed
WARNING: Shader Did you use #pragma only_renderers and omit this platform?
WARNING: Shader If subshaders removal was intentional, you may have forgotten turning Fallback off?
Refreshing native plugins compatible for Editor in 5.87 ms, found 9 plugins.
Preloading 0 native plugins for Editor in 0.00 ms.
Unloading 185 Unused Serialized files (Serialized files now loaded: 0)
Unloading 8335 unused Assets / (25.4 MB). Loaded Objects now: 8744.
Memory consumption went from 195.9 MB to 170.5 MB.
Total: 37.026700 ms (FindLiveObjects: 2.262200 ms CreateObjectMapping: 2.400900 ms MarkObjects: 13.116100 ms  DeleteObjects: 19.245300 ms)

Prepare: number of updated asset objects reloaded= 0
========================================================================
Received Prepare
Begin MonoManager ReloadAssembly
[Licensing::Client] Successfully resolved entitlement details
- Loaded All Assemblies, in  9.402 seconds
Refreshing native plugins compatible for Editor in 10.42 ms, found 9 plugins.
Native extension for WindowsStandalone target not found
[Package Manager] Failed to launch server process. Reason: Unity was launched with the -noUpm command-line argument
[Package Manager] Unable to send message (not connected to server process).
[Package Manager] Cannot connect to Unity Package Manager local server
Mono: successfully reloaded assembly
- Finished resetting the current domain, in  4.793 seconds
Domain Reload Profiling: 14173ms
	BeginReloadAssembly (3184ms)
		ExecutionOrderSort (0ms)
		DisableScriptedObjects (553ms)
		BackupInstance (0ms)
		ReleaseScriptingObjects (8ms)
		CreateAndSetChildDomain (1374ms)
	RebuildCommonClasses (148ms)
	RebuildNativeTypeToScriptingClass (95ms)
	initialDomainReloadingComplete (203ms)
	LoadAllAssembliesAndSetupDomain (5748ms)
		LoadAssemblies (4905ms)
		RebuildTransferFunctionScriptingTraits (0ms)
		AnalyzeDomain (1382ms)
			TypeCache.Refresh (71ms)
				TypeCache.ScanAssembly (0ms)
			BuildScriptInfoCaches (1220ms)
			ResolveRequiredComponents (45ms)
	FinalizeReload (4795ms)
		ReleaseScriptCaches (0ms)
		RebuildScriptCaches (0ms)
		SetupLoadedEditorAssemblies (4096ms)
			LogAssemblyErrors (0ms)
			InitializePlatformSupportModulesInManaged (12ms)
			SetLoadedEditorAssemblies (22ms)
			BeforeProcessingInitializeOnLoad (1447ms)
			ProcessInitializeOnLoadAttributes (2330ms)
			ProcessInitializeOnLoadMethodAttributes (263ms)
			AfterProcessingInitializeOnLoad (20ms)
			EditorAssembliesLoaded (1ms)
		ExecutionOrderSort2 (0ms)
		AwakeInstancesAfterBackupRestoration (29ms)
WARNING: Shader Unsupported: 'Hidden/Universal Render Pipeline/Terrain/Lit (Base Pass)' - All subshaders removed
WARNING: Shader Did you use #pragma only_renderers and omit this platform?
WARNING: Shader If subshaders removal was intentional, you may have forgotten turning Fallback off?
WARNING: Shader Unsupported: 'Hidden/Universal Render Pipeline/Terrain/Lit (Base Pass)' - All subshaders removed
WARNING: Shader Did you use #pragma only_renderers and omit this platform?
WARNING: Shader If subshaders removal was intentional, you may have forgotten turning Fallback off?
WARNING: Shader Unsupported: 'Universal Render Pipeline/Terrain/Lit' - All subshaders removed
WARNING: Shader Did you use #pragma only_renderers and omit this platform?
WARNING: Shader If subshaders removal was intentional, you may have forgotten turning Fallback off?
WARNING: Shader Unsupported: 'Universal Render Pipeline/Terrain/Lit' - All subshaders removed
WARNING: Shader Did you use #pragma only_renderers and omit this platform?
WARNING: Shader If subshaders removal was intentional, you may have forgotten turning Fallback off?
Refreshing native plugins compatible for Editor in 12.82 ms, found 9 plugins.
Preloading 0 native plugins for Editor in 0.00 ms.
Unloading 185 Unused Serialized files (Serialized files now loaded: 0)
Unloading 8334 unused Assets / (20.4 MB). Loaded Objects now: 8749.
Memory consumption went from 196.1 MB to 175.6 MB.
Total: 66.012000 ms (FindLiveObjects: 2.281400 ms CreateObjectMapping: 2.631800 ms MarkObjects: 22.830300 ms  DeleteObjects: 38.263900 ms)

Prepare: number of updated asset objects reloaded= 0
========================================================================
Received Import Request.
  Time since last request: 424.206936 seconds.
  path: Assets/03_Prefabs/Effect Prefabs
  artifactKey: Guid(844c08131d8314040a879d2dd821156b) Importer(815301076,1909f56bfc062723c751e8b465ee728b)
Start importing Assets/03_Prefabs/Effect Prefabs using Guid(844c08131d8314040a879d2dd821156b) Importer(815301076,1909f56bfc062723c751e8b465ee728b) (PreviewImporter) -> (artifact id: 'f03d795908ef5a2a091373919c8019e3') in 0.1194744 seconds
Number of updated asset objects reloaded before import = 0Number of asset objects unloaded after import = 0

========================================================================
Received Prepare
Begin MonoManager ReloadAssembly
[Licensing::Client] Successfully resolved entitlement details
- Loaded All Assemblies, in  5.106 seconds
Refreshing native plugins compatible for Editor in 19.43 ms, found 9 plugins.
Native extension for WindowsStandalone target not found
[Package Manager] Failed to launch server process. Reason: Unity was launched with the -noUpm command-line argument
[Package Manager] Unable to send message (not connected to server process).
[Package Manager] Cannot connect to Unity Package Manager local server
Mono: successfully reloaded assembly
- Finished resetting the current domain, in  4.616 seconds
Domain Reload Profiling: 9726ms
	BeginReloadAssembly (1395ms)
		ExecutionOrderSort (0ms)
		DisableScriptedObjects (111ms)
		BackupInstance (0ms)
		ReleaseScriptingObjects (8ms)
		CreateAndSetChildDomain (302ms)
	RebuildCommonClasses (127ms)
	RebuildNativeTypeToScriptingClass (56ms)
	initialDomainReloadingComplete (101ms)
	LoadAllAssembliesAndSetupDomain (3429ms)
		LoadAssemblies (2906ms)
		RebuildTransferFunctionScriptingTraits (0ms)
		AnalyzeDomain (1150ms)
			TypeCache.Refresh (51ms)
				TypeCache.ScanAssembly (0ms)
			BuildScriptInfoCaches (985ms)
			ResolveRequiredComponents (50ms)
	FinalizeReload (4618ms)
		ReleaseScriptCaches (0ms)
		RebuildScriptCaches (0ms)
		SetupLoadedEditorAssemblies (3946ms)
			LogAssemblyErrors (0ms)
			InitializePlatformSupportModulesInManaged (7ms)
			SetLoadedEditorAssemblies (21ms)
			BeforeProcessingInitializeOnLoad (1417ms)
			ProcessInitializeOnLoadAttributes (2141ms)
			ProcessInitializeOnLoadMethodAttributes (334ms)
			AfterProcessingInitializeOnLoad (24ms)
			EditorAssembliesLoaded (1ms)
		ExecutionOrderSort2 (0ms)
		AwakeInstancesAfterBackupRestoration (45ms)
WARNING: Shader Unsupported: 'Hidden/Universal Render Pipeline/Terrain/Lit (Base Pass)' - All subshaders removed
WARNING: Shader Did you use #pragma only_renderers and omit this platform?
WARNING: Shader If subshaders removal was intentional, you may have forgotten turning Fallback off?
WARNING: Shader Unsupported: 'Hidden/Universal Render Pipeline/Terrain/Lit (Base Pass)' - All subshaders removed
WARNING: Shader Did you use #pragma only_renderers and omit this platform?
WARNING: Shader If subshaders removal was intentional, you may have forgotten turning Fallback off?
WARNING: Shader Unsupported: 'Universal Render Pipeline/Terrain/Lit' - All subshaders removed
WARNING: Shader Did you use #pragma only_renderers and omit this platform?
WARNING: Shader If subshaders removal was intentional, you may have forgotten turning Fallback off?
WARNING: Shader Unsupported: 'Universal Render Pipeline/Terrain/Lit' - All subshaders removed
WARNING: Shader Did you use #pragma only_renderers and omit this platform?
WARNING: Shader If subshaders removal was intentional, you may have forgotten turning Fallback off?
Refreshing native plugins compatible for Editor in 15.92 ms, found 9 plugins.
Preloading 0 native plugins for Editor in 0.00 ms.
Unloading 185 Unused Serialized files (Serialized files now loaded: 0)
Unloading 8334 unused Assets / (23.4 MB). Loaded Objects now: 8754.
Memory consumption went from 196.0 MB to 172.6 MB.
Total: 60.457100 ms (FindLiveObjects: 1.539600 ms CreateObjectMapping: 6.310000 ms MarkObjects: 20.533100 ms  DeleteObjects: 32.073200 ms)

Prepare: number of updated asset objects reloaded= 0
========================================================================
Received Import Request.
  Time since last request: 131.307273 seconds.
  path: Assets/05_Sound/Battle/PlayerAttack.wav
  artifactKey: Guid(9e7af207508ad654ab1744ee1ddcf248) Importer(815301076,1909f56bfc062723c751e8b465ee728b)
Start importing Assets/05_Sound/Battle/PlayerAttack.wav using Guid(9e7af207508ad654ab1744ee1ddcf248) Importer(815301076,1909f56bfc062723c751e8b465ee728b) (PreviewImporter) -> (artifact id: '8b82a48fbdf36adc1a3b6e7bdd4e2af9') in 1.6296177 seconds
Number of updated asset objects reloaded before import = 0Number of asset objects unloaded after import = 2

========================================================================
Received Import Request.
  Time since last request: 789.200842 seconds.
  path: Assets/DefaultVolumeProfile.asset
  artifactKey: Guid(22664e1000ff60f4fa8aa90bd930d7ff) Importer(2089858483,0ecaa5967403d082aa24f35e1b516d23)
Start importing Assets/DefaultVolumeProfile.asset using Guid(22664e1000ff60f4fa8aa90bd930d7ff) Importer(2089858483,0ecaa5967403d082aa24f35e1b516d23) (ScriptedImporter) -> (artifact id: 'f48d1ef4cefbd79ff42975b8b7e5f510') in 2.789974 seconds
Number of updated asset objects reloaded before import = 0Number of asset objects unloaded after import = 1

========================================================================
Received Import Request.
  Time since last request: 0.000802 seconds.
  path: Assets/02_Sprites/Click.png
  artifactKey: Guid(e9bc810f6af53e2419988a0d87f124a8) Importer(2089858483,0ecaa5967403d082aa24f35e1b516d23)
Start importing Assets/02_Sprites/Click.png using Guid(e9bc810f6af53e2419988a0d87f124a8) Importer(2089858483,0ecaa5967403d082aa24f35e1b516d23) (ScriptedImporter) -> (artifact id: '8004aedd17f7ff2cd51f274be4a83911') in 0.5766617 seconds
Number of updated asset objects reloaded before import = 0Number of asset objects unloaded after import = 3

========================================================================
Received Import Request.
  Time since last request: 0.000065 seconds.
  path: Assets/01_Scripts/Item/RewardPopup.cs
  artifactKey: Guid(40342b399886d3e428773f40b9b76a9e) Importer(2089858483,0ecaa5967403d082aa24f35e1b516d23)
Start importing Assets/01_Scripts/Item/RewardPopup.cs using Guid(40342b399886d3e428773f40b9b76a9e) Importer(2089858483,0ecaa5967403d082aa24f35e1b516d23) (ScriptedImporter) -> (artifact id: 'a17cc1afcfd1d60cd3c48f819c6d60f1') in 0.0692975 seconds
Number of updated asset objects reloaded before import = 0Number of asset objects unloaded after import = 0

========================================================================
Received Import Request.
  Time since last request: 0.000040 seconds.
  path: Assets/05_Sound/SlotSound.wav
  artifactKey: Guid(8c071b66b1d7e5143b40d1b2332352b4) Importer(2089858483,0ecaa5967403d082aa24f35e1b516d23)
Start importing Assets/05_Sound/SlotSound.wav using Guid(8c071b66b1d7e5143b40d1b2332352b4) Importer(2089858483,0ecaa5967403d082aa24f35e1b516d23) (ScriptedImporter) -> (artifact id: 'af4abefe85287c86c540d32fec696ff8') in 0.3872973 seconds
Number of updated asset objects reloaded before import = 0Number of asset objects unloaded after import = 1

========================================================================
Received Import Request.
  Time since last request: 0.000566 seconds.
  path: Assets/01_Scripts/Battle/BattleUI.cs
  artifactKey: Guid(c4e855c9d946f8f44ad2cc5903bd550a) Importer(2089858483,0ecaa5967403d082aa24f35e1b516d23)
Start importing Assets/01_Scripts/Battle/BattleUI.cs using Guid(c4e855c9d946f8f44ad2cc5903bd550a) Importer(2089858483,0ecaa5967403d082aa24f35e1b516d23) (ScriptedImporter) -> (artifact id: '7df9773ff9d9f723b485d9c1d6a58f9c') in 0.0758927 seconds
Number of updated asset objects reloaded before import = 0Number of asset objects unloaded after import = 0

========================================================================
Received Import Request.
  Time since last request: 0.000034 seconds.
  path: Assets/01_Scripts/Item/InventoryWindow.cs
  artifactKey: Guid(be66d4a3dc640164b8d65a9f0eaf875a) Importer(2089858483,0ecaa5967403d082aa24f35e1b516d23)
Start importing Assets/01_Scripts/Item/InventoryWindow.cs using Guid(be66d4a3dc640164b8d65a9f0eaf875a) Importer(2089858483,0ecaa5967403d082aa24f35e1b516d23) (ScriptedImporter) -> (artifact id: '4c42dd8669a2ff09a7cea0de88d4a184') in 0.0479406 seconds
Number of updated asset objects reloaded before import = 0Number of asset objects unloaded after import = 0

========================================================================
Received Import Request.
  Time since last request: 0.000028 seconds.
  path: Assets/01_Scripts/Item/EquipSlot.cs
  artifactKey: Guid(9fb75e149e5b83643b59dd1dfb874d2d) Importer(2089858483,0ecaa5967403d082aa24f35e1b516d23)
Start importing Assets/01_Scripts/Item/EquipSlot.cs using Guid(9fb75e149e5b83643b59dd1dfb874d2d) Importer(2089858483,0ecaa5967403d082aa24f35e1b516d23) (ScriptedImporter) -> (artifact id: '4cfb8fc186c8905aed4f290671df6f4e') in 0.0416895 seconds
Number of updated asset objects reloaded before import = 0Number of asset objects unloaded after import = 0

========================================================================
Received Import Request.
  Time since last request: 0.000044 seconds.
  path: Assets/01_Scripts/Battle/BuffSlotController.cs
  artifactKey: Guid(7c3e74e5a2083354d9ab3cec789079db) Importer(2089858483,0ecaa5967403d082aa24f35e1b516d23)
Start importing Assets/01_Scripts/Battle/BuffSlotController.cs using Guid(7c3e74e5a2083354d9ab3cec789079db) Importer(2089858483,0ecaa5967403d082aa24f35e1b516d23) (ScriptedImporter) -> (artifact id: '3f13b9c4ae064028a68ddf2e4338921c') in 0.0396852 seconds
Number of updated asset objects reloaded before import = 0Number of asset objects unloaded after import = 0

========================================================================
Received Import Request.
  Time since last request: 0.000026 seconds.
  path: Assets/05_Sound/BuffSound.wav
  artifactKey: Guid(ed5de21558214c04bbf6cb499b3d8c9e) Importer(2089858483,0ecaa5967403d082aa24f35e1b516d23)
Start importing Assets/05_Sound/BuffSound.wav using Guid(ed5de21558214c04bbf6cb499b3d8c9e) Importer(2089858483,0ecaa5967403d082aa24f35e1b516d23) (ScriptedImporter) -> (artifact id: '4d61efeff10acc610886df69278f6383') in 0.1750484 seconds
Number of updated asset objects reloaded before import = 0Number of asset objects unloaded after import = 1

========================================================================
Received Import Request.
  Time since last request: 0.000038 seconds.
  path: Assets/01_Scripts/Item/ItemPool.cs
  artifactKey: Guid(eef8141e08289914e95dd70c57a29af2) Importer(2089858483,0ecaa5967403d082aa24f35e1b516d23)
Start importing Assets/01_Scripts/Item/ItemPool.cs using Guid(eef8141e08289914e95dd70c57a29af2) Importer(2089858483,0ecaa5967403d082aa24f35e1b516d23) (ScriptedImporter) -> (artifact id: '57252afda2682973bc5d95701b66a787') in 0.0346427 seconds
Number of updated asset objects reloaded before import = 0Number of asset objects unloaded after import = 0

========================================================================
Received Import Request.
  Time since last request: 0.000029 seconds.
  path: Assets/01_Scripts/Item/ItemSlot.cs
  artifactKey: Guid(33ed384115cce1948a845e80bf15a981) Importer(2089858483,0ecaa5967403d082aa24f35e1b516d23)
Start importing Assets/01_Scripts/Item/ItemSlot.cs using Guid(33ed384115cce1948a845e80bf15a981) Importer(2089858483,0ecaa5967403d082aa24f35e1b516d23) (ScriptedImporter) -> (artifact id: '52f0d2da1fd5ad7cfd21d40bea74b967') in 0.0348246 seconds
Number of updated asset objects reloaded before import = 0Number of asset objects unloaded after import = 0

========================================================================
Received Import Request.
  Time since last request: 0.000027 seconds.
  path: Assets/Editor/2DHandPainted.asset
  artifactKey: Guid(43bcc73cfa09f1d4ebc9500484e4b38b) Importer(2089858483,0ecaa5967403d082aa24f35e1b516d23)
Start importing Assets/Editor/2DHandPainted.asset using Guid(43bcc73cfa09f1d4ebc9500484e4b38b) Importer(2089858483,0ecaa5967403d082aa24f35e1b516d23) (ScriptedImporter) -> (artifact id: '674d93c23b693d0b7ccbfbe05f1d165a') in 0.0512768 seconds
Number of updated asset objects reloaded before import = 0Number of asset objects unloaded after import = 1

========================================================================
Received Import Request.
  Time since last request: 0.000027 seconds.
  path: Assets/Font/AlimamaFangYuanTiVF-Thin-2.ttf
  artifactKey: Guid(d0c11b5311793f647a751c7db92bab98) Importer(2089858483,0ecaa5967403d082aa24f35e1b516d23)
Start importing Assets/Font/AlimamaFangYuanTiVF-Thin-2.ttf using Guid(d0c11b5311793f647a751c7db92bab98) Importer(2089858483,0ecaa5967403d082aa24f35e1b516d23) (ScriptedImporter) -> (artifact id: 'c5bf46aa9e4529a57b8126869b28d637') in 0.219271 seconds
Number of updated asset objects reloaded before import = 0Number of asset objects unloaded after import = 3

========================================================================
Received Import Request.
  Time since last request: 0.000034 seconds.
  path: Assets/02_Sprites/x2Text.png
  artifactKey: Guid(7068e7f94cd97d3428b58bf45db46ef0) Importer(2089858483,0ecaa5967403d082aa24f35e1b516d23)
Start importing Assets/02_Sprites/x2Text.png using Guid(7068e7f94cd97d3428b58bf45db46ef0) Importer(2089858483,0ecaa5967403d082aa24f35e1b516d23) (ScriptedImporter) -> (artifact id: 'ef08049229d5838a5c8edb41a8826255') in 0.1023625 seconds
Number of updated asset objects reloaded before import = 0Number of asset objects unloaded after import = 3

========================================================================
Received Import Request.
  Time since last request: 0.000039 seconds.
  path: Assets/Font/NanumGothic SDF.asset
  artifactKey: Guid(9cd985f84fb7f9e40a20c6e6b1a5e0eb) Importer(2089858483,0ecaa5967403d082aa24f35e1b516d23)
Start importing Assets/Font/NanumGothic SDF.asset using Guid(9cd985f84fb7f9e40a20c6e6b1a5e0eb) Importer(2089858483,0ecaa5967403d082aa24f35e1b516d23) (ScriptedImporter) -> (artifact id: 'f6a92216a2df12a8ea641f174c2b2ac6') in 1.276168 seconds
Number of updated asset objects reloaded before import = 0Number of asset objects unloaded after import = 3

========================================================================
Received Import Request.
  Time since last request: 0.000041 seconds.
  path: Assets/01_Scripts/Item/RewardController.cs
  artifactKey: Guid(3951b2522b4cf7a40802f42ac6f29cdc) Importer(2089858483,0ecaa5967403d082aa24f35e1b516d23)
Start importing Assets/01_Scripts/Item/RewardController.cs using Guid(3951b2522b4cf7a40802f42ac6f29cdc) Importer(2089858483,0ecaa5967403d082aa24f35e1b516d23) (ScriptedImporter) -> (artifact id: 'ec99b291403ad7e24b3e54a1bb8bf39b') in 0.0323102 seconds
Number of updated asset objects reloaded before import = 0Number of asset objects unloaded after import = 0

========================================================================
Received Import Request.
  Time since last request: 0.000033 seconds.
  path: Assets/01_Scripts/Gamble/ResultEffect.cs
  artifactKey: Guid(38e59fb1d2bdc404eabb92dd4730f87b) Importer(2089858483,0ecaa5967403d082aa24f35e1b516d23)
Start importing Assets/01_Scripts/Gamble/ResultEffect.cs using Guid(38e59fb1d2bdc404eabb92dd4730f87b) Importer(2089858483,0ecaa5967403d082aa24f35e1b516d23) (ScriptedImporter) -> (artifact id: 'b537b760c9ff818ea639247af96599c2') in 0.0260636 seconds
Number of updated asset objects reloaded before import = 0Number of asset objects unloaded after import = 0

========================================================================
Received Import Request.
  Time since last request: 0.000106 seconds.
  path: Assets/01_Scripts/Item/ItemManager.cs
  artifactKey: Guid(cfa627a0b6c389a46a98ca52d6217d87) Importer(2089858483,0ecaa5967403d082aa24f35e1b516d23)
Start importing Assets/01_Scripts/Item/ItemManager.cs using Guid(cfa627a0b6c389a46a98ca52d6217d87) Importer(2089858483,0ecaa5967403d082aa24f35e1b516d23) (ScriptedImporter) -> (artifact id: '59e3febc028302c3bc9043d10b27c073') in 0.0267721 seconds
Number of updated asset objects reloaded before import = 0Number of asset objects unloaded after import = 0

========================================================================
Received Import Request.
  Time since last request: 0.000026 seconds.
  path: Assets/05_Sound/AudioMixer.mixer
  artifactKey: Guid(59768a9f9f75ecd4f93330818dfdb28e) Importer(2089858483,0ecaa5967403d082aa24f35e1b516d23)
Start importing Assets/05_Sound/AudioMixer.mixer using Guid(59768a9f9f75ecd4f93330818dfdb28e) Importer(2089858483,0ecaa5967403d082aa24f35e1b516d23) (ScriptedImporter)Refreshing native plugins compatible for Editor in 278.43 ms, found 9 plugins.
Preloading 0 native plugins for Editor in 0.00 ms.
 -> (artifact id: '136fe3f05a1df24719c794e4b207ea81') in 0.3773139 seconds
Number of updated asset objects reloaded before import = 0Number of asset objects unloaded after import = 9

========================================================================
Received Import Request.
  Time since last request: 0.000040 seconds.
  path: Assets/05_Sound/siren.wav
  artifactKey: Guid(f0462c591b7dd184a9f3cc879dd87fe8) Importer(2089858483,0ecaa5967403d082aa24f35e1b516d23)
Start importing Assets/05_Sound/siren.wav using Guid(f0462c591b7dd184a9f3cc879dd87fe8) Importer(2089858483,0ecaa5967403d082aa24f35e1b516d23) (ScriptedImporter) -> (artifact id: '5738cc0ecbc7a62633e9193929c44076') in 0.2249727 seconds
Number of updated asset objects reloaded before import = 0Number of asset objects unloaded after import = 1

========================================================================
Received Import Request.
  Time since last request: 0.000049 seconds.
  path: Assets/Dice2.5D/Dice Physics Material 2D.physicsMaterial2D
  artifactKey: Guid(4444b96c9a7eb6b4382c9b1082053fb5) Importer(2089858483,0ecaa5967403d082aa24f35e1b516d23)
Start importing Assets/Dice2.5D/Dice Physics Material 2D.physicsMaterial2D using Guid(4444b96c9a7eb6b4382c9b1082053fb5) Importer(2089858483,0ecaa5967403d082aa24f35e1b516d23) (ScriptedImporter) -> (artifact id: 'e99b9b9874444b07dc6a8378a38f06fe') in 0.057219 seconds
Number of updated asset objects reloaded before import = 0Number of asset objects unloaded after import = 1

========================================================================
Received Import Request.
  Time since last request: 0.000153 seconds.
  path: Assets/01_Scripts/EffectControl/RotateObject.cs
  artifactKey: Guid(3a74ed61a81605b4782284d4f50dbfef) Importer(2089858483,0ecaa5967403d082aa24f35e1b516d23)
Start importing Assets/01_Scripts/EffectControl/RotateObject.cs using Guid(3a74ed61a81605b4782284d4f50dbfef) Importer(2089858483,0ecaa5967403d082aa24f35e1b516d23) (ScriptedImporter) -> (artifact id: 'e53c44486a2938d5133df9f344181964') in 0.0263833 seconds
Number of updated asset objects reloaded before import = 0Number of asset objects unloaded after import = 0

========================================================================
Received Import Request.
  Time since last request: 0.000026 seconds.
  path: Assets/01_Scripts/Battle/BuffSlot.cs
  artifactKey: Guid(c5bfeaf68ae2fe74e8077f7eaed2ac6b) Importer(2089858483,0ecaa5967403d082aa24f35e1b516d23)
Start importing Assets/01_Scripts/Battle/BuffSlot.cs using Guid(c5bfeaf68ae2fe74e8077f7eaed2ac6b) Importer(2089858483,0ecaa5967403d082aa24f35e1b516d23) (ScriptedImporter) -> (artifact id: 'baf13973e59bd179f2ecd700d7b7deae') in 0.026789 seconds
Number of updated asset objects reloaded before import = 0Number of asset objects unloaded after import = 0

========================================================================
Received Import Request.
  Time since last request: 0.000045 seconds.
  path: Assets/00_Scenes/GAMBLE.unity
  artifactKey: Guid(1662ab17497734948b9523d549bfb3e9) Importer(2089858483,0ecaa5967403d082aa24f35e1b516d23)
Start importing Assets/00_Scenes/GAMBLE.unity using Guid(1662ab17497734948b9523d549bfb3e9) Importer(2089858483,0ecaa5967403d082aa24f35e1b516d23) (ScriptedImporter) -> (artifact id: 'cd0894873011d4e612afc8a9d5021f6f') in 0.0248216 seconds
Number of updated asset objects reloaded before import = 0Number of asset objects unloaded after import = 1

========================================================================
Received Import Request.
  Time since last request: 0.000025 seconds.
  path: Assets/03_Prefabs/Player SelectMark.prefab
  artifactKey: Guid(76961e8cbba0c59439bd93de2cf44ae8) Importer(2089858483,0ecaa5967403d082aa24f35e1b516d23)
Start importing Assets/03_Prefabs/Player SelectMark.prefab using Guid(76961e8cbba0c59439bd93de2cf44ae8) Importer(2089858483,0ecaa5967403d082aa24f35e1b516d23) (ScriptedImporter) -> (artifact id: 'e95fcf60fef5fc30ebcc81792f5f3ac8') in 0.2014176 seconds
Number of updated asset objects reloaded before import = 0Number of asset objects unloaded after import = 8

========================================================================
Received Import Request.
  Time since last request: 0.000046 seconds.
  path: Assets/01_Scripts/InfoPopup/InfoPopupTopLayout.cs
  artifactKey: Guid(f67758f914e8e9046821075e321b45fa) Importer(2089858483,0ecaa5967403d082aa24f35e1b516d23)
Start importing Assets/01_Scripts/InfoPopup/InfoPopupTopLayout.cs using Guid(f67758f914e8e9046821075e321b45fa) Importer(2089858483,0ecaa5967403d082aa24f35e1b516d23) (ScriptedImporter) -> (artifact id: '5c78d710947c7249843caf5497ae2221') in 0.0268297 seconds
Number of updated asset objects reloaded before import = 0Number of asset objects unloaded after import = 0

========================================================================
Received Import Request.
  Time since last request: 0.000040 seconds.
  path: Assets/Font/Deadunsan OTF Regular SDF.asset
  artifactKey: Guid(ae1d041e2ab65c249bf707c69e248ae3) Importer(2089858483,0ecaa5967403d082aa24f35e1b516d23)
Start importing Assets/Font/Deadunsan OTF Regular SDF.asset using Guid(ae1d041e2ab65c249bf707c69e248ae3) Importer(2089858483,0ecaa5967403d082aa24f35e1b516d23) (ScriptedImporter) -> (artifact id: 'f53d54fa642f6b4623d0ffc8147cc832') in 0.5367412 seconds
Number of updated asset objects reloaded before import = 0Number of asset objects unloaded after import = 3

========================================================================
Received Import Request.
  Time since last request: 0.000043 seconds.
  path: Assets/01_Scripts/Gamble/GambleManager.cs
  artifactKey: Guid(e824ce233b4ce1e4ca9174627867cd34) Importer(2089858483,0ecaa5967403d082aa24f35e1b516d23)
Start importing Assets/01_Scripts/Gamble/GambleManager.cs using Guid(e824ce233b4ce1e4ca9174627867cd34) Importer(2089858483,0ecaa5967403d082aa24f35e1b516d23) (ScriptedImporter) -> (artifact id: '64d6a6a55f698202eb5e041cd379b7c0') in 0.0311068 seconds
Number of updated asset objects reloaded before import = 0Number of asset objects unloaded after import = 0

========================================================================
Received Import Request.
  Time since last request: 0.000043 seconds.
  path: Assets/com.rlabrecque.steamworks.net/package.json
  artifactKey: Guid(f9b6ad16257b2144c906eed15ad9f51e) Importer(2089858483,0ecaa5967403d082aa24f35e1b516d23)
Start importing Assets/com.rlabrecque.steamworks.net/package.json using Guid(f9b6ad16257b2144c906eed15ad9f51e) Importer(2089858483,0ecaa5967403d082aa24f35e1b516d23) (ScriptedImporter) -> (artifact id: '3bd22e3b706026064a1b33cb639fe474') in 0.0292116 seconds
Number of updated asset objects reloaded before import = 0Number of asset objects unloaded after import = 1

========================================================================
Received Import Request.
  Time since last request: 0.000029 seconds.
  path: Assets/com.rlabrecque.steamworks.net/README.md
  artifactKey: Guid(a380fe31740b8a0419ed0d7bafe229bf) Importer(2089858483,0ecaa5967403d082aa24f35e1b516d23)
Start importing Assets/com.rlabrecque.steamworks.net/README.md using Guid(a380fe31740b8a0419ed0d7bafe229bf) Importer(2089858483,0ecaa5967403d082aa24f35e1b516d23) (ScriptedImporter) -> (artifact id: '2cf6012f8ff83535de0885e969f7c3e6') in 0.0300339 seconds
Number of updated asset objects reloaded before import = 0Number of asset objects unloaded after import = 1

========================================================================
Received Import Request.
  Time since last request: 0.000030 seconds.
  path: Assets/00_Scenes/STORE.unity
  artifactKey: Guid(7c307534ed7046941b315bb172dff19b) Importer(2089858483,0ecaa5967403d082aa24f35e1b516d23)
Start importing Assets/00_Scenes/STORE.unity using Guid(7c307534ed7046941b315bb172dff19b) Importer(2089858483,0ecaa5967403d082aa24f35e1b516d23) (ScriptedImporter) -> (artifact id: '61c52eadade45a16769f306b57fd5200') in 0.0214506 seconds
Number of updated asset objects reloaded before import = 0Number of asset objects unloaded after import = 1

========================================================================
Received Import Request.
  Time since last request: 0.000079 seconds.
  path: Assets/com.rlabrecque.steamworks.net/LICENSE.md
  artifactKey: Guid(f23c4f821952c184fa3ad2e4ac6cb65b) Importer(2089858483,0ecaa5967403d082aa24f35e1b516d23)
Start importing Assets/com.rlabrecque.steamworks.net/LICENSE.md using Guid(f23c4f821952c184fa3ad2e4ac6cb65b) Importer(2089858483,0ecaa5967403d082aa24f35e1b516d23) (ScriptedImporter) -> (artifact id: '79980e50989ec444aebc99bbfc0dc3a1') in 0.0300565 seconds
Number of updated asset objects reloaded before import = 0Number of asset objects unloaded after import = 1

========================================================================
Received Import Request.
  Time since last request: 0.000070 seconds.
  path: Assets/LocalizationCSV/SkillLocalizationCSV.csv
  artifactKey: Guid(c542fc7eb44076d448982ba3582c5c08) Importer(2089858483,0ecaa5967403d082aa24f35e1b516d23)
Start importing Assets/LocalizationCSV/SkillLocalizationCSV.csv using Guid(c542fc7eb44076d448982ba3582c5c08) Importer(2089858483,0ecaa5967403d082aa24f35e1b516d23) (ScriptedImporter) -> (artifact id: 'd3e77f809a4ba5f8f05d91fd71422eb7') in 0.0370855 seconds
Number of updated asset objects reloaded before import = 0Number of asset objects unloaded after import = 1

========================================================================
Received Import Request.
  Time since last request: 0.000050 seconds.
  path: Assets/03_Prefabs/SlotMachine.prefab
  artifactKey: Guid(de66a4a52196ef54aa0e70654344006c) Importer(2089858483,0ecaa5967403d082aa24f35e1b516d23)
Start importing Assets/03_Prefabs/SlotMachine.prefab using Guid(de66a4a52196ef54aa0e70654344006c) Importer(2089858483,0ecaa5967403d082aa24f35e1b516d23) (ScriptedImporter) -> (artifact id: '35b1eac985534e5ecb303758114d92f9') in 0.4299089 seconds
Number of updated asset objects reloaded before import = 0Number of asset objects unloaded after import = 169

========================================================================
Received Import Request.
  Time since last request: 0.000042 seconds.
  path: Assets/01_Scripts/Skill/SkillObject.cs
  artifactKey: Guid(7c362f91dec39704fbe035725897d2be) Importer(2089858483,0ecaa5967403d082aa24f35e1b516d23)
Start importing Assets/01_Scripts/Skill/SkillObject.cs using Guid(7c362f91dec39704fbe035725897d2be) Importer(2089858483,0ecaa5967403d082aa24f35e1b516d23) (ScriptedImporter) -> (artifact id: '1dc0912553ed8080e1cb8605e0930c40') in 0.0377882 seconds
Number of updated asset objects reloaded before import = 0Number of asset objects unloaded after import = 0

========================================================================
Received Import Request.
  Time since last request: 0.000052 seconds.
  path: Assets/02_Sprites/Breakout-C/About.txt
  artifactKey: Guid(d0c07b8e62879bc489b508f4c7e2e65d) Importer(2089858483,0ecaa5967403d082aa24f35e1b516d23)
Start importing Assets/02_Sprites/Breakout-C/About.txt using Guid(d0c07b8e62879bc489b508f4c7e2e65d) Importer(2089858483,0ecaa5967403d082aa24f35e1b516d23) (ScriptedImporter) -> (artifact id: 'b1ba1ffa1ac3b8eef5f5a63c433fd163') in 0.0413197 seconds
Number of updated asset objects reloaded before import = 0Number of asset objects unloaded after import = 1

========================================================================
Received Import Request.
  Time since last request: 0.000029 seconds.
  path: Assets/01_Scripts/NomalManager/SanctuaryManager.cs
  artifactKey: Guid(64be78c314c4c79428a4c6ca2dd8f63e) Importer(2089858483,0ecaa5967403d082aa24f35e1b516d23)
Start importing Assets/01_Scripts/NomalManager/SanctuaryManager.cs using Guid(64be78c314c4c79428a4c6ca2dd8f63e) Importer(2089858483,0ecaa5967403d082aa24f35e1b516d23) (ScriptedImporter) -> (artifact id: '1899fd157c8b042d6adaef86f92d484d') in 0.0317866 seconds
Number of updated asset objects reloaded before import = 0Number of asset objects unloaded after import = 0

========================================================================
Received Import Request.
  Time since last request: 0.000344 seconds.
  path: Assets/01_Scripts/Skill/GambleSkillEffect.cs
  artifactKey: Guid(a8e6121ebb898c944a320c1abfc83349) Importer(2089858483,0ecaa5967403d082aa24f35e1b516d23)
Start importing Assets/01_Scripts/Skill/GambleSkillEffect.cs using Guid(a8e6121ebb898c944a320c1abfc83349) Importer(2089858483,0ecaa5967403d082aa24f35e1b516d23) (ScriptedImporter) -> (artifact id: '63a040092108573eb2d3e17bef417fb5') in 0.0331346 seconds
Number of updated asset objects reloaded before import = 0Number of asset objects unloaded after import = 0

========================================================================
Received Import Request.
  Time since last request: 0.000032 seconds.
  path: Assets/02_Sprites/Breakout-C/Breakout-002-C.png
  artifactKey: Guid(3bc228ed24a3d1d49b1f6446c3d6b44a) Importer(2089858483,0ecaa5967403d082aa24f35e1b516d23)
Start importing Assets/02_Sprites/Breakout-C/Breakout-002-C.png using Guid(3bc228ed24a3d1d49b1f6446c3d6b44a) Importer(2089858483,0ecaa5967403d082aa24f35e1b516d23) (ScriptedImporter) -> (artifact id: 'a648698aabfd5b2258aca1fcb464052e') in 0.0764579 seconds
Number of updated asset objects reloaded before import = 0Number of asset objects unloaded after import = 3

========================================================================
Received Import Request.
  Time since last request: 0.000025 seconds.
  path: Assets/01_Scripts/NomalManager/StoreManager.cs
  artifactKey: Guid(74e2c1c9557714a46bfd9427e2ea0491) Importer(2089858483,0ecaa5967403d082aa24f35e1b516d23)
Start importing Assets/01_Scripts/NomalManager/StoreManager.cs using Guid(74e2c1c9557714a46bfd9427e2ea0491) Importer(2089858483,0ecaa5967403d082aa24f35e1b516d23) (ScriptedImporter) -> (artifact id: '52b0fe6944bc35e96477e69975527331') in 0.0345566 seconds
Number of updated asset objects reloaded before import = 0Number of asset objects unloaded after import = 0

========================================================================
Received Import Request.
  Time since last request: 0.000046 seconds.
  path: Assets/01_Scripts/Unit/StatData.cs
  artifactKey: Guid(da650965abdd2f14390f501207c40b0d) Importer(2089858483,0ecaa5967403d082aa24f35e1b516d23)
Start importing Assets/01_Scripts/Unit/StatData.cs using Guid(da650965abdd2f14390f501207c40b0d) Importer(2089858483,0ecaa5967403d082aa24f35e1b516d23) (ScriptedImporter) -> (artifact id: '4ef5b4518d286cd30ce63d4b294d6864') in 0.0334207 seconds
Number of updated asset objects reloaded before import = 0Number of asset objects unloaded after import = 0

========================================================================
Received Import Request.
  Time since last request: 0.000058 seconds.
  path: Assets/01_Scripts/StaticManager/LoadingManager.cs
  artifactKey: Guid(a922188e985ef57439aacaea5919f0c4) Importer(2089858483,0ecaa5967403d082aa24f35e1b516d23)
Start importing Assets/01_Scripts/StaticManager/LoadingManager.cs using Guid(a922188e985ef57439aacaea5919f0c4) Importer(2089858483,0ecaa5967403d082aa24f35e1b516d23) (ScriptedImporter) -> (artifact id: '41dcbea26e712632a53b5ab43b7d2289') in 0.0343261 seconds
Number of updated asset objects reloaded before import = 0Number of asset objects unloaded after import = 0

========================================================================
Received Import Request.
  Time since last request: 0.000056 seconds.
  path: Assets/01_Scripts/StaticManager/PrefabManager.cs
  artifactKey: Guid(5d11d8beb58632545b4c7c89a6ba304e) Importer(2089858483,0ecaa5967403d082aa24f35e1b516d23)
Start importing Assets/01_Scripts/StaticManager/PrefabManager.cs using Guid(5d11d8beb58632545b4c7c89a6ba304e) Importer(2089858483,0ecaa5967403d082aa24f35e1b516d23) (ScriptedImporter) -> (artifact id: '7ebf8e706da10390633d6dd8a83fc906') in 0.0310374 seconds
Number of updated asset objects reloaded before import = 0Number of asset objects unloaded after import = 0

========================================================================
Received Import Request.
  Time since last request: 0.000028 seconds.
  path: Assets/01_Scripts/Map/RoomInfo.cs
  artifactKey: Guid(6fe07ee596899cc47a468d451516318b) Importer(2089858483,0ecaa5967403d082aa24f35e1b516d23)
Start importing Assets/01_Scripts/Map/RoomInfo.cs using Guid(6fe07ee596899cc47a468d451516318b) Importer(2089858483,0ecaa5967403d082aa24f35e1b516d23) (ScriptedImporter) -> (artifact id: '4bd62fcdbfe8b30379868277326c86dd') in 0.0343577 seconds
Number of updated asset objects reloaded before import = 0Number of asset objects unloaded after import = 0

========================================================================
Received Import Request.
  Time since last request: 0.000437 seconds.
  path: Assets/01_Scripts/MainUI/StageTextUpdate.cs
  artifactKey: Guid(5dba97d01b42b9a48b75fcfa9f69cee5) Importer(2089858483,0ecaa5967403d082aa24f35e1b516d23)
Start importing Assets/01_Scripts/MainUI/StageTextUpdate.cs using Guid(5dba97d01b42b9a48b75fcfa9f69cee5) Importer(2089858483,0ecaa5967403d082aa24f35e1b516d23) (ScriptedImporter) -> (artifact id: '957e6885a83ec585a84311f3c241216f') in 0.0265566 seconds
Number of updated asset objects reloaded before import = 0Number of asset objects unloaded after import = 0

========================================================================
Received Import Request.
  Time since last request: 0.000060 seconds.
  path: Assets/01_Scripts/Unit/Unit.cs
  artifactKey: Guid(f3e0b04bbcf4a78498374debef549785) Importer(2089858483,0ecaa5967403d082aa24f35e1b516d23)
Start importing Assets/01_Scripts/Unit/Unit.cs using Guid(f3e0b04bbcf4a78498374debef549785) Importer(2089858483,0ecaa5967403d082aa24f35e1b516d23) (ScriptedImporter) -> (artifact id: '7bbfbf535c0a4d3b7d59a0399722323e') in 0.0314284 seconds
Number of updated asset objects reloaded before import = 0Number of asset objects unloaded after import = 0

========================================================================
Received Import Request.
  Time since last request: 0.000057 seconds.
  path: Assets/01_Scripts/Map/Astar.cs
  artifactKey: Guid(1a669eba3dbcb4f4eb37ca7078c719b1) Importer(2089858483,0ecaa5967403d082aa24f35e1b516d23)
Start importing Assets/01_Scripts/Map/Astar.cs using Guid(1a669eba3dbcb4f4eb37ca7078c719b1) Importer(2089858483,0ecaa5967403d082aa24f35e1b516d23) (ScriptedImporter) -> (artifact id: 'f809613b5e3b42ddba8f3d5fa1397e4d') in 0.0279816 seconds
Number of updated asset objects reloaded before import = 0Number of asset objects unloaded after import = 0

========================================================================
Received Import Request.
  Time since last request: 0.000053 seconds.
  path: Assets/02_Sprites/Breakout-C/Breakout-001-C.png
  artifactKey: Guid(6b85a72e2d02bc148bf29d0fc3a33043) Importer(2089858483,0ecaa5967403d082aa24f35e1b516d23)
Start importing Assets/02_Sprites/Breakout-C/Breakout-001-C.png using Guid(6b85a72e2d02bc148bf29d0fc3a33043) Importer(2089858483,0ecaa5967403d082aa24f35e1b516d23) (ScriptedImporter) -> (artifact id: 'e40292e22af10c3b45aff7365f3cb27a') in 0.0736487 seconds
Number of updated asset objects reloaded before import = 0Number of asset objects unloaded after import = 3

========================================================================
Received Import Request.
  Time since last request: 0.000039 seconds.
  path: Assets/01_Scripts/Skill/StatusEffect.cs
  artifactKey: Guid(6c9ca1fb20ac49443ba32fedf417d574) Importer(2089858483,0ecaa5967403d082aa24f35e1b516d23)
Start importing Assets/01_Scripts/Skill/StatusEffect.cs using Guid(6c9ca1fb20ac49443ba32fedf417d574) Importer(2089858483,0ecaa5967403d082aa24f35e1b516d23) (ScriptedImporter) -> (artifact id: 'd84c278ceebf9e80a25de5a1fef9d448') in 0.0357125 seconds
Number of updated asset objects reloaded before import = 0Number of asset objects unloaded after import = 0

========================================================================
Received Import Request.
  Time since last request: 0.000028 seconds.
  path: Assets/01_Scripts/Store/StoreSlot.cs
  artifactKey: Guid(8e7e70fcd2e983040aef6a0aef702901) Importer(2089858483,0ecaa5967403d082aa24f35e1b516d23)
Start importing Assets/01_Scripts/Store/StoreSlot.cs using Guid(8e7e70fcd2e983040aef6a0aef702901) Importer(2089858483,0ecaa5967403d082aa24f35e1b516d23) (ScriptedImporter) -> (artifact id: '76e4ea5d0d7bcc0f9b52fb96c0302e80') in 0.0320249 seconds
Number of updated asset objects reloaded before import = 0Number of asset objects unloaded after import = 0

========================================================================
Received Import Request.
  Time since last request: 0.000029 seconds.
  path: Assets/01_Scripts/Unit/UnitActions.cs
  artifactKey: Guid(8a607d83aecb1484280b5397995a5b71) Importer(2089858483,0ecaa5967403d082aa24f35e1b516d23)
Start importing Assets/01_Scripts/Unit/UnitActions.cs using Guid(8a607d83aecb1484280b5397995a5b71) Importer(2089858483,0ecaa5967403d082aa24f35e1b516d23) (ScriptedImporter) -> (artifact id: '76e41e8631ad900c5a74c96ead90e8b6') in 0.0332716 seconds
Number of updated asset objects reloaded before import = 0Number of asset objects unloaded after import = 0

========================================================================
Received Import Request.
  Time since last request: 0.000031 seconds.
  path: Assets/01_Scripts/Skill/SkillBookPopup.cs
  artifactKey: Guid(95b334acae7a780438d41c0f1672772d) Importer(2089858483,0ecaa5967403d082aa24f35e1b516d23)
Start importing Assets/01_Scripts/Skill/SkillBookPopup.cs using Guid(95b334acae7a780438d41c0f1672772d) Importer(2089858483,0ecaa5967403d082aa24f35e1b516d23) (ScriptedImporter) -> (artifact id: 'e57d68f47c9b620ae2fd586af21c1897') in 0.0282381 seconds
Number of updated asset objects reloaded before import = 0Number of asset objects unloaded after import = 0

========================================================================
Received Import Request.
  Time since last request: 0.000031 seconds.
  path: Assets/01_Scripts/MainUI/UIController.cs
  artifactKey: Guid(a79d8b76af176d340883f8b98ceab0e3) Importer(2089858483,0ecaa5967403d082aa24f35e1b516d23)
Start importing Assets/01_Scripts/MainUI/UIController.cs using Guid(a79d8b76af176d340883f8b98ceab0e3) Importer(2089858483,0ecaa5967403d082aa24f35e1b516d23) (ScriptedImporter) -> (artifact id: 'db61a0b15f5f10fedd8971c789b94cd5') in 0.0315089 seconds
Number of updated asset objects reloaded before import = 0Number of asset objects unloaded after import = 0

========================================================================
Received Import Request.
  Time since last request: 0.000044 seconds.
  path: Assets/01_Scripts/Skill/SkillManager.cs
  artifactKey: Guid(2f3ca5ddb8bc1ba45a58935ac53ec3d4) Importer(2089858483,0ecaa5967403d082aa24f35e1b516d23)
Start importing Assets/01_Scripts/Skill/SkillManager.cs using Guid(2f3ca5ddb8bc1ba45a58935ac53ec3d4) Importer(2089858483,0ecaa5967403d082aa24f35e1b516d23) (ScriptedImporter) -> (artifact id: '2bc387201b86b328904b2a654b534984') in 0.0292854 seconds
Number of updated asset objects reloaded before import = 0Number of asset objects unloaded after import = 0

========================================================================
Received Import Request.
  Time since last request: 0.000040 seconds.
  path: Assets/01_Scripts/Map/BossRoomEffect.cs
  artifactKey: Guid(181439ce89475cc46b4659a0072e99ef) Importer(2089858483,0ecaa5967403d082aa24f35e1b516d23)
Start importing Assets/01_Scripts/Map/BossRoomEffect.cs using Guid(181439ce89475cc46b4659a0072e99ef) Importer(2089858483,0ecaa5967403d082aa24f35e1b516d23) (ScriptedImporter) -> (artifact id: '27d34187dff693af35cf46294658f7d2') in 0.0315891 seconds
Number of updated asset objects reloaded before import = 0Number of asset objects unloaded after import = 0

========================================================================
Received Import Request.
  Time since last request: 0.000853 seconds.
  path: Assets/01_Scripts/Map/MapTrigger.cs
  artifactKey: Guid(a92d64d02ff7e314b8f723b0431a1fdf) Importer(2089858483,0ecaa5967403d082aa24f35e1b516d23)
Start importing Assets/01_Scripts/Map/MapTrigger.cs using Guid(a92d64d02ff7e314b8f723b0431a1fdf) Importer(2089858483,0ecaa5967403d082aa24f35e1b516d23) (ScriptedImporter) -> (artifact id: '67c5b1c79c22b58dfcc5d5502dd71e22') in 0.0428181 seconds
Number of updated asset objects reloaded before import = 0Number of asset objects unloaded after import = 0

========================================================================
Received Import Request.
  Time since last request: 0.000027 seconds.
  path: Assets/02_Sprites/Breakout-C/Breakout-005-C.png
  artifactKey: Guid(16262850f3b297d4d9c9cbed68dbd776) Importer(2089858483,0ecaa5967403d082aa24f35e1b516d23)
Start importing Assets/02_Sprites/Breakout-C/Breakout-005-C.png using Guid(16262850f3b297d4d9c9cbed68dbd776) Importer(2089858483,0ecaa5967403d082aa24f35e1b516d23) (ScriptedImporter) -> (artifact id: '96fe6a461ae16b2dfb578394f43db4c2') in 0.079929 seconds
Number of updated asset objects reloaded before import = 0Number of asset objects unloaded after import = 3

========================================================================
Received Import Request.
  Time since last request: 0.000029 seconds.
  path: Assets/01_Scripts/StaticManager/GameManager.cs
  artifactKey: Guid(066c6014bc6946f45bdf4a8078950c32) Importer(2089858483,0ecaa5967403d082aa24f35e1b516d23)
Start importing Assets/01_Scripts/StaticManager/GameManager.cs using Guid(066c6014bc6946f45bdf4a8078950c32) Importer(2089858483,0ecaa5967403d082aa24f35e1b516d23) (ScriptedImporter) -> (artifact id: '3338cd3c87041f9d552d85643cd003bc') in 0.0252452 seconds
Number of updated asset objects reloaded before import = 0Number of asset objects unloaded after import = 0

========================================================================
Received Import Request.
  Time since last request: 0.000027 seconds.
  path: Assets/01_Scripts/Unit Select Scene/StatTextHandler.cs
  artifactKey: Guid(62fbf450f3fe14e4fb91f3d879e38a19) Importer(2089858483,0ecaa5967403d082aa24f35e1b516d23)
Start importing Assets/01_Scripts/Unit Select Scene/StatTextHandler.cs using Guid(62fbf450f3fe14e4fb91f3d879e38a19) Importer(2089858483,0ecaa5967403d082aa24f35e1b516d23) (ScriptedImporter) -> (artifact id: 'd7a02205c3316d1de5fc76fcef0cb0f4') in 0.0267566 seconds
Number of updated asset objects reloaded before import = 0Number of asset objects unloaded after import = 0

========================================================================
Received Import Request.
  Time since last request: 0.000049 seconds.
  path: Assets/01_Scripts/Setting/ResolutionDropdown.cs
  artifactKey: Guid(9dd9e49273bda1e46b968840c35b9e80) Importer(2089858483,0ecaa5967403d082aa24f35e1b516d23)
Start importing Assets/01_Scripts/Setting/ResolutionDropdown.cs using Guid(9dd9e49273bda1e46b968840c35b9e80) Importer(2089858483,0ecaa5967403d082aa24f35e1b516d23) (ScriptedImporter) -> (artifact id: 'b2e3acf1ab85cb485445557a97285ace') in 0.0249688 seconds
Number of updated asset objects reloaded before import = 0Number of asset objects unloaded after import = 0

========================================================================
Received Import Request.
  Time since last request: 0.000054 seconds.
  path: Assets/02_Sprites/Breakout-C/Breakout-006-C.png
  artifactKey: Guid(84238bc698598e24f9335ea2d6636ea3) Importer(2089858483,0ecaa5967403d082aa24f35e1b516d23)
Start importing Assets/02_Sprites/Breakout-C/Breakout-006-C.png using Guid(84238bc698598e24f9335ea2d6636ea3) Importer(2089858483,0ecaa5967403d082aa24f35e1b516d23) (ScriptedImporter) -> (artifact id: '15b6efd0383c74631733e79a2a2e121b') in 0.0759624 seconds
Number of updated asset objects reloaded before import = 0Number of asset objects unloaded after import = 3

========================================================================
Received Import Request.
  Time since last request: 0.000031 seconds.
  path: Assets/01_Scripts/MainUI/SlotMachineUI.cs
  artifactKey: Guid(22c63371a21e6bd4397cb9ebebe6a674) Importer(2089858483,0ecaa5967403d082aa24f35e1b516d23)
Start importing Assets/01_Scripts/MainUI/SlotMachineUI.cs using Guid(22c63371a21e6bd4397cb9ebebe6a674) Importer(2089858483,0ecaa5967403d082aa24f35e1b516d23) (ScriptedImporter) -> (artifact id: '8d792d81ecf7b6cbc03f44b56caaf6da') in 0.0258218 seconds
Number of updated asset objects reloaded before import = 0Number of asset objects unloaded after import = 0

========================================================================
Received Import Request.
  Time since last request: 0.000046 seconds.
  path: Assets/01_Scripts/MainUI/SettingBtn.cs
  artifactKey: Guid(100a1628e0691a74dabca6bcf8ae7b2c) Importer(2089858483,0ecaa5967403d082aa24f35e1b516d23)
Start importing Assets/01_Scripts/MainUI/SettingBtn.cs using Guid(100a1628e0691a74dabca6bcf8ae7b2c) Importer(2089858483,0ecaa5967403d082aa24f35e1b516d23) (ScriptedImporter) -> (artifact id: '9a0cdc4d244a4e3a16d3a298f9925bb3') in 0.0285119 seconds
Number of updated asset objects reloaded before import = 0Number of asset objects unloaded after import = 0

========================================================================
Received Import Request.
  Time since last request: 0.000027 seconds.
  path: Assets/Stone.png
  artifactKey: Guid(1775bb5388e21ec45b465a9737078ef4) Importer(2089858483,0ecaa5967403d082aa24f35e1b516d23)
Start importing Assets/Stone.png using Guid(1775bb5388e21ec45b465a9737078ef4) Importer(2089858483,0ecaa5967403d082aa24f35e1b516d23) (ScriptedImporter) -> (artifact id: '49ad88dde2d4504aca2f67d22262be81') in 0.0900595 seconds
Number of updated asset objects reloaded before import = 0Number of asset objects unloaded after import = 3

========================================================================
Received Import Request.
  Time since last request: 0.000578 seconds.
  path: Assets/01_Scripts/Ending/Credits.controller
  artifactKey: Guid(3fd8bd09a0f2163448267cce92a45954) Importer(2089858483,0ecaa5967403d082aa24f35e1b516d23)
Start importing Assets/01_Scripts/Ending/Credits.controller using Guid(3fd8bd09a0f2163448267cce92a45954) Importer(2089858483,0ecaa5967403d082aa24f35e1b516d23) (ScriptedImporter) -> (artifact id: '1d7c5a9204e86f231f81ad076445f1ca') in 0.0665443 seconds
Number of updated asset objects reloaded before import = 0Number of asset objects unloaded after import = 4

========================================================================
Received Import Request.
  Time since last request: 0.000032 seconds.
  path: Assets/01_Scripts/Item/IconMouseTracker.cs
  artifactKey: Guid(70f5a98483cdb65459f7e24b3c72b08f) Importer(2089858483,0ecaa5967403d082aa24f35e1b516d23)
Start importing Assets/01_Scripts/Item/IconMouseTracker.cs using Guid(70f5a98483cdb65459f7e24b3c72b08f) Importer(2089858483,0ecaa5967403d082aa24f35e1b516d23) (ScriptedImporter) -> (artifact id: 'b6ab5fab38ca16fbc9ff0a13c6e92983') in 0.0261202 seconds
Number of updated asset objects reloaded before import = 0Number of asset objects unloaded after import = 0

========================================================================
Received Import Request.
  Time since last request: 0.000051 seconds.
  path: Assets/01_Scripts/Battle/PercentText.cs
  artifactKey: Guid(fe81f6f8c04793c4d995bc8d74ec9b5e) Importer(2089858483,0ecaa5967403d082aa24f35e1b516d23)
Start importing Assets/01_Scripts/Battle/PercentText.cs using Guid(fe81f6f8c04793c4d995bc8d74ec9b5e) Importer(2089858483,0ecaa5967403d082aa24f35e1b516d23) (ScriptedImporter) -> (artifact id: 'c274724e476c207b5f8e940564f3479f') in 0.0286269 seconds
Number of updated asset objects reloaded before import = 0Number of asset objects unloaded after import = 0

========================================================================
Received Import Request.
  Time since last request: 0.001179 seconds.
  path: Assets/Font/WenCang Study Chinese Font -Simplified Chinese Fonts.ttf
  artifactKey: Guid(5b9d029424b2f4940a37b9840453f21c) Importer(2089858483,0ecaa5967403d082aa24f35e1b516d23)
Start importing Assets/Font/WenCang Study Chinese Font -Simplified Chinese Fonts.ttf using Guid(5b9d029424b2f4940a37b9840453f21c) Importer(2089858483,0ecaa5967403d082aa24f35e1b516d23) (ScriptedImporter) -> (artifact id: 'b5e20fdbbdb0ab37cbb00e9de27fb43d') in 0.1029115 seconds
Number of updated asset objects reloaded before import = 0Number of asset objects unloaded after import = 3

========================================================================
Received Import Request.
  Time since last request: 0.000026 seconds.
  path: Assets/LocalizationCSV/ItemLocalizationCSV.csv
  artifactKey: Guid(798863d6ecfda4548b9c06f21684ce47) Importer(2089858483,0ecaa5967403d082aa24f35e1b516d23)
Start importing Assets/LocalizationCSV/ItemLocalizationCSV.csv using Guid(798863d6ecfda4548b9c06f21684ce47) Importer(2089858483,0ecaa5967403d082aa24f35e1b516d23) (ScriptedImporter) -> (artifact id: '74c64232c53b76160d920b29e188c15b') in 0.0255318 seconds
Number of updated asset objects reloaded before import = 0Number of asset objects unloaded after import = 1

========================================================================
Received Import Request.
  Time since last request: 0.000038 seconds.
  path: Assets/01_Scripts/Battle/BattleObjPooling.cs
  artifactKey: Guid(744450aa8be30ea48b05c09601b73675) Importer(2089858483,0ecaa5967403d082aa24f35e1b516d23)
Start importing Assets/01_Scripts/Battle/BattleObjPooling.cs using Guid(744450aa8be30ea48b05c09601b73675) Importer(2089858483,0ecaa5967403d082aa24f35e1b516d23) (ScriptedImporter) -> (artifact id: '902af379901dd0c361e09025c245eb26') in 0.0281868 seconds
Number of updated asset objects reloaded before import = 0Number of asset objects unloaded after import = 0

========================================================================
Received Import Request.
  Time since last request: 0.000029 seconds.
  path: Assets/01_Scripts/Setting/GameSetting.cs
  artifactKey: Guid(11a06007eae08ee4a81f3161a4e6ef75) Importer(2089858483,0ecaa5967403d082aa24f35e1b516d23)
Start importing Assets/01_Scripts/Setting/GameSetting.cs using Guid(11a06007eae08ee4a81f3161a4e6ef75) Importer(2089858483,0ecaa5967403d082aa24f35e1b516d23) (ScriptedImporter) -> (artifact id: 'f8cf1664f5a7d707bcf94fb43f13b33f') in 0.0246436 seconds
Number of updated asset objects reloaded before import = 0Number of asset objects unloaded after import = 0

========================================================================
Received Import Request.
  Time since last request: 0.000032 seconds.
  path: Assets/01_Scripts/Item/Consumable.cs
  artifactKey: Guid(09a8785090acb5a40adabafdcd06d85e) Importer(2089858483,0ecaa5967403d082aa24f35e1b516d23)
Start importing Assets/01_Scripts/Item/Consumable.cs using Guid(09a8785090acb5a40adabafdcd06d85e) Importer(2089858483,0ecaa5967403d082aa24f35e1b516d23) (ScriptedImporter) -> (artifact id: 'c304c2be8cae6e473175b61847878522') in 0.0312459 seconds
Number of updated asset objects reloaded before import = 0Number of asset objects unloaded after import = 0

========================================================================
Received Import Request.
  Time since last request: 0.000093 seconds.
  path: Assets/01_Scripts/Map/StageData.cs
  artifactKey: Guid(eba8a959fe0620f469ae2a27fb1ef319) Importer(2089858483,0ecaa5967403d082aa24f35e1b516d23)
Start importing Assets/01_Scripts/Map/StageData.cs using Guid(eba8a959fe0620f469ae2a27fb1ef319) Importer(2089858483,0ecaa5967403d082aa24f35e1b516d23) (ScriptedImporter) -> (artifact id: '44fb2c642acd85d5961ac5e8580feb9b') in 0.0276352 seconds
Number of updated asset objects reloaded before import = 0Number of asset objects unloaded after import = 0

========================================================================
Received Import Request.
  Time since last request: 0.000257 seconds.
  path: Assets/05_Sound/Heal sound.wav
  artifactKey: Guid(ce8cfabaebc99a0448a2eb033ac3ef3e) Importer(2089858483,0ecaa5967403d082aa24f35e1b516d23)
Start importing Assets/05_Sound/Heal sound.wav using Guid(ce8cfabaebc99a0448a2eb033ac3ef3e) Importer(2089858483,0ecaa5967403d082aa24f35e1b516d23) (ScriptedImporter) -> (artifact id: '9fff6afa5decaa59ec5679edf8d0c75e') in 0.1094887 seconds
Number of updated asset objects reloaded before import = 0Number of asset objects unloaded after import = 1

========================================================================
Received Import Request.
  Time since last request: 0.000024 seconds.
  path: Assets/01_Scripts/Unit/PosterStatEmphasis.cs
  artifactKey: Guid(737af4a54b952c84e801964a71123bd0) Importer(2089858483,0ecaa5967403d082aa24f35e1b516d23)
Start importing Assets/01_Scripts/Unit/PosterStatEmphasis.cs using Guid(737af4a54b952c84e801964a71123bd0) Importer(2089858483,0ecaa5967403d082aa24f35e1b516d23) (ScriptedImporter) -> (artifact id: '26471053afe637921a2219669378c08c') in 0.028978 seconds
Number of updated asset objects reloaded before import = 0Number of asset objects unloaded after import = 0

========================================================================
Received Import Request.
  Time since last request: 0.000964 seconds.
  path: Assets/01_Scripts/Sanctuary/BuffCard.cs
  artifactKey: Guid(7aba34482cfd1094a83b048332b13cc6) Importer(2089858483,0ecaa5967403d082aa24f35e1b516d23)
Start importing Assets/01_Scripts/Sanctuary/BuffCard.cs using Guid(7aba34482cfd1094a83b048332b13cc6) Importer(2089858483,0ecaa5967403d082aa24f35e1b516d23) (ScriptedImporter) -> (artifact id: '1eea4f2502981e84ab17f56e8e899da6') in 0.0325879 seconds
Number of updated asset objects reloaded before import = 0Number of asset objects unloaded after import = 0

========================================================================
Received Import Request.
  Time since last request: 0.000056 seconds.
  path: Assets/00_Scenes/SANCTUARY.unity
  artifactKey: Guid(c461a53f3ed5ebf4480f089f718facf8) Importer(2089858483,0ecaa5967403d082aa24f35e1b516d23)
Start importing Assets/00_Scenes/SANCTUARY.unity using Guid(c461a53f3ed5ebf4480f089f718facf8) Importer(2089858483,0ecaa5967403d082aa24f35e1b516d23) (ScriptedImporter) -> (artifact id: '22d777033ab46d65e5c1f827a26b4fc8') in 0.0256997 seconds
Number of updated asset objects reloaded before import = 0Number of asset objects unloaded after import = 1

========================================================================
Received Import Request.
  Time since last request: 0.000027 seconds.
  path: Assets/01_Scripts/EffectControl/ObjRotate.cs
  artifactKey: Guid(23f593a5d7250a042b6a8c92edb3fadc) Importer(2089858483,0ecaa5967403d082aa24f35e1b516d23)
Start importing Assets/01_Scripts/EffectControl/ObjRotate.cs using Guid(23f593a5d7250a042b6a8c92edb3fadc) Importer(2089858483,0ecaa5967403d082aa24f35e1b516d23) (ScriptedImporter) -> (artifact id: 'e25ad3aa9e4ccfb6eb2d8b07eccf762a') in 0.0272284 seconds
Number of updated asset objects reloaded before import = 0Number of asset objects unloaded after import = 0

========================================================================
Received Import Request.
  Time since last request: 0.000287 seconds.
  path: Assets/01_Scripts/Map/MapGenerateData.cs
  artifactKey: Guid(5d6d2d069226a9942a4b7c7afcea4c4d) Importer(2089858483,0ecaa5967403d082aa24f35e1b516d23)
Start importing Assets/01_Scripts/Map/MapGenerateData.cs using Guid(5d6d2d069226a9942a4b7c7afcea4c4d) Importer(2089858483,0ecaa5967403d082aa24f35e1b516d23) (ScriptedImporter) -> (artifact id: '1e2d049a636b882a2751bf7cde68955f') in 0.0270273 seconds
Number of updated asset objects reloaded before import = 0Number of asset objects unloaded after import = 0

========================================================================
Received Import Request.
  Time since last request: 0.000213 seconds.
  path: Assets/LocalizationCSV/UnitNameLocalizationCSV.csv
  artifactKey: Guid(2db3916efa6be084cb9b64df2d3dfb71) Importer(2089858483,0ecaa5967403d082aa24f35e1b516d23)
Start importing Assets/LocalizationCSV/UnitNameLocalizationCSV.csv using Guid(2db3916efa6be084cb9b64df2d3dfb71) Importer(2089858483,0ecaa5967403d082aa24f35e1b516d23) (ScriptedImporter) -> (artifact id: '411a1e27fac43b047931c58e693bcca7') in 0.0265105 seconds
Number of updated asset objects reloaded before import = 0Number of asset objects unloaded after import = 1

========================================================================
Received Import Request.
  Time since last request: 0.000495 seconds.
  path: Assets/SerializableDictionary/SerializableDictionary.cs
  artifactKey: Guid(e7be1c9624387604fba4005ccf7dbd5a) Importer(2089858483,0ecaa5967403d082aa24f35e1b516d23)
Start importing Assets/SerializableDictionary/SerializableDictionary.cs using Guid(e7be1c9624387604fba4005ccf7dbd5a) Importer(2089858483,0ecaa5967403d082aa24f35e1b516d23) (ScriptedImporter) -> (artifact id: '31166986a76cda3ce27060584c9a5078') in 0.0270419 seconds
Number of updated asset objects reloaded before import = 0Number of asset objects unloaded after import = 0

========================================================================
Received Import Request.
  Time since last request: 0.000028 seconds.
  path: Assets/01_Scripts/MainUI/MainBtnManager.cs
  artifactKey: Guid(fc894d8af8138574181bd6e3caa07065) Importer(2089858483,0ecaa5967403d082aa24f35e1b516d23)
Start importing Assets/01_Scripts/MainUI/MainBtnManager.cs using Guid(fc894d8af8138574181bd6e3caa07065) Importer(2089858483,0ecaa5967403d082aa24f35e1b516d23) (ScriptedImporter) -> (artifact id: 'caf0f14b23faeb35d3340391aff8e5b7') in 0.0269648 seconds
Number of updated asset objects reloaded before import = 0Number of asset objects unloaded after import = 0

========================================================================
Received Import Request.
  Time since last request: 0.000052 seconds.
  path: Assets/01_Scripts/Setting/PlayData.cs
  artifactKey: Guid(81e669dcef003e3469d72cd6f41dd058) Importer(2089858483,0ecaa5967403d082aa24f35e1b516d23)
Start importing Assets/01_Scripts/Setting/PlayData.cs using Guid(81e669dcef003e3469d72cd6f41dd058) Importer(2089858483,0ecaa5967403d082aa24f35e1b516d23) (ScriptedImporter) -> (artifact id: '235ba47f312febc4823fc83fdb165488') in 0.0259409 seconds
Number of updated asset objects reloaded before import = 0Number of asset objects unloaded after import = 0

========================================================================
Received Import Request.
  Time since last request: 0.000039 seconds.
  path: Assets/01_Scripts/MainUI/MoveObject.cs
  artifactKey: Guid(679871ca8ff4bd4438f9e90ccdc70ec8) Importer(2089858483,0ecaa5967403d082aa24f35e1b516d23)
Start importing Assets/01_Scripts/MainUI/MoveObject.cs using Guid(679871ca8ff4bd4438f9e90ccdc70ec8) Importer(2089858483,0ecaa5967403d082aa24f35e1b516d23) (ScriptedImporter) -> (artifact id: '77b6588dfdb3b6ffc5b9350c007936f2') in 0.0255245 seconds
Number of updated asset objects reloaded before import = 0Number of asset objects unloaded after import = 0

========================================================================
Received Import Request.
  Time since last request: 0.000045 seconds.
  path: Assets/01_Scripts/Unit Select Scene/SkillInfoHandler.cs
  artifactKey: Guid(495eadd5f66c02c47944d45b2f4c3e14) Importer(2089858483,0ecaa5967403d082aa24f35e1b516d23)
Start importing Assets/01_Scripts/Unit Select Scene/SkillInfoHandler.cs using Guid(495eadd5f66c02c47944d45b2f4c3e14) Importer(2089858483,0ecaa5967403d082aa24f35e1b516d23) (ScriptedImporter) -> (artifact id: '69dcce4bd857293a03508b069ba7b246') in 0.0265802 seconds
Number of updated asset objects reloaded before import = 0Number of asset objects unloaded after import = 0

========================================================================
Received Import Request.
  Time since last request: 0.000230 seconds.
  path: Assets/AddressableAssetsData/AddressableAssetSettings.asset
  artifactKey: Guid(b14dabf74ff6dce43bd8771d5fa468e5) Importer(2089858483,0ecaa5967403d082aa24f35e1b516d23)
Start importing Assets/AddressableAssetsData/AddressableAssetSettings.asset using Guid(b14dabf74ff6dce43bd8771d5fa468e5) Importer(2089858483,0ecaa5967403d082aa24f35e1b516d23) (ScriptedImporter) -> (artifact id: '7702eb7dd7d76f8545d29bca84d30ded') in 0.0942925 seconds
Number of updated asset objects reloaded before import = 0Number of asset objects unloaded after import = 1

========================================================================
Received Import Request.
  Time since last request: 0.000027 seconds.
  path: Assets/01_Scripts/Item/InventorySlotButton.cs
  artifactKey: Guid(2788b5c306d2d2b49b400024628158c3) Importer(2089858483,0ecaa5967403d082aa24f35e1b516d23)
Start importing Assets/01_Scripts/Item/InventorySlotButton.cs using Guid(2788b5c306d2d2b49b400024628158c3) Importer(2089858483,0ecaa5967403d082aa24f35e1b516d23) (ScriptedImporter) -> (artifact id: '22b679f354f8e714939f2e569a41f6cd') in 0.0281635 seconds
Number of updated asset objects reloaded before import = 0Number of asset objects unloaded after import = 0

========================================================================
Received Import Request.
  Time since last request: 0.000034 seconds.
  path: Assets/01_Scripts/Skill/SkillParticle.cs
  artifactKey: Guid(e0bd5bbedba36db45b9f93bebdc86990) Importer(2089858483,0ecaa5967403d082aa24f35e1b516d23)
Start importing Assets/01_Scripts/Skill/SkillParticle.cs using Guid(e0bd5bbedba36db45b9f93bebdc86990) Importer(2089858483,0ecaa5967403d082aa24f35e1b516d23) (ScriptedImporter) -> (artifact id: 'b6ac09b3ea84f92be19fb9e08c3c17f6') in 0.0277019 seconds
Number of updated asset objects reloaded before import = 0Number of asset objects unloaded after import = 0

========================================================================
Received Import Request.
  Time since last request: 0.000071 seconds.
  path: Assets/01_Scripts/Item/ResultPopup.cs
  artifactKey: Guid(311f24aea43ba1343958be0785368911) Importer(2089858483,0ecaa5967403d082aa24f35e1b516d23)
Start importing Assets/01_Scripts/Item/ResultPopup.cs using Guid(311f24aea43ba1343958be0785368911) Importer(2089858483,0ecaa5967403d082aa24f35e1b516d23) (ScriptedImporter) -> (artifact id: '38cc9124e717474dd1ba1d9b14adb8f2') in 0.0273639 seconds
Number of updated asset objects reloaded before import = 0Number of asset objects unloaded after import = 0

========================================================================
Received Import Request.
  Time since last request: 0.000330 seconds.
  path: Assets/01_Scripts/Skill/SkillBookUnitSelect.cs
  artifactKey: Guid(3e2e42006bb34ce40928af7cf6e25092) Importer(2089858483,0ecaa5967403d082aa24f35e1b516d23)
Start importing Assets/01_Scripts/Skill/SkillBookUnitSelect.cs using Guid(3e2e42006bb34ce40928af7cf6e25092) Importer(2089858483,0ecaa5967403d082aa24f35e1b516d23) (ScriptedImporter) -> (artifact id: '908a20b2ac29d175988e5855b5881b90') in 0.0243546 seconds
Number of updated asset objects reloaded before import = 0Number of asset objects unloaded after import = 0

========================================================================
Received Import Request.
  Time since last request: 0.000031 seconds.
  path: Assets/01_Scripts/StaticManager/SlotMachineManager.cs
  artifactKey: Guid(45ee19046247cf34f97fedff81b69608) Importer(2089858483,0ecaa5967403d082aa24f35e1b516d23)
Start importing Assets/01_Scripts/StaticManager/SlotMachineManager.cs using Guid(45ee19046247cf34f97fedff81b69608) Importer(2089858483,0ecaa5967403d082aa24f35e1b516d23) (ScriptedImporter) -> (artifact id: '6b84d7ccd7201ce5bc0946a1dec9399f') in 0.0261298 seconds
Number of updated asset objects reloaded before import = 0Number of asset objects unloaded after import = 0

========================================================================
Received Import Request.
  Time since last request: 0.000031 seconds.
  path: Assets/01_Scripts/Unit/UnitSelectSlot.cs
  artifactKey: Guid(6e876e08f51291945852444b0db39080) Importer(2089858483,0ecaa5967403d082aa24f35e1b516d23)
Start importing Assets/01_Scripts/Unit/UnitSelectSlot.cs using Guid(6e876e08f51291945852444b0db39080) Importer(2089858483,0ecaa5967403d082aa24f35e1b516d23) (ScriptedImporter) -> (artifact id: 'c0efa8163ee856c60905b689adb05abc') in 0.0239495 seconds
Number of updated asset objects reloaded before import = 0Number of asset objects unloaded after import = 0

========================================================================
Received Import Request.
  Time since last request: 0.000029 seconds.
  path: Assets/01_Scripts/Ending/RecordTextController.cs
  artifactKey: Guid(7ac4e9a6cecc9c44bb75e60fd0bcc1c6) Importer(2089858483,0ecaa5967403d082aa24f35e1b516d23)
Start importing Assets/01_Scripts/Ending/RecordTextController.cs using Guid(7ac4e9a6cecc9c44bb75e60fd0bcc1c6) Importer(2089858483,0ecaa5967403d082aa24f35e1b516d23) (ScriptedImporter) -> (artifact id: '442402a02947c8e93eaa8c5e3199e3d6') in 0.0262917 seconds
Number of updated asset objects reloaded before import = 0Number of asset objects unloaded after import = 0

========================================================================
Received Import Request.
  Time since last request: 0.000038 seconds.
  path: Assets/01_Scripts/EffectControl/MoveExplosion.cs
  artifactKey: Guid(977e157a4e7b80247b043f0c74ebca65) Importer(2089858483,0ecaa5967403d082aa24f35e1b516d23)
Start importing Assets/01_Scripts/EffectControl/MoveExplosion.cs using Guid(977e157a4e7b80247b043f0c74ebca65) Importer(2089858483,0ecaa5967403d082aa24f35e1b516d23) (ScriptedImporter) -> (artifact id: 'c102f8cd81bcf80c133ab5d8d7e6f7c7') in 0.0288757 seconds
Number of updated asset objects reloaded before import = 0Number of asset objects unloaded after import = 0

========================================================================
Received Import Request.
  Time since last request: 0.000026 seconds.
  path: Assets/LocalizationCSV/UiLocalizationCSV.csv
  artifactKey: Guid(d9ca1180dd2733c4ba09d6549e4ac6fe) Importer(2089858483,0ecaa5967403d082aa24f35e1b516d23)
Start importing Assets/LocalizationCSV/UiLocalizationCSV.csv using Guid(d9ca1180dd2733c4ba09d6549e4ac6fe) Importer(2089858483,0ecaa5967403d082aa24f35e1b516d23) (ScriptedImporter) -> (artifact id: '2370a312da59c1000ee416afde3a5746') in 0.0242641 seconds
Number of updated asset objects reloaded before import = 0Number of asset objects unloaded after import = 1

========================================================================
Received Import Request.
  Time since last request: 0.000028 seconds.
  path: Assets/01_Scripts/Map/MapDrag.cs
  artifactKey: Guid(25e97fbb8980a6b48aa5a2ff90efc941) Importer(2089858483,0ecaa5967403d082aa24f35e1b516d23)
Start importing Assets/01_Scripts/Map/MapDrag.cs using Guid(25e97fbb8980a6b48aa5a2ff90efc941) Importer(2089858483,0ecaa5967403d082aa24f35e1b516d23) (ScriptedImporter) -> (artifact id: '8411272fffd5d1217ee141b7c8a3d5ce') in 0.0290893 seconds
Number of updated asset objects reloaded before import = 0Number of asset objects unloaded after import = 0

========================================================================
Received Import Request.
  Time since last request: 0.000030 seconds.
  path: Assets/01_Scripts/Skill/SkillSlot.cs
  artifactKey: Guid(de794aad26437b342955448b7c8a8670) Importer(2089858483,0ecaa5967403d082aa24f35e1b516d23)
Start importing Assets/01_Scripts/Skill/SkillSlot.cs using Guid(de794aad26437b342955448b7c8a8670) Importer(2089858483,0ecaa5967403d082aa24f35e1b516d23) (ScriptedImporter) -> (artifact id: '7edc668c8d8b9b71452de3c009f053ed') in 0.0272918 seconds
Number of updated asset objects reloaded before import = 0Number of asset objects unloaded after import = 0

========================================================================
Received Import Request.
  Time since last request: 0.000232 seconds.
  path: Assets/03_Prefabs/GameManagementPrefabs/BattleOpjectPooling.prefab
  artifactKey: Guid(b6b3ccb64d371c548a8fdd2d4d25fb5b) Importer(815301076,1909f56bfc062723c751e8b465ee728b)
Start importing Assets/03_Prefabs/GameManagementPrefabs/BattleOpjectPooling.prefab using Guid(b6b3ccb64d371c548a8fdd2d4d25fb5b) Importer(815301076,1909f56bfc062723c751e8b465ee728b) (PreviewImporter) -> (artifact id: 'c69c84ab8d25b2feb6487be58cfa76b3') in 0.5397241 seconds
Number of updated asset objects reloaded before import = 0Number of asset objects unloaded after import = 57

========================================================================
Received Import Request.
  Time since last request: 0.000040 seconds.
  path: Assets/02_Sprites/Comunity icon.png
  artifactKey: Guid(89ffb37f294e377459326380a2a1362a) Importer(2089858483,0ecaa5967403d082aa24f35e1b516d23)
Start importing Assets/02_Sprites/Comunity icon.png using Guid(89ffb37f294e377459326380a2a1362a) Importer(2089858483,0ecaa5967403d082aa24f35e1b516d23) (ScriptedImporter) -> (artifact id: '8643bf9ab607075f75d6a37651b91d2e') in 0.0556968 seconds
Number of updated asset objects reloaded before import = 0Number of asset objects unloaded after import = 3

========================================================================
Received Import Request.
  Time since last request: 0.000037 seconds.
  path: Assets/01_Scripts/Unit/UnitData.cs
  artifactKey: Guid(2697e59fb1781324bbd73cf2642ae469) Importer(2089858483,0ecaa5967403d082aa24f35e1b516d23)
Start importing Assets/01_Scripts/Unit/UnitData.cs using Guid(2697e59fb1781324bbd73cf2642ae469) Importer(2089858483,0ecaa5967403d082aa24f35e1b516d23) (ScriptedImporter) -> (artifact id: '73f01b0b4bee5a6bfe1ff0513b7df189') in 0.0227219 seconds
Number of updated asset objects reloaded before import = 0Number of asset objects unloaded after import = 0

========================================================================
Received Import Request.
  Time since last request: 0.000039 seconds.
  path: Assets/01_Scripts/Item/ItemData.cs
  artifactKey: Guid(7fe6a3783120d7047bad6a335333ade6) Importer(2089858483,0ecaa5967403d082aa24f35e1b516d23)
Start importing Assets/01_Scripts/Item/ItemData.cs using Guid(7fe6a3783120d7047bad6a335333ade6) Importer(2089858483,0ecaa5967403d082aa24f35e1b516d23) (ScriptedImporter) -> (artifact id: 'e480433eabc36f720454f9caca9dbffd') in 0.0221496 seconds
Number of updated asset objects reloaded before import = 0Number of asset objects unloaded after import = 0

========================================================================
Received Import Request.
  Time since last request: 0.000030 seconds.
  path: Assets/02_Sprites/Breakout-C/Breakout-004-C.png
  artifactKey: Guid(24effea750128ff449d247151d5f7d3f) Importer(2089858483,0ecaa5967403d082aa24f35e1b516d23)
Start importing Assets/02_Sprites/Breakout-C/Breakout-004-C.png using Guid(24effea750128ff449d247151d5f7d3f) Importer(2089858483,0ecaa5967403d082aa24f35e1b516d23) (ScriptedImporter) -> (artifact id: '29746750b5e9701e1f61c93f85ecc43d') in 0.0686938 seconds
Number of updated asset objects reloaded before import = 0Number of asset objects unloaded after import = 3

========================================================================
Received Import Request.
  Time since last request: 0.000024 seconds.
  path: Assets/01_Scripts/Map/RoomButton.cs
  artifactKey: Guid(16800249fd1f0354b8010347d2e784f1) Importer(2089858483,0ecaa5967403d082aa24f35e1b516d23)
Start importing Assets/01_Scripts/Map/RoomButton.cs using Guid(16800249fd1f0354b8010347d2e784f1) Importer(2089858483,0ecaa5967403d082aa24f35e1b516d23) (ScriptedImporter) -> (artifact id: '2167a5f7b0a6d025e636eefb41283601') in 0.0267451 seconds
Number of updated asset objects reloaded before import = 0Number of asset objects unloaded after import = 0

========================================================================
Received Import Request.
  Time since last request: 0.000035 seconds.
  path: Assets/Font/Deadunsan OTF Regular.otf
  artifactKey: Guid(21425c374643de74eb312b818f909c12) Importer(2089858483,0ecaa5967403d082aa24f35e1b516d23)
Start importing Assets/Font/Deadunsan OTF Regular.otf using Guid(21425c374643de74eb312b818f909c12) Importer(2089858483,0ecaa5967403d082aa24f35e1b516d23) (ScriptedImporter) -> (artifact id: 'a753b023758ac9fa5940216e0ad9ccca') in 0.0607085 seconds
Number of updated asset objects reloaded before import = 0Number of asset objects unloaded after import = 3

========================================================================
Received Import Request.
  Time since last request: 0.000059 seconds.
  path: Assets/02_Sprites/Breakout-C/Breakout-003-C.png
  artifactKey: Guid(df44f3c66379bcf47ab8aef7a6f4bee3) Importer(2089858483,0ecaa5967403d082aa24f35e1b516d23)
Start importing Assets/02_Sprites/Breakout-C/Breakout-003-C.png using Guid(df44f3c66379bcf47ab8aef7a6f4bee3) Importer(2089858483,0ecaa5967403d082aa24f35e1b516d23) (ScriptedImporter) -> (artifact id: 'bd684ce0ef68ef6569d57f9229d3fca3') in 0.0589266 seconds
Number of updated asset objects reloaded before import = 0Number of asset objects unloaded after import = 3

========================================================================
Received Import Request.
  Time since last request: 0.000033 seconds.
  path: Assets/01_Scripts/Unit Select Scene/UnitEmployManager.cs
  artifactKey: Guid(5d668ad5f2ee6f34f850fd091af5e67c) Importer(2089858483,0ecaa5967403d082aa24f35e1b516d23)
Start importing Assets/01_Scripts/Unit Select Scene/UnitEmployManager.cs using Guid(5d668ad5f2ee6f34f850fd091af5e67c) Importer(2089858483,0ecaa5967403d082aa24f35e1b516d23) (ScriptedImporter) -> (artifact id: '42de05ab5af7ca856091b0a0a813ec9b') in 0.0239432 seconds
Number of updated asset objects reloaded before import = 0Number of asset objects unloaded after import = 0

========================================================================
Received Import Request.
  Time since last request: 0.000024 seconds.
  path: Assets/01_Scripts/Steam/SteamAchievements.cs
  artifactKey: Guid(887266815debeef49b3259afa43942ff) Importer(2089858483,0ecaa5967403d082aa24f35e1b516d23)
Start importing Assets/01_Scripts/Steam/SteamAchievements.cs using Guid(887266815debeef49b3259afa43942ff) Importer(2089858483,0ecaa5967403d082aa24f35e1b516d23) (ScriptedImporter) -> (artifact id: '4d5aec51b4e3bfff4cfb962b4a484a7c') in 0.0245344 seconds
Number of updated asset objects reloaded before import = 0Number of asset objects unloaded after import = 0

========================================================================
Received Import Request.
  Time since last request: 0.000030 seconds.
  path: Assets/Font/Chinese Font -Simplified Chinese Fonts SDF.asset
  artifactKey: Guid(f02602396881a9f408f8e036d74da79c) Importer(2089858483,0ecaa5967403d082aa24f35e1b516d23)
Start importing Assets/Font/Chinese Font -Simplified Chinese Fonts SDF.asset using Guid(f02602396881a9f408f8e036d74da79c) Importer(2089858483,0ecaa5967403d082aa24f35e1b516d23) (ScriptedImporter) -> (artifact id: '6e0a5e3b93d9454043c447a4af949563') in 0.3878013 seconds
Number of updated asset objects reloaded before import = 0Number of asset objects unloaded after import = 3

========================================================================
Received Import Request.
  Time since last request: 0.000035 seconds.
  path: Assets/03_Prefabs/Map/MapParent.prefab
  artifactKey: Guid(b27c85099b088e0478b5fb3f88e8c4fe) Importer(2089858483,0ecaa5967403d082aa24f35e1b516d23)
Start importing Assets/03_Prefabs/Map/MapParent.prefab using Guid(b27c85099b088e0478b5fb3f88e8c4fe) Importer(2089858483,0ecaa5967403d082aa24f35e1b516d23) (ScriptedImporter) -> (artifact id: '1f9195fec6d8249fa7e5538b8acf6cf4') in 0.0510511 seconds
Number of updated asset objects reloaded before import = 0Number of asset objects unloaded after import = 6

========================================================================
Received Import Request.
  Time since last request: 0.000031 seconds.
  path: Assets/02_Sprites/digits/digit4.png
  artifactKey: Guid(3710bf4f9fb27a0469332c0ced1cb884) Importer(2089858483,0ecaa5967403d082aa24f35e1b516d23)
Start importing Assets/02_Sprites/digits/digit4.png using Guid(3710bf4f9fb27a0469332c0ced1cb884) Importer(2089858483,0ecaa5967403d082aa24f35e1b516d23) (ScriptedImporter) -> (artifact id: '730924ed700dfde4800c2a2735a70712') in 0.0730597 seconds
Number of updated asset objects reloaded before import = 0Number of asset objects unloaded after import = 3

========================================================================
Received Import Request.
  Time since last request: 0.000036 seconds.
  path: Assets/02_Sprites/Gamble/Background.jpg
  artifactKey: Guid(727973f7bbf1f684bb5a5ede7ea45239) Importer(2089858483,0ecaa5967403d082aa24f35e1b516d23)
Start importing Assets/02_Sprites/Gamble/Background.jpg using Guid(727973f7bbf1f684bb5a5ede7ea45239) Importer(2089858483,0ecaa5967403d082aa24f35e1b516d23) (ScriptedImporter) -> (artifact id: 'a49e8d0f800bb6b0c8b431692aa25926') in 0.0975365 seconds
Number of updated asset objects reloaded before import = 0Number of asset objects unloaded after import = 3

========================================================================
Received Import Request.
  Time since last request: 0.000029 seconds.
  path: Assets/03_Prefabs/Temp/Money UI.prefab
  artifactKey: Guid(961f00ff07fdbc44daaf8799d32bd345) Importer(2089858483,0ecaa5967403d082aa24f35e1b516d23)
Start importing Assets/03_Prefabs/Temp/Money UI.prefab using Guid(961f00ff07fdbc44daaf8799d32bd345) Importer(2089858483,0ecaa5967403d082aa24f35e1b516d23) (ScriptedImporter) -> (artifact id: 'ea4f386ac7ec102271fed4b92e7b08c3') in 0.4974947 seconds
Number of updated asset objects reloaded before import = 0Number of asset objects unloaded after import = 21

========================================================================
Received Import Request.
  Time since last request: 0.000053 seconds.
  path: Assets/03_Prefabs/PlayerUnitPrefabs/Male_Plate_01.prefab
  artifactKey: Guid(fef30ed9e6abb414f877d3532b41356d) Importer(2089858483,0ecaa5967403d082aa24f35e1b516d23)
Start importing Assets/03_Prefabs/PlayerUnitPrefabs/Male_Plate_01.prefab using Guid(fef30ed9e6abb414f877d3532b41356d) Importer(2089858483,0ecaa5967403d082aa24f35e1b516d23) (ScriptedImporter) -> (artifact id: 'f0a0566172842d9ddb8d5802b8f8675c') in 0.4460918 seconds
Number of updated asset objects reloaded before import = 0Number of asset objects unloaded after import = 125

========================================================================
Received Import Request.
  Time since last request: 0.000054 seconds.
  path: Assets/02_Sprites/Stat Icon/ACC.png
  artifactKey: Guid(aa4e792a271d1e8489af8766aacb254e) Importer(2089858483,0ecaa5967403d082aa24f35e1b516d23)
Start importing Assets/02_Sprites/Stat Icon/ACC.png using Guid(aa4e792a271d1e8489af8766aacb254e) Importer(2089858483,0ecaa5967403d082aa24f35e1b516d23) (ScriptedImporter) -> (artifact id: '6793b5130224ad13b00dda3040db205a') in 0.0840393 seconds
Number of updated asset objects reloaded before import = 0Number of asset objects unloaded after import = 3

========================================================================
Received Import Request.
  Time since last request: 0.000023 seconds.
  path: Assets/02_Sprites/digits/digit0.png
  artifactKey: Guid(27104e8778d9cff469d0062f4152ce9d) Importer(2089858483,0ecaa5967403d082aa24f35e1b516d23)
Start importing Assets/02_Sprites/digits/digit0.png using Guid(27104e8778d9cff469d0062f4152ce9d) Importer(2089858483,0ecaa5967403d082aa24f35e1b516d23) (ScriptedImporter) -> (artifact id: 'b100a46e95ef4637969f05ba83d43e0a') in 0.0668832 seconds
Number of updated asset objects reloaded before import = 0Number of asset objects unloaded after import = 3

========================================================================
Received Import Request.
  Time since last request: 0.000149 seconds.
  path: Assets/02_Sprites/Monster Skill/pngfind.com-scythe-png-1145863.png
  artifactKey: Guid(279558f97160d224b92b77fcf1fddbfb) Importer(2089858483,0ecaa5967403d082aa24f35e1b516d23)
Start importing Assets/02_Sprites/Monster Skill/pngfind.com-scythe-png-1145863.png using Guid(279558f97160d224b92b77fcf1fddbfb) Importer(2089858483,0ecaa5967403d082aa24f35e1b516d23) (ScriptedImporter) -> (artifact id: 'c2210abf79ca4e79e6235e79d45fd25f') in 0.0851688 seconds
Number of updated asset objects reloaded before import = 0Number of asset objects unloaded after import = 3

========================================================================
Received Import Request.
  Time since last request: 0.000637 seconds.
  path: Assets/03_Prefabs/Popup/Info Popup.prefab
  artifactKey: Guid(f7501cdc210bd3f4095e0a4c9d8fef7b) Importer(2089858483,0ecaa5967403d082aa24f35e1b516d23)
Start importing Assets/03_Prefabs/Popup/Info Popup.prefab using Guid(f7501cdc210bd3f4095e0a4c9d8fef7b) Importer(2089858483,0ecaa5967403d082aa24f35e1b516d23) (ScriptedImporter) -> (artifact id: '86a5086ead7e4552d192c1977707939a') in 0.9061063 seconds
Number of updated asset objects reloaded before import = 0Number of asset objects unloaded after import = 317

========================================================================
Received Import Request.
  Time since last request: 0.000032 seconds.
  path: Assets/02_Sprites/digits/digit2.png
  artifactKey: Guid(9bdded3d7620ff94c873a739e4a8303e) Importer(2089858483,0ecaa5967403d082aa24f35e1b516d23)
Start importing Assets/02_Sprites/digits/digit2.png using Guid(9bdded3d7620ff94c873a739e4a8303e) Importer(2089858483,0ecaa5967403d082aa24f35e1b516d23) (ScriptedImporter) -> (artifact id: 'e1e3fb5aacbd1d6b71625e4d873225f8') in 0.0755488 seconds
Number of updated asset objects reloaded before import = 0Number of asset objects unloaded after import = 3

========================================================================
Received Import Request.
  Time since last request: 0.000037 seconds.
  path: Assets/03_Prefabs/Popup/Reward Popup.prefab
  artifactKey: Guid(29725f653f718e04a9e737cf0db764e0) Importer(2089858483,0ecaa5967403d082aa24f35e1b516d23)
Start importing Assets/03_Prefabs/Popup/Reward Popup.prefab using Guid(29725f653f718e04a9e737cf0db764e0) Importer(2089858483,0ecaa5967403d082aa24f35e1b516d23) (ScriptedImporter) -> (artifact id: '200400ab81a1c23b1bbfd3673023f10f') in 0.8417488 seconds
Number of updated asset objects reloaded before import = 0Number of asset objects unloaded after import = 298

========================================================================
Received Import Request.
  Time since last request: 0.000045 seconds.
  path: Assets/05_Sound/BGM/Ocean (Loopable).wav
  artifactKey: Guid(6e8fd84aca80cb643b05e3b88c59d377) Importer(2089858483,0ecaa5967403d082aa24f35e1b516d23)
Start importing Assets/05_Sound/BGM/Ocean (Loopable).wav using Guid(6e8fd84aca80cb643b05e3b88c59d377) Importer(2089858483,0ecaa5967403d082aa24f35e1b516d23) (ScriptedImporter) -> (artifact id: '3c1baaa44c47bc1e6e0f95cab8dbe663') in 1.1738853 seconds
Number of updated asset objects reloaded before import = 0Number of asset objects unloaded after import = 1

========================================================================
Received Import Request.
  Time since last request: 0.000043 seconds.
  path: Assets/05_Sound/Battle/PlayerDamaged.wav
  artifactKey: Guid(b82c574f09acfe1428f97dc07f652a7f) Importer(2089858483,0ecaa5967403d082aa24f35e1b516d23)
Start importing Assets/05_Sound/Battle/PlayerDamaged.wav using Guid(b82c574f09acfe1428f97dc07f652a7f) Importer(2089858483,0ecaa5967403d082aa24f35e1b516d23) (ScriptedImporter) -> (artifact id: '8d69318a6340aceec18f4b7780920d03') in 0.1643293 seconds
Number of updated asset objects reloaded before import = 0Number of asset objects unloaded after import = 1

========================================================================
Received Import Request.
  Time since last request: 0.000022 seconds.
  path: Assets/05_Sound/Battle/Win sound 18.wav
  artifactKey: Guid(c154cce2b49ccf34db9fcb9c0c3e3ac3) Importer(2089858483,0ecaa5967403d082aa24f35e1b516d23)
Start importing Assets/05_Sound/Battle/Win sound 18.wav using Guid(c154cce2b49ccf34db9fcb9c0c3e3ac3) Importer(2089858483,0ecaa5967403d082aa24f35e1b516d23) (ScriptedImporter) -> (artifact id: '29abebb16e0d79511cf1ff68b4546857') in 0.2062612 seconds
Number of updated asset objects reloaded before import = 0Number of asset objects unloaded after import = 1

========================================================================
Received Import Request.
  Time since last request: 0.000551 seconds.
  path: Assets/04_ScriptableObject/Monster Skill/TestAOEtarget.asset
  artifactKey: Guid(aeac5de8a1429b746b5ed9461f5e54b4) Importer(2089858483,0ecaa5967403d082aa24f35e1b516d23)
Start importing Assets/04_ScriptableObject/Monster Skill/TestAOEtarget.asset using Guid(aeac5de8a1429b746b5ed9461f5e54b4) Importer(2089858483,0ecaa5967403d082aa24f35e1b516d23) (ScriptedImporter) -> (artifact id: 'c0b3cdd0effd95c5b8e5d6d2e3069f75') in 0.0936375 seconds
Number of updated asset objects reloaded before import = 0Number of asset objects unloaded after import = 19

========================================================================
Received Import Request.
  Time since last request: 0.000036 seconds.
  path: Assets/05_Sound/Battle/DM-CGS-46.wav
  artifactKey: Guid(abcd775285b7953469974013a010e1a6) Importer(2089858483,0ecaa5967403d082aa24f35e1b516d23)
Start importing Assets/05_Sound/Battle/DM-CGS-46.wav using Guid(abcd775285b7953469974013a010e1a6) Importer(2089858483,0ecaa5967403d082aa24f35e1b516d23) (ScriptedImporter) -> (artifact id: '678583fbf94037098ada218991a9da59') in 0.1852345 seconds
Number of updated asset objects reloaded before import = 0Number of asset objects unloaded after import = 1

========================================================================
Received Import Request.
  Time since last request: 0.000031 seconds.
  path: Assets/03_Prefabs/PlayerUnitPrefabs/Male_Under_01.prefab
  artifactKey: Guid(113503188de4c2949b5fe902379bcb83) Importer(2089858483,0ecaa5967403d082aa24f35e1b516d23)
Start importing Assets/03_Prefabs/PlayerUnitPrefabs/Male_Under_01.prefab using Guid(113503188de4c2949b5fe902379bcb83) Importer(2089858483,0ecaa5967403d082aa24f35e1b516d23) (ScriptedImporter) -> (artifact id: '83083cdb39633997548ac290499a4b1a') in 0.1944604 seconds
Number of updated asset objects reloaded before import = 0Number of asset objects unloaded after import = 127

========================================================================
Received Import Request.
  Time since last request: 0.000042 seconds.
  path: Assets/02_Sprites/Stat Icon/38.png
  artifactKey: Guid(91dcc5cd951727148b477907ddcc0ec0) Importer(2089858483,0ecaa5967403d082aa24f35e1b516d23)
Start importing Assets/02_Sprites/Stat Icon/38.png using Guid(91dcc5cd951727148b477907ddcc0ec0) Importer(2089858483,0ecaa5967403d082aa24f35e1b516d23) (ScriptedImporter) -> (artifact id: '6bad7b0a74e6fa0d6e0734358a7f82d2') in 0.0739764 seconds
Number of updated asset objects reloaded before import = 0Number of asset objects unloaded after import = 3

========================================================================
Received Import Request.
  Time since last request: 0.000026 seconds.
  path: Assets/02_Sprites/SkillIcon/LandBreaker.png
  artifactKey: Guid(fc83ce51d681f764fb8feab8992f4563) Importer(2089858483,0ecaa5967403d082aa24f35e1b516d23)
Start importing Assets/02_Sprites/SkillIcon/LandBreaker.png using Guid(fc83ce51d681f764fb8feab8992f4563) Importer(2089858483,0ecaa5967403d082aa24f35e1b516d23) (ScriptedImporter) -> (artifact id: '58c7256f90f813c10a25e31a98312886') in 0.0670521 seconds
Number of updated asset objects reloaded before import = 0Number of asset objects unloaded after import = 3

========================================================================
Received Import Request.
  Time since last request: 0.000028 seconds.
  path: Assets/05_Sound/Battle/hit15.mp3.flac
  artifactKey: Guid(9cf37a9c84e1b0742b29b44bccd4e831) Importer(2089858483,0ecaa5967403d082aa24f35e1b516d23)
Start importing Assets/05_Sound/Battle/hit15.mp3.flac using Guid(9cf37a9c84e1b0742b29b44bccd4e831) Importer(2089858483,0ecaa5967403d082aa24f35e1b516d23) (ScriptedImporter) -> (artifact id: '24b300f18130c6a1ecf1755e7aa61772') in 0.1432004 seconds
Number of updated asset objects reloaded before import = 0Number of asset objects unloaded after import = 1

========================================================================
Received Import Request.
  Time since last request: 0.000026 seconds.
  path: Assets/03_Prefabs/Monster/Star.prefab
  artifactKey: Guid(54d315314ed12b54ca5fbb7b9b7d7efa) Importer(2089858483,0ecaa5967403d082aa24f35e1b516d23)
Start importing Assets/03_Prefabs/Monster/Star.prefab using Guid(54d315314ed12b54ca5fbb7b9b7d7efa) Importer(2089858483,0ecaa5967403d082aa24f35e1b516d23) (ScriptedImporter) -> (artifact id: 'a759da7a802b61425ef2f9fc6e1a6400') in 0.0643031 seconds
Number of updated asset objects reloaded before import = 0Number of asset objects unloaded after import = 9

========================================================================
Received Import Request.
  Time since last request: 0.000032 seconds.
  path: Assets/02_Sprites/digits/digit3.png
  artifactKey: Guid(a26920421e8745f4da56b10edd087311) Importer(2089858483,0ecaa5967403d082aa24f35e1b516d23)
Start importing Assets/02_Sprites/digits/digit3.png using Guid(a26920421e8745f4da56b10edd087311) Importer(2089858483,0ecaa5967403d082aa24f35e1b516d23) (ScriptedImporter) -> (artifact id: 'bf83b10cfd811e4b3c448fbd135d9bb8') in 0.0583282 seconds
Number of updated asset objects reloaded before import = 0Number of asset objects unloaded after import = 3

========================================================================
Received Import Request.
  Time since last request: 0.000023 seconds.
  path: Assets/02_Sprites/Monster Skill/New Material.mat
  artifactKey: Guid(56bcdea5ca510974a9a02a28568a119a) Importer(2089858483,0ecaa5967403d082aa24f35e1b516d23)
Start importing Assets/02_Sprites/Monster Skill/New Material.mat using Guid(56bcdea5ca510974a9a02a28568a119a) Importer(2089858483,0ecaa5967403d082aa24f35e1b516d23) (ScriptedImporter) -> (artifact id: '57f40cbdf01a1414f501974653bf853b') in 0.1118802 seconds
Number of updated asset objects reloaded before import = 0Number of asset objects unloaded after import = 6

========================================================================
Received Import Request.
  Time since last request: 0.000030 seconds.
  path: Assets/05_Sound/swishes/swish-2.wav
  artifactKey: Guid(50a7e2a054827674388ce6508f2f4dcf) Importer(2089858483,0ecaa5967403d082aa24f35e1b516d23)
Start importing Assets/05_Sound/swishes/swish-2.wav using Guid(50a7e2a054827674388ce6508f2f4dcf) Importer(2089858483,0ecaa5967403d082aa24f35e1b516d23) (ScriptedImporter) -> (artifact id: 'a00baf8663fd656b8b51c6a1db51e94f') in 0.1853438 seconds
Number of updated asset objects reloaded before import = 0Number of asset objects unloaded after import = 1

========================================================================
Received Import Request.
  Time since last request: 0.000051 seconds.
  path: Assets/05_Sound/Gamble/Betting Coins 11.wav
  artifactKey: Guid(f8ebc6d25ac7c804fb4f38a3b24483d6) Importer(2089858483,0ecaa5967403d082aa24f35e1b516d23)
Start importing Assets/05_Sound/Gamble/Betting Coins 11.wav using Guid(f8ebc6d25ac7c804fb4f38a3b24483d6) Importer(2089858483,0ecaa5967403d082aa24f35e1b516d23) (ScriptedImporter) -> (artifact id: '4c6533ed4640cb26b4411b928fbec181') in 0.1906915 seconds
Number of updated asset objects reloaded before import = 0Number of asset objects unloaded after import = 1

========================================================================
Received Import Request.
  Time since last request: 0.000053 seconds.
  path: Assets/05_Sound/swishes/swish-1.wav
  artifactKey: Guid(f7bfae5a2e28fcc46bfe8b08f5b7f741) Importer(2089858483,0ecaa5967403d082aa24f35e1b516d23)
Start importing Assets/05_Sound/swishes/swish-1.wav using Guid(f7bfae5a2e28fcc46bfe8b08f5b7f741) Importer(2089858483,0ecaa5967403d082aa24f35e1b516d23) (ScriptedImporter) -> (artifact id: '51a1a12f5ecf8724f475fe1cd6c3045e') in 0.1662467 seconds
Number of updated asset objects reloaded before import = 0Number of asset objects unloaded after import = 1

========================================================================
Received Import Request.
  Time since last request: 0.000027 seconds.
  path: Assets/05_Sound/swishes/swish-3.wav
  artifactKey: Guid(c475a6e6dea935445aaf41f6fc493eb9) Importer(2089858483,0ecaa5967403d082aa24f35e1b516d23)
Start importing Assets/05_Sound/swishes/swish-3.wav using Guid(c475a6e6dea935445aaf41f6fc493eb9) Importer(2089858483,0ecaa5967403d082aa24f35e1b516d23) (ScriptedImporter) -> (artifact id: '73757320f29c1d7df8a9dafacaea996e') in 0.1785841 seconds
Number of updated asset objects reloaded before import = 0Number of asset objects unloaded after import = 1

========================================================================
Received Import Request.
  Time since last request: 0.000024 seconds.
  path: Assets/05_Sound/swishes/swish-13.wav
  artifactKey: Guid(a8fad0e3afec88a4cbc23b5b42377b9e) Importer(2089858483,0ecaa5967403d082aa24f35e1b516d23)
Start importing Assets/05_Sound/swishes/swish-13.wav using Guid(a8fad0e3afec88a4cbc23b5b42377b9e) Importer(2089858483,0ecaa5967403d082aa24f35e1b516d23) (ScriptedImporter) -> (artifact id: '1f5faeb066696dac1b225b13b8489f39') in 0.1809818 seconds
Number of updated asset objects reloaded before import = 0Number of asset objects unloaded after import = 1

========================================================================
Received Import Request.
  Time since last request: 0.000034 seconds.
  path: Assets/05_Sound/BGM/Nordic Landscape_Forest.wav
  artifactKey: Guid(dede39d66197c4c4daadc14d310d15b9) Importer(2089858483,0ecaa5967403d082aa24f35e1b516d23)
Start importing Assets/05_Sound/BGM/Nordic Landscape_Forest.wav using Guid(dede39d66197c4c4daadc14d310d15b9) Importer(2089858483,0ecaa5967403d082aa24f35e1b516d23) (ScriptedImporter) -> (artifact id: '969b5649c8cc0d871468c8abbe9eb3eb') in 1.9075588 seconds
Number of updated asset objects reloaded before import = 0Number of asset objects unloaded after import = 1

========================================================================
Received Import Request.
  Time since last request: 0.000029 seconds.
  path: Assets/02_Sprites/Stat Icon/Elite.png
  artifactKey: Guid(ee6e15c70ebf6714f8ba2bd5e37ca91f) Importer(2089858483,0ecaa5967403d082aa24f35e1b516d23)
Start importing Assets/02_Sprites/Stat Icon/Elite.png using Guid(ee6e15c70ebf6714f8ba2bd5e37ca91f) Importer(2089858483,0ecaa5967403d082aa24f35e1b516d23) (ScriptedImporter) -> (artifact id: '7976ff87e63d7be0bf7ad648f8c99347') in 0.0642668 seconds
Number of updated asset objects reloaded before import = 0Number of asset objects unloaded after import = 3

========================================================================
Received Import Request.
  Time since last request: 0.000047 seconds.
  path: Assets/02_Sprites/Stat Icon/SPD.png
  artifactKey: Guid(276dab8e454eba549a7874c83a1beb5b) Importer(2089858483,0ecaa5967403d082aa24f35e1b516d23)
Start importing Assets/02_Sprites/Stat Icon/SPD.png using Guid(276dab8e454eba549a7874c83a1beb5b) Importer(2089858483,0ecaa5967403d082aa24f35e1b516d23) (ScriptedImporter) -> (artifact id: 'db38d7c68ac5111d2017b52fbd61d0e5') in 0.0798093 seconds
Number of updated asset objects reloaded before import = 0Number of asset objects unloaded after import = 3

========================================================================
Received Import Request.
  Time since last request: 0.000030 seconds.
  path: Assets/05_Sound/Unit/SFX_Movement_Footstep_Squeaky_2.wav
  artifactKey: Guid(15e60574b12dae142a4c6653671fccfc) Importer(2089858483,0ecaa5967403d082aa24f35e1b516d23)
Start importing Assets/05_Sound/Unit/SFX_Movement_Footstep_Squeaky_2.wav using Guid(15e60574b12dae142a4c6653671fccfc) Importer(2089858483,0ecaa5967403d082aa24f35e1b516d23) (ScriptedImporter) -> (artifact id: '056f191f3e3695d7e5d97536564e42df') in 0.1162006 seconds
Number of updated asset objects reloaded before import = 0Number of asset objects unloaded after import = 1

========================================================================
Received Import Request.
  Time since last request: 0.000073 seconds.
  path: Assets/AddressableAssetsData/AssetGroups/Default Local Group.asset
  artifactKey: Guid(648f4d75dda5136469da747ca9bf7030) Importer(2089858483,0ecaa5967403d082aa24f35e1b516d23)
Start importing Assets/AddressableAssetsData/AssetGroups/Default Local Group.asset using Guid(648f4d75dda5136469da747ca9bf7030) Importer(2089858483,0ecaa5967403d082aa24f35e1b516d23) (ScriptedImporter) -> (artifact id: 'bd184a737d94e499708656741fb7b7b6') in 0.0572382 seconds
Number of updated asset objects reloaded before import = 0Number of asset objects unloaded after import = 1

========================================================================
Received Import Request.
  Time since last request: 0.000024 seconds.
  path: Assets/05_Sound/UI/Casual Game Music 16 - Halloween.wav
  artifactKey: Guid(b71c14218969208458ce3c2a57c4f640) Importer(2089858483,0ecaa5967403d082aa24f35e1b516d23)
Start importing Assets/05_Sound/UI/Casual Game Music 16 - Halloween.wav using Guid(b71c14218969208458ce3c2a57c4f640) Importer(2089858483,0ecaa5967403d082aa24f35e1b516d23) (ScriptedImporter) -> (artifact id: 'e50559ef77e06426461a13aab9718d39') in 0.8975824 seconds
Number of updated asset objects reloaded before import = 0Number of asset objects unloaded after import = 1

========================================================================
Received Import Request.
  Time since last request: 0.000021 seconds.
  path: Assets/03_Prefabs/Popup/SkillBookPopup.prefab
  artifactKey: Guid(fe3511d48a7a15d4a8247242e9f34002) Importer(2089858483,0ecaa5967403d082aa24f35e1b516d23)
Start importing Assets/03_Prefabs/Popup/SkillBookPopup.prefab using Guid(fe3511d48a7a15d4a8247242e9f34002) Importer(2089858483,0ecaa5967403d082aa24f35e1b516d23) (ScriptedImporter) -> (artifact id: '6bbfe3282d1e28ccedbe47f2ea773b12') in 0.5947822 seconds
Number of updated asset objects reloaded before import = 0Number of asset objects unloaded after import = 411

========================================================================
Received Import Request.
  Time since last request: 0.000047 seconds.
  path: Assets/AddressableAssetsData/AssetGroups/Built In Data.asset
  artifactKey: Guid(250d76cf6d192cf488f9529541ca394a) Importer(2089858483,0ecaa5967403d082aa24f35e1b516d23)
Start importing Assets/AddressableAssetsData/AssetGroups/Built In Data.asset using Guid(250d76cf6d192cf488f9529541ca394a) Importer(2089858483,0ecaa5967403d082aa24f35e1b516d23) (ScriptedImporter) -> (artifact id: 'b08b4e09e67331dd409217f0cd1bdf65') in 0.03173 seconds
Number of updated asset objects reloaded before import = 0Number of asset objects unloaded after import = 1

========================================================================
Received Import Request.
  Time since last request: 0.000021 seconds.
  path: Assets/03_Prefabs/PlayerUnitPrefabs/Female_Plate_02.prefab
  artifactKey: Guid(7ec145483f60b714484e7fe7ed54c10c) Importer(2089858483,0ecaa5967403d082aa24f35e1b516d23)
Start importing Assets/03_Prefabs/PlayerUnitPrefabs/Female_Plate_02.prefab using Guid(7ec145483f60b714484e7fe7ed54c10c) Importer(2089858483,0ecaa5967403d082aa24f35e1b516d23) (ScriptedImporter) -> (artifact id: '71867031d0cbd055bb5a66c3bf01ce7b') in 0.1821334 seconds
Number of updated asset objects reloaded before import = 0Number of asset objects unloaded after import = 126

========================================================================
Received Import Request.
  Time since last request: 0.000030 seconds.
  path: Assets/03_Prefabs/GameManagementPrefabs/Skill Manager.prefab
  artifactKey: Guid(c124600c3e494554abec5fdc07a31e1b) Importer(2089858483,0ecaa5967403d082aa24f35e1b516d23)
Start importing Assets/03_Prefabs/GameManagementPrefabs/Skill Manager.prefab using Guid(c124600c3e494554abec5fdc07a31e1b) Importer(2089858483,0ecaa5967403d082aa24f35e1b516d23) (ScriptedImporter) -> (artifact id: '65defb3aae564f58a25d130c57e60ad9') in 0.4698675 seconds
Number of updated asset objects reloaded before import = 0Number of asset objects unloaded after import = 417

========================================================================
Received Import Request.
  Time since last request: 0.000044 seconds.
  path: Assets/03_Prefabs/Item/Store Item Prefab.prefab
  artifactKey: Guid(ca2e788386f204547b592917b1d6302b) Importer(2089858483,0ecaa5967403d082aa24f35e1b516d23)
Start importing Assets/03_Prefabs/Item/Store Item Prefab.prefab using Guid(ca2e788386f204547b592917b1d6302b) Importer(2089858483,0ecaa5967403d082aa24f35e1b516d23) (ScriptedImporter) -> (artifact id: 'c7446c180a0487f843d74519b56910d5') in 0.992645 seconds
Number of updated asset objects reloaded before import = 0Number of asset objects unloaded after import = 86

========================================================================
Received Import Request.
  Time since last request: 0.000032 seconds.
  path: Assets/com.rlabrecque.steamworks.net/Runtime/Version.cs
  artifactKey: Guid(392a7b7ab9d780b4ea56fa9efbd249af) Importer(2089858483,0ecaa5967403d082aa24f35e1b516d23)
Start importing Assets/com.rlabrecque.steamworks.net/Runtime/Version.cs using Guid(392a7b7ab9d780b4ea56fa9efbd249af) Importer(2089858483,0ecaa5967403d082aa24f35e1b516d23) (ScriptedImporter) -> (artifact id: '20641ca5bfcadff928548228cc5ee8fb') in 0.0271879 seconds
Number of updated asset objects reloaded before import = 0Number of asset objects unloaded after import = 0

========================================================================
Received Import Request.
  Time since last request: 0.000040 seconds.
  path: Assets/AssetPackages/Pixelazia Monsters/readme.txt
  artifactKey: Guid(493d522fa021acc4d978ec2bc0f200e5) Importer(2089858483,0ecaa5967403d082aa24f35e1b516d23)
Start importing Assets/AssetPackages/Pixelazia Monsters/readme.txt using Guid(493d522fa021acc4d978ec2bc0f200e5) Importer(2089858483,0ecaa5967403d082aa24f35e1b516d23) (ScriptedImporter) -> (artifact id: '661a443e6dcfbaba2f82612104b1dabf') in 0.0269552 seconds
Number of updated asset objects reloaded before import = 0Number of asset objects unloaded after import = 1

========================================================================
Received Import Request.
  Time since last request: 0.000021 seconds.
  path: Assets/AddressableAssetsData/AssetGroups/Weapon.asset
  artifactKey: Guid(7d3a28df3c93d83458e9ce82b50f8784) Importer(2089858483,0ecaa5967403d082aa24f35e1b516d23)
Start importing Assets/AddressableAssetsData/AssetGroups/Weapon.asset using Guid(7d3a28df3c93d83458e9ce82b50f8784) Importer(2089858483,0ecaa5967403d082aa24f35e1b516d23) (ScriptedImporter) -> (artifact id: '3498dddc4fee7a94563bdeedcf86d2d4') in 0.0285658 seconds
Number of updated asset objects reloaded before import = 0Number of asset objects unloaded after import = 1

========================================================================
Received Import Request.
  Time since last request: 0.000024 seconds.
  path: Assets/com.rlabrecque.steamworks.net/Editor/RedistInstall.cs
  artifactKey: Guid(7a716febd50f03244b98d9a5a0c6b36f) Importer(2089858483,0ecaa5967403d082aa24f35e1b516d23)
Start importing Assets/com.rlabrecque.steamworks.net/Editor/RedistInstall.cs using Guid(7a716febd50f03244b98d9a5a0c6b36f) Importer(2089858483,0ecaa5967403d082aa24f35e1b516d23) (ScriptedImporter) -> (artifact id: '3a13eb0e9c08b426f1d5bc35ff423018') in 0.0217524 seconds
Number of updated asset objects reloaded before import = 0Number of asset objects unloaded after import = 0

========================================================================
Received Import Request.
  Time since last request: 0.000023 seconds.
  path: Assets/AddressableAssetsData/DataBuilders/BuildScriptFastMode.asset
  artifactKey: Guid(99ba595df8b52484e87654b82b195353) Importer(2089858483,0ecaa5967403d082aa24f35e1b516d23)
Start importing Assets/AddressableAssetsData/DataBuilders/BuildScriptFastMode.asset using Guid(99ba595df8b52484e87654b82b195353) Importer(2089858483,0ecaa5967403d082aa24f35e1b516d23) (ScriptedImporter) -> (artifact id: 'ac20c0760bcf57b07066fce7ac3a3287') in 0.0255865 seconds
Number of updated asset objects reloaded before import = 0Number of asset objects unloaded after import = 1

========================================================================
Received Import Request.
  Time since last request: 0.000044 seconds.
  path: Assets/02_Sprites/Breakout-C/Breakout-010-C.png
  artifactKey: Guid(1b25169af091ac843adbe78e464a0d7a) Importer(2089858483,0ecaa5967403d082aa24f35e1b516d23)
Start importing Assets/02_Sprites/Breakout-C/Breakout-010-C.png using Guid(1b25169af091ac843adbe78e464a0d7a) Importer(2089858483,0ecaa5967403d082aa24f35e1b516d23) (ScriptedImporter) -> (artifact id: 'b64a941acb84e7c6ec0a41144163c423') in 0.0608781 seconds
Number of updated asset objects reloaded before import = 0Number of asset objects unloaded after import = 3

========================================================================
Received Import Request.
  Time since last request: 0.000028 seconds.
  path: Assets/02_Sprites/Stat Icon/MagicResistance.png
  artifactKey: Guid(1e15aae718fee8c44b8d540c8fc5aa80) Importer(2089858483,0ecaa5967403d082aa24f35e1b516d23)
Start importing Assets/02_Sprites/Stat Icon/MagicResistance.png using Guid(1e15aae718fee8c44b8d540c8fc5aa80) Importer(2089858483,0ecaa5967403d082aa24f35e1b516d23) (ScriptedImporter) -> (artifact id: 'b3361db3b67f66990786db7896064614') in 0.0500033 seconds
Number of updated asset objects reloaded before import = 0Number of asset objects unloaded after import = 3

========================================================================
Received Import Request.
  Time since last request: 0.000027 seconds.
  path: Assets/02_Sprites/Monster Skill/pngegg.png
  artifactKey: Guid(5f5a122212c666447b9f15d9117f1097) Importer(2089858483,0ecaa5967403d082aa24f35e1b516d23)
Start importing Assets/02_Sprites/Monster Skill/pngegg.png using Guid(5f5a122212c666447b9f15d9117f1097) Importer(2089858483,0ecaa5967403d082aa24f35e1b516d23) (ScriptedImporter) -> (artifact id: '5d4f7096b139a16d50853db448e99e90') in 0.0680787 seconds
Number of updated asset objects reloaded before import = 0Number of asset objects unloaded after import = 3

========================================================================
Received Import Request.
  Time since last request: 0.000084 seconds.
  path: Assets/05_Sound/BGM/Vengeance (Loopable)_boss contact.wav
  artifactKey: Guid(e73e62b10eb19274ebbb60926983f3b9) Importer(2089858483,0ecaa5967403d082aa24f35e1b516d23)
Start importing Assets/05_Sound/BGM/Vengeance (Loopable)_boss contact.wav using Guid(e73e62b10eb19274ebbb60926983f3b9) Importer(2089858483,0ecaa5967403d082aa24f35e1b516d23) (ScriptedImporter) -> (artifact id: '9982fdfbe807d80e029e49d8020c7ec8') in 0.97689 seconds
Number of updated asset objects reloaded before import = 0Number of asset objects unloaded after import = 1

========================================================================
Received Import Request.
  Time since last request: 0.000028 seconds.
  path: Assets/AssetPackages/Epic Toon FX/ETFX v1.8 - Documentation.pdf
  artifactKey: Guid(ac5344f30be97f9498f89e510bfc9327) Importer(2089858483,0ecaa5967403d082aa24f35e1b516d23)
Start importing Assets/AssetPackages/Epic Toon FX/ETFX v1.8 - Documentation.pdf using Guid(ac5344f30be97f9498f89e510bfc9327) Importer(2089858483,0ecaa5967403d082aa24f35e1b516d23) (ScriptedImporter) -> (artifact id: '357710c6e4fb94d7e2b95c0a01b4a12e') in 0.0203903 seconds
Number of updated asset objects reloaded before import = 0Number of asset objects unloaded after import = 1

========================================================================
Received Import Request.
  Time since last request: 0.000117 seconds.
  path: Assets/05_Sound/swishes/swish-9.wav
  artifactKey: Guid(f9d086874fa1d66409c497380b5ae5ef) Importer(2089858483,0ecaa5967403d082aa24f35e1b516d23)
Start importing Assets/05_Sound/swishes/swish-9.wav using Guid(f9d086874fa1d66409c497380b5ae5ef) Importer(2089858483,0ecaa5967403d082aa24f35e1b516d23) (ScriptedImporter) -> (artifact id: '9c6debd096941d7608a66e7423afc10c') in 0.1938342 seconds
Number of updated asset objects reloaded before import = 0Number of asset objects unloaded after import = 1

========================================================================
Received Import Request.
  Time since last request: 0.000025 seconds.
  path: Assets/AddressableAssetsData/AssetGroups/Consumable.asset
  artifactKey: Guid(cb7218c69818d314b812706f04dd336a) Importer(2089858483,0ecaa5967403d082aa24f35e1b516d23)
Start importing Assets/AddressableAssetsData/AssetGroups/Consumable.asset using Guid(cb7218c69818d314b812706f04dd336a) Importer(2089858483,0ecaa5967403d082aa24f35e1b516d23) (ScriptedImporter) -> (artifact id: '2b9ddec033b8ff433330bdace9bdef26') in 0.0300315 seconds
Number of updated asset objects reloaded before import = 0Number of asset objects unloaded after import = 1

========================================================================
Received Import Request.
  Time since last request: 0.000024 seconds.
  path: Assets/com.rlabrecque.steamworks.net/Plugins/steam_api.dll
  artifactKey: Guid(f167045178ff20d45821bd7cb37231f7) Importer(2089858483,0ecaa5967403d082aa24f35e1b516d23)
Start importing Assets/com.rlabrecque.steamworks.net/Plugins/steam_api.dll using Guid(f167045178ff20d45821bd7cb37231f7) Importer(2089858483,0ecaa5967403d082aa24f35e1b516d23) (ScriptedImporter) -> (artifact id: '301dc00de7cfd2725d485c64f72af600') in 0.0303554 seconds
Number of updated asset objects reloaded before import = 0Number of asset objects unloaded after import = 0

========================================================================
Received Import Request.
  Time since last request: 0.000304 seconds.
  path: Assets/AssetPackages/PREMIUM 2D Characters + Animations/readme.rtf
  artifactKey: Guid(23b8a9f56ce8a7a4e82c8b5384ca4ff8) Importer(2089858483,0ecaa5967403d082aa24f35e1b516d23)
Start importing Assets/AssetPackages/PREMIUM 2D Characters + Animations/readme.rtf using Guid(23b8a9f56ce8a7a4e82c8b5384ca4ff8) Importer(2089858483,0ecaa5967403d082aa24f35e1b516d23) (ScriptedImporter) -> (artifact id: '07fa38f52ed267c46b6e334c13fdec2a') in 0.0243098 seconds
Number of updated asset objects reloaded before import = 0Number of asset objects unloaded after import = 1

========================================================================
Received Import Request.
  Time since last request: 0.000021 seconds.
  path: Assets/com.rlabrecque.steamworks.net/Editor/RedistCopy.cs
  artifactKey: Guid(96dd4cffb1a008c4e8d429c9f4186034) Importer(2089858483,0ecaa5967403d082aa24f35e1b516d23)
Start importing Assets/com.rlabrecque.steamworks.net/Editor/RedistCopy.cs using Guid(96dd4cffb1a008c4e8d429c9f4186034) Importer(2089858483,0ecaa5967403d082aa24f35e1b516d23) (ScriptedImporter) -> (artifact id: '120265d769fb4e447d961458c66a2467') in 0.0299247 seconds
Number of updated asset objects reloaded before import = 0Number of asset objects unloaded after import = 0

========================================================================
Received Import Request.
  Time since last request: 0.000028 seconds.
  path: Assets/04_ScriptableObject/SantuaryBuff/ACC_GSG.asset
  artifactKey: Guid(7ab6a090cd3c6fd46b8ec3bc878675c3) Importer(2089858483,0ecaa5967403d082aa24f35e1b516d23)
Start importing Assets/04_ScriptableObject/SantuaryBuff/ACC_GSG.asset using Guid(7ab6a090cd3c6fd46b8ec3bc878675c3) Importer(2089858483,0ecaa5967403d082aa24f35e1b516d23) (ScriptedImporter) -> (artifact id: '8cd110f94bc2bc88173684e108c0eca3') in 0.0500711 seconds
Number of updated asset objects reloaded before import = 0Number of asset objects unloaded after import = 2

========================================================================
Received Import Request.
  Time since last request: 0.000121 seconds.
  path: Assets/03_Prefabs/Reward/Ending Credit.prefab
  artifactKey: Guid(7de3a330e13efe14cb095cd6bc98f4d9) Importer(2089858483,0ecaa5967403d082aa24f35e1b516d23)
Start importing Assets/03_Prefabs/Reward/Ending Credit.prefab using Guid(7de3a330e13efe14cb095cd6bc98f4d9) Importer(2089858483,0ecaa5967403d082aa24f35e1b516d23) (ScriptedImporter) -> (artifact id: '68263e7d77c418f50194af64172e8fae') in 0.4939157 seconds
Number of updated asset objects reloaded before import = 0Number of asset objects unloaded after import = 96

========================================================================
Received Import Request.
  Time since last request: 0.000035 seconds.
  path: Assets/05_Sound/swishes/swish-8.wav
  artifactKey: Guid(2892f8e548ef991489df636c600965c5) Importer(2089858483,0ecaa5967403d082aa24f35e1b516d23)
Start importing Assets/05_Sound/swishes/swish-8.wav using Guid(2892f8e548ef991489df636c600965c5) Importer(2089858483,0ecaa5967403d082aa24f35e1b516d23) (ScriptedImporter) -> (artifact id: '621f6fb1105edd49b1c066d001d7dfa9') in 0.1435862 seconds
Number of updated asset objects reloaded before import = 0Number of asset objects unloaded after import = 1

========================================================================
Received Import Request.
  Time since last request: 0.000030 seconds.
  path: Assets/AssetPackages/Epic Toon FX/Changelog.txt
  artifactKey: Guid(423750d645b3aed4a90c4fd19d5fc810) Importer(2089858483,0ecaa5967403d082aa24f35e1b516d23)
Start importing Assets/AssetPackages/Epic Toon FX/Changelog.txt using Guid(423750d645b3aed4a90c4fd19d5fc810) Importer(2089858483,0ecaa5967403d082aa24f35e1b516d23) (ScriptedImporter) -> (artifact id: '086fb3dee276eef6c27ecb60804fc46d') in 0.0341089 seconds
Number of updated asset objects reloaded before import = 0Number of asset objects unloaded after import = 1

========================================================================
Received Import Request.
  Time since last request: 0.000025 seconds.
  path: Assets/05_Sound/swishes/swish-5.wav
  artifactKey: Guid(2e30126639711a049ab3f2d4d11eaa9c) Importer(2089858483,0ecaa5967403d082aa24f35e1b516d23)
Start importing Assets/05_Sound/swishes/swish-5.wav using Guid(2e30126639711a049ab3f2d4d11eaa9c) Importer(2089858483,0ecaa5967403d082aa24f35e1b516d23) (ScriptedImporter) -> (artifact id: '5ce4960f4bebfa2ef4a9014921eec62c') in 0.134384 seconds
Number of updated asset objects reloaded before import = 0Number of asset objects unloaded after import = 1

========================================================================
Received Import Request.
  Time since last request: 0.000023 seconds.
  path: Assets/02_Sprites/uno_assets_2d/gameplay.png
  artifactKey: Guid(1e9bd43e9f0e8a247bbd58fd83d909b4) Importer(2089858483,0ecaa5967403d082aa24f35e1b516d23)
Start importing Assets/02_Sprites/uno_assets_2d/gameplay.png using Guid(1e9bd43e9f0e8a247bbd58fd83d909b4) Importer(2089858483,0ecaa5967403d082aa24f35e1b516d23) (ScriptedImporter) -> (artifact id: 'c6ad7197600d030682a98ad02fe0796d') in 0.0501476 seconds
Number of updated asset objects reloaded before import = 0Number of asset objects unloaded after import = 3

========================================================================
Received Import Request.
  Time since last request: 0.000025 seconds.
  path: Assets/com.rlabrecque.steamworks.net/Runtime/InteropHelp.cs
  artifactKey: Guid(7521a262d02c9ee47a1f08824a22b094) Importer(2089858483,0ecaa5967403d082aa24f35e1b516d23)
Start importing Assets/com.rlabrecque.steamworks.net/Runtime/InteropHelp.cs using Guid(7521a262d02c9ee47a1f08824a22b094) Importer(2089858483,0ecaa5967403d082aa24f35e1b516d23) (ScriptedImporter) -> (artifact id: 'bcb6c5c2543064ea5d0ac6011826a3aa') in 0.023405 seconds
Number of updated asset objects reloaded before import = 0Number of asset objects unloaded after import = 0

========================================================================
Received Import Request.
  Time since last request: 0.000073 seconds.
  path: Assets/03_Prefabs/GameManagementPrefabs/EffectManager.prefab
  artifactKey: Guid(b53ed74ab531a034899d074389bba367) Importer(2089858483,0ecaa5967403d082aa24f35e1b516d23)
Start importing Assets/03_Prefabs/GameManagementPrefabs/EffectManager.prefab using Guid(b53ed74ab531a034899d074389bba367) Importer(2089858483,0ecaa5967403d082aa24f35e1b516d23) (ScriptedImporter) -> (artifact id: 'b72e63dfb3ffd2b273cc885e9963df80') in 0.7613099 seconds
Number of updated asset objects reloaded before import = 0Number of asset objects unloaded after import = 189

========================================================================
Received Import Request.
  Time since last request: 0.000054 seconds.
  path: Assets/03_Prefabs/PlayerUnitPrefabs/Female_Chain_01.prefab
  artifactKey: Guid(74202e46b04bf804a9ff18baa61cfe61) Importer(2089858483,0ecaa5967403d082aa24f35e1b516d23)
Start importing Assets/03_Prefabs/PlayerUnitPrefabs/Female_Chain_01.prefab using Guid(74202e46b04bf804a9ff18baa61cfe61) Importer(2089858483,0ecaa5967403d082aa24f35e1b516d23) (ScriptedImporter) -> (artifact id: 'b88623d721eff2de789957f8aa5bc23c') in 0.1925076 seconds
Number of updated asset objects reloaded before import = 0Number of asset objects unloaded after import = 126

========================================================================
Received Import Request.
  Time since last request: 0.000044 seconds.
  path: Assets/02_Sprites/Stat Icon/AD.png
  artifactKey: Guid(87d218ab218aff7489af887cf7336d86) Importer(2089858483,0ecaa5967403d082aa24f35e1b516d23)
Start importing Assets/02_Sprites/Stat Icon/AD.png using Guid(87d218ab218aff7489af887cf7336d86) Importer(2089858483,0ecaa5967403d082aa24f35e1b516d23) (ScriptedImporter) -> (artifact id: '31a82b5ed73e919f49a339949ee86d45') in 0.0652758 seconds
Number of updated asset objects reloaded before import = 0Number of asset objects unloaded after import = 3

========================================================================
Received Import Request.
  Time since last request: 0.000018 seconds.
  path: Assets/05_Sound/Gamble/GetItem(Win sound 18).wav
  artifactKey: Guid(1a87b4b91d4a84d4ba5db716d8acd21e) Importer(2089858483,0ecaa5967403d082aa24f35e1b516d23)
Start importing Assets/05_Sound/Gamble/GetItem(Win sound 18).wav using Guid(1a87b4b91d4a84d4ba5db716d8acd21e) Importer(2089858483,0ecaa5967403d082aa24f35e1b516d23) (ScriptedImporter) -> (artifact id: '3b26d84c082c341a7bde162550620bbc') in 0.2786019 seconds
Number of updated asset objects reloaded before import = 0Number of asset objects unloaded after import = 1

========================================================================
Received Import Request.
  Time since last request: 0.000020 seconds.
  path: Assets/03_Prefabs/PlayerUnitPrefabs/Male_Leather_01.prefab
  artifactKey: Guid(69b7ad4532506704e8c34bb64ab63211) Importer(2089858483,0ecaa5967403d082aa24f35e1b516d23)
Start importing Assets/03_Prefabs/PlayerUnitPrefabs/Male_Leather_01.prefab using Guid(69b7ad4532506704e8c34bb64ab63211) Importer(2089858483,0ecaa5967403d082aa24f35e1b516d23) (ScriptedImporter) -> (artifact id: 'aef138228a8bfb5894536962434ec42d') in 0.1534811 seconds
Number of updated asset objects reloaded before import = 0Number of asset objects unloaded after import = 127

========================================================================
Received Import Request.
  Time since last request: 0.000057 seconds.
  path: Assets/02_Sprites/Stat Icon/AP.png
  artifactKey: Guid(d1efd8029d519554bb637f84dbca7929) Importer(2089858483,0ecaa5967403d082aa24f35e1b516d23)
Start importing Assets/02_Sprites/Stat Icon/AP.png using Guid(d1efd8029d519554bb637f84dbca7929) Importer(2089858483,0ecaa5967403d082aa24f35e1b516d23) (ScriptedImporter) -> (artifact id: '5449fc119d2ab678275b0f6a95e09f78') in 0.0879355 seconds
Number of updated asset objects reloaded before import = 0Number of asset objects unloaded after import = 3

========================================================================
Received Import Request.
  Time since last request: 0.001392 seconds.
  path: Assets/05_Sound/Battle/Miss.wav
  artifactKey: Guid(fd95e487b9098ea44944af57faba0426) Importer(2089858483,0ecaa5967403d082aa24f35e1b516d23)
Start importing Assets/05_Sound/Battle/Miss.wav using Guid(fd95e487b9098ea44944af57faba0426) Importer(2089858483,0ecaa5967403d082aa24f35e1b516d23) (ScriptedImporter) -> (artifact id: '33e0181f20270ba60bbc58fd1df0020a') in 0.1657492 seconds
Number of updated asset objects reloaded before import = 0Number of asset objects unloaded after import = 1

========================================================================
Received Import Request.
  Time since last request: 0.000030 seconds.
  path: Assets/05_Sound/swishes/swish-4.wav
  artifactKey: Guid(3ce4507300134124e857750d95338445) Importer(2089858483,0ecaa5967403d082aa24f35e1b516d23)
Start importing Assets/05_Sound/swishes/swish-4.wav using Guid(3ce4507300134124e857750d95338445) Importer(2089858483,0ecaa5967403d082aa24f35e1b516d23) (ScriptedImporter) -> (artifact id: '76b3698d89f8d496ae111d151e66f613') in 0.1349581 seconds
Number of updated asset objects reloaded before import = 0Number of asset objects unloaded after import = 1

========================================================================
Received Import Request.
  Time since last request: 0.000819 seconds.
  path: Assets/Dice2.5D/animations/Dice10Roll1.anim
  artifactKey: Guid(bcb71934e644b7942ab5472c223aaf19) Importer(2089858483,0ecaa5967403d082aa24f35e1b516d23)
Start importing Assets/Dice2.5D/animations/Dice10Roll1.anim using Guid(bcb71934e644b7942ab5472c223aaf19) Importer(2089858483,0ecaa5967403d082aa24f35e1b516d23) (ScriptedImporter) -> (artifact id: 'ebe8664260faeae75ac1cdb6ae9454c0') in 0.0436678 seconds
Number of updated asset objects reloaded before import = 0Number of asset objects unloaded after import = 1

========================================================================
Received Import Request.
  Time since last request: 0.000021 seconds.
  path: Assets/AddressableAssetsData/AssetGroups/Localization-String-Tables-English (en).asset
  artifactKey: Guid(7145573401d37bc44a5826a6eba93b94) Importer(2089858483,0ecaa5967403d082aa24f35e1b516d23)
Start importing Assets/AddressableAssetsData/AssetGroups/Localization-String-Tables-English (en).asset using Guid(7145573401d37bc44a5826a6eba93b94) Importer(2089858483,0ecaa5967403d082aa24f35e1b516d23) (ScriptedImporter) -> (artifact id: '0a26e96e3727e63da3c260dd0c86c757') in 0.0292485 seconds
Number of updated asset objects reloaded before import = 0Number of asset objects unloaded after import = 1

========================================================================
Received Import Request.
  Time since last request: 0.000030 seconds.
  path: Assets/02_Sprites/uno_assets_2d/cover.png
  artifactKey: Guid(06b86517a099f1b42a3ca863a5b24ab1) Importer(2089858483,0ecaa5967403d082aa24f35e1b516d23)
Start importing Assets/02_Sprites/uno_assets_2d/cover.png using Guid(06b86517a099f1b42a3ca863a5b24ab1) Importer(2089858483,0ecaa5967403d082aa24f35e1b516d23) (ScriptedImporter) -> (artifact id: '39ba37d70361c483958dc9fe885dac4b') in 0.0696868 seconds
Number of updated asset objects reloaded before import = 0Number of asset objects unloaded after import = 3

========================================================================
Received Import Request.
  Time since last request: 0.000024 seconds.
  path: Assets/02_Sprites/Stat Icon/HP.png
  artifactKey: Guid(567712d58a41a234db48850b8ff62043) Importer(2089858483,0ecaa5967403d082aa24f35e1b516d23)
Start importing Assets/02_Sprites/Stat Icon/HP.png using Guid(567712d58a41a234db48850b8ff62043) Importer(2089858483,0ecaa5967403d082aa24f35e1b516d23) (ScriptedImporter) -> (artifact id: 'a14834f5fc8638d46584595750dbec26') in 0.0656433 seconds
Number of updated asset objects reloaded before import = 0Number of asset objects unloaded after import = 3

========================================================================
Received Import Request.
  Time since last request: 0.000036 seconds.
  path: Assets/AddressableAssetsData/AssetGroupTemplates/Packed Assets.asset
  artifactKey: Guid(01e413d5f9b63144082dfd7d1f9c7872) Importer(2089858483,0ecaa5967403d082aa24f35e1b516d23)
Start importing Assets/AddressableAssetsData/AssetGroupTemplates/Packed Assets.asset using Guid(01e413d5f9b63144082dfd7d1f9c7872) Importer(2089858483,0ecaa5967403d082aa24f35e1b516d23) (ScriptedImporter) -> (artifact id: '5399107cd8ef648a8a7c62cadc82da28') in 0.0342439 seconds
Number of updated asset objects reloaded before import = 0Number of asset objects unloaded after import = 1

========================================================================
Received Import Request.
  Time since last request: 0.000025 seconds.
  path: Assets/AddressableAssetsData/DefaultObject.asset
  artifactKey: Guid(ce3967390c7ce694e9dd262c4e119720) Importer(2089858483,0ecaa5967403d082aa24f35e1b516d23)
Start importing Assets/AddressableAssetsData/DefaultObject.asset using Guid(ce3967390c7ce694e9dd262c4e119720) Importer(2089858483,0ecaa5967403d082aa24f35e1b516d23) (ScriptedImporter) -> (artifact id: '4fb63d2abe5d6442a256bddf41fa2f9e') in 0.019611 seconds
Number of updated asset objects reloaded before import = 0Number of asset objects unloaded after import = 1

========================================================================
Received Import Request.
  Time since last request: 0.000024 seconds.
  path: Assets/05_Sound/Miss.wav
  artifactKey: Guid(789cb52f4f8252745878c24f512b518a) Importer(2089858483,0ecaa5967403d082aa24f35e1b516d23)
Start importing Assets/05_Sound/Miss.wav using Guid(789cb52f4f8252745878c24f512b518a) Importer(2089858483,0ecaa5967403d082aa24f35e1b516d23) (ScriptedImporter) -> (artifact id: 'ec04e2d8c92cced5d9ade9376f93d84c') in 0.1321668 seconds
Number of updated asset objects reloaded before import = 0Number of asset objects unloaded after import = 1

========================================================================
Received Import Request.
  Time since last request: 0.000020 seconds.
  path: Assets/05_Sound/Enviroment/blessing2.ogg
  artifactKey: Guid(3d0c87b1e3d02d842bca056dd2eef9c8) Importer(2089858483,0ecaa5967403d082aa24f35e1b516d23)
Start importing Assets/05_Sound/Enviroment/blessing2.ogg using Guid(3d0c87b1e3d02d842bca056dd2eef9c8) Importer(2089858483,0ecaa5967403d082aa24f35e1b516d23) (ScriptedImporter) -> (artifact id: '38ae37b033c4ac2e9a065aacea22ad90') in 0.1699581 seconds
Number of updated asset objects reloaded before import = 0Number of asset objects unloaded after import = 1

========================================================================
Received Import Request.
  Time since last request: 0.000216 seconds.
  path: Assets/03_Prefabs/GameManagementPrefabs/GameManager.prefab
  artifactKey: Guid(a3025029594888c4a8a8b9d4efe42589) Importer(2089858483,0ecaa5967403d082aa24f35e1b516d23)
Start importing Assets/03_Prefabs/GameManagementPrefabs/GameManager.prefab using Guid(a3025029594888c4a8a8b9d4efe42589) Importer(2089858483,0ecaa5967403d082aa24f35e1b516d23) (ScriptedImporter)Refreshing native plugins compatible for Editor in 12.84 ms, found 9 plugins.
Preloading 0 native plugins for Editor in 0.00 ms.
 -> (artifact id: '8141ece69470f035f8707d465abb24e4') in 0.6566258 seconds
Number of updated asset objects reloaded before import = 0Number of asset objects unloaded after import = 328

========================================================================
Received Import Request.
  Time since last request: 0.000053 seconds.
  path: Assets/00_Scenes/TREASURE.unity
  artifactKey: Guid(303cf669c671b0a46ae5210dc61d2758) Importer(2089858483,0ecaa5967403d082aa24f35e1b516d23)
Start importing Assets/00_Scenes/TREASURE.unity using Guid(303cf669c671b0a46ae5210dc61d2758) Importer(2089858483,0ecaa5967403d082aa24f35e1b516d23) (ScriptedImporter) -> (artifact id: '86154d49e729e562274ebcafd4d3a027') in 0.022604 seconds
Number of updated asset objects reloaded before import = 0Number of asset objects unloaded after import = 1

========================================================================
Received Import Request.
  Time since last request: 0.000320 seconds.
  path: Assets/02_Sprites/digits/digit5.png
  artifactKey: Guid(41e3e91c41baf7a4d977e699da704735) Importer(2089858483,0ecaa5967403d082aa24f35e1b516d23)
Start importing Assets/02_Sprites/digits/digit5.png using Guid(41e3e91c41baf7a4d977e699da704735) Importer(2089858483,0ecaa5967403d082aa24f35e1b516d23) (ScriptedImporter) -> (artifact id: '15980d80d2515537415fe280902d0a18') in 0.0668431 seconds
Number of updated asset objects reloaded before import = 0Number of asset objects unloaded after import = 3

========================================================================
Received Import Request.
  Time since last request: 0.000038 seconds.
  path: Assets/01_Scripts/NomalManager/TreasureManager.cs
  artifactKey: Guid(7bfeabb4003b0c34fb044f88aeb5dde2) Importer(2089858483,0ecaa5967403d082aa24f35e1b516d23)
Start importing Assets/01_Scripts/NomalManager/TreasureManager.cs using Guid(7bfeabb4003b0c34fb044f88aeb5dde2) Importer(2089858483,0ecaa5967403d082aa24f35e1b516d23) (ScriptedImporter) -> (artifact id: '54bfe903231c44cfcabe4d6befb283f7') in 0.0303866 seconds
Number of updated asset objects reloaded before import = 0Number of asset objects unloaded after import = 0

========================================================================
Received Import Request.
  Time since last request: 0.000021 seconds.
  path: Assets/01_Scripts/StaticManager/EffectManager.cs
  artifactKey: Guid(3f22fb111d7d96e4eb15b6b03132ac15) Importer(2089858483,0ecaa5967403d082aa24f35e1b516d23)
Start importing Assets/01_Scripts/StaticManager/EffectManager.cs using Guid(3f22fb111d7d96e4eb15b6b03132ac15) Importer(2089858483,0ecaa5967403d082aa24f35e1b516d23) (ScriptedImporter) -> (artifact id: '753cb0848997e007c1e942b8026141d1') in 0.023588 seconds
Number of updated asset objects reloaded before import = 0Number of asset objects unloaded after import = 0

========================================================================
Received Import Request.
  Time since last request: 0.000277 seconds.
  path: Assets/01_Scripts/Item/Equipment.cs
  artifactKey: Guid(957c58525750fea4bad19ae45b08a06e) Importer(2089858483,0ecaa5967403d082aa24f35e1b516d23)
Start importing Assets/01_Scripts/Item/Equipment.cs using Guid(957c58525750fea4bad19ae45b08a06e) Importer(2089858483,0ecaa5967403d082aa24f35e1b516d23) (ScriptedImporter) -> (artifact id: 'af961effe6684481b015f465d94abe58') in 0.0224329 seconds
Number of updated asset objects reloaded before import = 0Number of asset objects unloaded after import = 0

========================================================================
Received Import Request.
  Time since last request: 0.000024 seconds.
  path: Assets/01_Scripts/Ending/CreditsAnimation.anim
  artifactKey: Guid(ea54bd9a629c0f740be87c8d798bd757) Importer(2089858483,0ecaa5967403d082aa24f35e1b516d23)
Start importing Assets/01_Scripts/Ending/CreditsAnimation.anim using Guid(ea54bd9a629c0f740be87c8d798bd757) Importer(2089858483,0ecaa5967403d082aa24f35e1b516d23) (ScriptedImporter) -> (artifact id: '15caad2c7298b564a49fd3e74f9eebf1') in 0.029184 seconds
Number of updated asset objects reloaded before import = 0Number of asset objects unloaded after import = 1

========================================================================
Received Import Request.
  Time since last request: 0.001456 seconds.
  path: Assets/03_Prefabs/GameManagementPrefabs/Item Manager.prefab
  artifactKey: Guid(39d5accbdd2cab14eb95fb4e13558571) Importer(2089858483,0ecaa5967403d082aa24f35e1b516d23)
Start importing Assets/03_Prefabs/GameManagementPrefabs/Item Manager.prefab using Guid(39d5accbdd2cab14eb95fb4e13558571) Importer(2089858483,0ecaa5967403d082aa24f35e1b516d23) (ScriptedImporter) -> (artifact id: '782352fd79ed06d63c14c8a50e8724a6') in 6.9561095 seconds
Number of updated asset objects reloaded before import = 0Number of asset objects unloaded after import = 1995

========================================================================
Received Import Request.
  Time since last request: 8.993767 seconds.
  path: Assets/Dice2.5D/animations/Dice10Roll4.anim
  artifactKey: Guid(d3daac2f0b2d2dc47bd94231e5e6d303) Importer(2089858483,0ecaa5967403d082aa24f35e1b516d23)
Start importing Assets/Dice2.5D/animations/Dice10Roll4.anim using Guid(d3daac2f0b2d2dc47bd94231e5e6d303) Importer(2089858483,0ecaa5967403d082aa24f35e1b516d23) (ScriptedImporter) -> (artifact id: '6c5baaf9514de9bb8a12813c50a786db') in 0.0802066 seconds
Number of updated asset objects reloaded before import = 0Number of asset objects unloaded after import = 1

========================================================================
Received Import Request.
  Time since last request: 0.000237 seconds.
  path: Assets/TextMesh Pro/Resources/LineBreaking Leading Characters.txt
  artifactKey: Guid(d82c1b31c7e74239bff1220585707d2b) Importer(2089858483,0ecaa5967403d082aa24f35e1b516d23)
Start importing Assets/TextMesh Pro/Resources/LineBreaking Leading Characters.txt using Guid(d82c1b31c7e74239bff1220585707d2b) Importer(2089858483,0ecaa5967403d082aa24f35e1b516d23) (ScriptedImporter) -> (artifact id: '3adc6b2385dfeaa6e1d51889c573fe1b') in 0.2227496 seconds
Number of updated asset objects reloaded before import = 0Number of asset objects unloaded after import = 1

========================================================================
Received Import Request.
  Time since last request: 0.001498 seconds.
  path: Assets/Editor Default Resources/MasterAudio/LED3.png
  artifactKey: Guid(ad384bbef2d01334dab17b5b8431ea93) Importer(2089858483,0ecaa5967403d082aa24f35e1b516d23)
Start importing Assets/Editor Default Resources/MasterAudio/LED3.png using Guid(ad384bbef2d01334dab17b5b8431ea93) Importer(2089858483,0ecaa5967403d082aa24f35e1b516d23) (ScriptedImporter) -> (artifact id: '1d1436ccdf443f96ed0141f892901f75') in 0.2919541 seconds
Number of updated asset objects reloaded before import = 0Number of asset objects unloaded after import = 1

========================================================================
Received Import Request.
  Time since last request: 0.155749 seconds.
  path: Assets/Editor Default Resources/MasterAudio/save.png
  artifactKey: Guid(9111653eac5af7b4c8d65c8e5eb300d4) Importer(2089858483,0ecaa5967403d082aa24f35e1b516d23)
Start importing Assets/Editor Default Resources/MasterAudio/save.png using Guid(9111653eac5af7b4c8d65c8e5eb300d4) Importer(2089858483,0ecaa5967403d082aa24f35e1b516d23) (ScriptedImporter) -> (artifact id: 'def366ffdd0fa73db2245417ade29bc8') in 0.8814739 seconds
Number of updated asset objects reloaded before import = 0Number of asset objects unloaded after import = 1

========================================================================
Received Import Request.
  Time since last request: 0.023898 seconds.
  path: Assets/Editor Default Resources/MasterAudio/playIcon.png
  artifactKey: Guid(667161b3813db8a418f5315f715f3c58) Importer(2089858483,0ecaa5967403d082aa24f35e1b516d23)
Start importing Assets/Editor Default Resources/MasterAudio/playIcon.png using Guid(667161b3813db8a418f5315f715f3c58) Importer(2089858483,0ecaa5967403d082aa24f35e1b516d23) (ScriptedImporter) -> (artifact id: 'b2c885c691edcf3e2055cdc35e35981f') in 1.9560842 seconds
Number of updated asset objects reloaded before import = 0Number of asset objects unloaded after import = 1

========================================================================
Received Import Request.
  Time since last request: 0.000035 seconds.
  path: Assets/TextMesh Pro/Sprites/EmojiOne.json
  artifactKey: Guid(8f05276190cf498a8153f6cbe761d4e6) Importer(2089858483,0ecaa5967403d082aa24f35e1b516d23)
Start importing Assets/TextMesh Pro/Sprites/EmojiOne.json using Guid(8f05276190cf498a8153f6cbe761d4e6) Importer(2089858483,0ecaa5967403d082aa24f35e1b516d23) (ScriptedImporter) -> (artifact id: 'bb6b45a7d9e67251aa6775cc61077c1e') in 3.5575579 seconds
Number of updated asset objects reloaded before import = 0Number of asset objects unloaded after import = 1

========================================================================
Received Import Request.
  Time since last request: 0.000297 seconds.
  path: Assets/02_Sprites/ItemIcon/Armor/27.png
  artifactKey: Guid(10693b5f1f0b64345bb91f208ea93498) Importer(2089858483,0ecaa5967403d082aa24f35e1b516d23)
Start importing Assets/02_Sprites/ItemIcon/Armor/27.png using Guid(10693b5f1f0b64345bb91f208ea93498) Importer(2089858483,0ecaa5967403d082aa24f35e1b516d23) (ScriptedImporter) -> (artifact id: '857938f20cb948d26874af52ecb22597') in 0.2940852 seconds
Number of updated asset objects reloaded before import = 0Number of asset objects unloaded after import = 3

========================================================================
Received Import Request.
  Time since last request: 0.000032 seconds.
  path: Assets/02_Sprites/ItemIcon/Armor/18.png
  artifactKey: Guid(2a594bbc09094644287f87c93690ef23) Importer(2089858483,0ecaa5967403d082aa24f35e1b516d23)
Start importing Assets/02_Sprites/ItemIcon/Armor/18.png using Guid(2a594bbc09094644287f87c93690ef23) Importer(2089858483,0ecaa5967403d082aa24f35e1b516d23) (ScriptedImporter) -> (artifact id: '907108f63b74d44549db889b375f4112') in 0.1825792 seconds
Number of updated asset objects reloaded before import = 0Number of asset objects unloaded after import = 3

========================================================================
Received Import Request.
  Time since last request: 0.000051 seconds.
  path: Assets/Editor Default Resources/MasterAudio/LED1.png
  artifactKey: Guid(8d23edca0721a704693bc1b23aa1048b) Importer(2089858483,0ecaa5967403d082aa24f35e1b516d23)
Start importing Assets/Editor Default Resources/MasterAudio/LED1.png using Guid(8d23edca0721a704693bc1b23aa1048b) Importer(2089858483,0ecaa5967403d082aa24f35e1b516d23) (ScriptedImporter) -> (artifact id: 'f6bbf2919ad8ddc67c1961515cff888e') in 0.1721049 seconds
Number of updated asset objects reloaded before import = 0Number of asset objects unloaded after import = 1

========================================================================
Received Import Request.
  Time since last request: 0.000919 seconds.
  path: Assets/Dice2.5D/Textures/dice10_6.png
  artifactKey: Guid(bf182b32213bf264e9728ef80abf0539) Importer(2089858483,0ecaa5967403d082aa24f35e1b516d23)
Start importing Assets/Dice2.5D/Textures/dice10_6.png using Guid(bf182b32213bf264e9728ef80abf0539) Importer(2089858483,0ecaa5967403d082aa24f35e1b516d23) (ScriptedImporter) -> (artifact id: '3f8c9e06b4106f1539d749f2e8578edd') in 0.6261045 seconds
Number of updated asset objects reloaded before import = 0Number of asset objects unloaded after import = 26

========================================================================
Received Import Request.
  Time since last request: 0.000064 seconds.
  path: Assets/Editor Default Resources/MasterAudio/muteOn.png
  artifactKey: Guid(2f79e5faee4cb214c9e7c4b17d3a744a) Importer(2089858483,0ecaa5967403d082aa24f35e1b516d23)
Start importing Assets/Editor Default Resources/MasterAudio/muteOn.png using Guid(2f79e5faee4cb214c9e7c4b17d3a744a) Importer(2089858483,0ecaa5967403d082aa24f35e1b516d23) (ScriptedImporter) -> (artifact id: '9d16a7afed7c16db0bc1fb4602f90434') in 0.1296373 seconds
Number of updated asset objects reloaded before import = 0Number of asset objects unloaded after import = 1

========================================================================
Received Import Request.
  Time since last request: 0.000048 seconds.
  path: Assets/Dice2.5D/Scripts/DiceRoll.cs
  artifactKey: Guid(c01f1fb9ab55d5542bb2cd4c6e18605c) Importer(2089858483,0ecaa5967403d082aa24f35e1b516d23)
Start importing Assets/Dice2.5D/Scripts/DiceRoll.cs using Guid(c01f1fb9ab55d5542bb2cd4c6e18605c) Importer(2089858483,0ecaa5967403d082aa24f35e1b516d23) (ScriptedImporter) -> (artifact id: 'bc40f5f67061a2f963679d5008bf8713') in 0.1352837 seconds
Number of updated asset objects reloaded before import = 0Number of asset objects unloaded after import = 0

========================================================================
Received Import Request.
  Time since last request: 0.000402 seconds.
  path: Assets/SerializableDictionary/Example/UserSerializableDictionaries.cs
  artifactKey: Guid(bd910530dd8f6b5429c65a494644ed09) Importer(2089858483,0ecaa5967403d082aa24f35e1b516d23)
Start importing Assets/SerializableDictionary/Example/UserSerializableDictionaries.cs using Guid(bd910530dd8f6b5429c65a494644ed09) Importer(2089858483,0ecaa5967403d082aa24f35e1b516d23) (ScriptedImporter) -> (artifact id: 'd101377bd23bf697e16963039bc3e047') in 0.3343291 seconds
Number of updated asset objects reloaded before import = 0Number of asset objects unloaded after import = 0

========================================================================
Received Import Request.
  Time since last request: 0.001095 seconds.
  path: Assets/02_Sprites/ItemIcon/Armor/34.png
  artifactKey: Guid(633343085e7579b48be5799d677134f2) Importer(2089858483,0ecaa5967403d082aa24f35e1b516d23)
Start importing Assets/02_Sprites/ItemIcon/Armor/34.png using Guid(633343085e7579b48be5799d677134f2) Importer(2089858483,0ecaa5967403d082aa24f35e1b516d23) (ScriptedImporter) -> (artifact id: '88add1968d0cad35611d4d058c907ae1') in 0.0880549 seconds
Number of updated asset objects reloaded before import = 0Number of asset objects unloaded after import = 3

========================================================================
Received Import Request.
  Time since last request: 0.012372 seconds.
  path: Assets/SerializableDictionary/Editor/SerializableDictionaryPropertyDrawer.cs
  artifactKey: Guid(91da51d02ab9ebc459d80d5965d40d19) Importer(2089858483,0ecaa5967403d082aa24f35e1b516d23)
Start importing Assets/SerializableDictionary/Editor/SerializableDictionaryPropertyDrawer.cs using Guid(91da51d02ab9ebc459d80d5965d40d19) Importer(2089858483,0ecaa5967403d082aa24f35e1b516d23) (ScriptedImporter) -> (artifact id: '82e8fc1f8816028c0279ff04b2a76e2f') in 2.117027 seconds
Number of updated asset objects reloaded before import = 0Number of asset objects unloaded after import = 0

========================================================================
Received Import Request.
  Time since last request: 0.002258 seconds.
  path: Assets/02_Sprites/ItemIcon/Armor/43.png
  artifactKey: Guid(6b184c9a823320b4c86f2c2147095deb) Importer(2089858483,0ecaa5967403d082aa24f35e1b516d23)
Start importing Assets/02_Sprites/ItemIcon/Armor/43.png using Guid(6b184c9a823320b4c86f2c2147095deb) Importer(2089858483,0ecaa5967403d082aa24f35e1b516d23) (ScriptedImporter) -> (artifact id: '21c992517775157ed2549af043acf469') in 2.2751414 seconds
Number of updated asset objects reloaded before import = 0Number of asset objects unloaded after import = 3

========================================================================
Received Import Request.
  Time since last request: 0.052994 seconds.
  path: Assets/Dice2.5D/animations/Dice10Roll7.anim
  artifactKey: Guid(618a8a1bcc09dfa4a95781f75199a219) Importer(2089858483,0ecaa5967403d082aa24f35e1b516d23)
Start importing Assets/Dice2.5D/animations/Dice10Roll7.anim using Guid(618a8a1bcc09dfa4a95781f75199a219) Importer(2089858483,0ecaa5967403d082aa24f35e1b516d23) (ScriptedImporter) -> (artifact id: 'de44da9d2e26d23fa5f00611aa6a749a') in 2.4163412 seconds
Number of updated asset objects reloaded before import = 0Number of asset objects unloaded after import = 1

========================================================================
Received Import Request.
  Time since last request: 0.662796 seconds.
  path: Assets/TextMesh Pro/Sprites/EmojiOne.png
  artifactKey: Guid(dffef66376be4fa480fb02b19edbe903) Importer(2089858483,0ecaa5967403d082aa24f35e1b516d23)
Start importing Assets/TextMesh Pro/Sprites/EmojiOne.png using Guid(dffef66376be4fa480fb02b19edbe903) Importer(2089858483,0ecaa5967403d082aa24f35e1b516d23) (ScriptedImporter) -> (artifact id: '4e2f846259b06d9827137aa2d86c0599') in 2.9098109 seconds
Number of updated asset objects reloaded before import = 0Number of asset objects unloaded after import = 1

========================================================================
Received Import Request.
  Time since last request: 0.081501 seconds.
  path: Assets/SerializableDictionary/Example/SerializableDictionaryExample.cs
  artifactKey: Guid(d5ff00a74ccb984498070d9930a7944c) Importer(2089858483,0ecaa5967403d082aa24f35e1b516d23)
Start importing Assets/SerializableDictionary/Example/SerializableDictionaryExample.cs using Guid(d5ff00a74ccb984498070d9930a7944c) Importer(2089858483,0ecaa5967403d082aa24f35e1b516d23) (ScriptedImporter) -> (artifact id: 'f36043ebc7d06a9a36c54cef9881278a') in 0.2222817 seconds
Number of updated asset objects reloaded before import = 0Number of asset objects unloaded after import = 0

========================================================================
Received Import Request.
  Time since last request: 0.011826 seconds.
  path: Assets/Dice2.5D/Textures/dice10_3.png
  artifactKey: Guid(48195a5ad05e201409bb40abcc960287) Importer(2089858483,0ecaa5967403d082aa24f35e1b516d23)
Start importing Assets/Dice2.5D/Textures/dice10_3.png using Guid(48195a5ad05e201409bb40abcc960287) Importer(2089858483,0ecaa5967403d082aa24f35e1b516d23) (ScriptedImporter) -> (artifact id: 'c47bf87ea3f52f7430c5b1d112344603') in 2.8194499 seconds
Number of updated asset objects reloaded before import = 0Number of asset objects unloaded after import = 26

========================================================================
Received Import Request.
  Time since last request: 0.005977 seconds.
  path: Assets/Editor Default Resources/MasterAudio/copyIcon.png
  artifactKey: Guid(66b75ad6883938f4d8e2e89a15d87b0e) Importer(2089858483,0ecaa5967403d082aa24f35e1b516d23)
Start importing Assets/Editor Default Resources/MasterAudio/copyIcon.png using Guid(66b75ad6883938f4d8e2e89a15d87b0e) Importer(2089858483,0ecaa5967403d082aa24f35e1b516d23) (ScriptedImporter) -> (artifact id: '39fc69b9835fb55352f81effced9a7df') in 0.6738274 seconds
Number of updated asset objects reloaded before import = 0Number of asset objects unloaded after import = 1

========================================================================
Received Import Request.
  Time since last request: 0.267972 seconds.
  path: Assets/02_Sprites/ItemIcon/Armor/7.png
  artifactKey: Guid(5da0c2940257d8b4ca99a25405410bd9) Importer(2089858483,0ecaa5967403d082aa24f35e1b516d23)
Start importing Assets/02_Sprites/ItemIcon/Armor/7.png using Guid(5da0c2940257d8b4ca99a25405410bd9) Importer(2089858483,0ecaa5967403d082aa24f35e1b516d23) (ScriptedImporter) -> (artifact id: '5c8b79a044039c4c6cf833505262ff19') in 0.7836678 seconds
Number of updated asset objects reloaded before import = 0Number of asset objects unloaded after import = 3

========================================================================
Received Import Request.
  Time since last request: 0.123022 seconds.
  path: Assets/01_Scripts/Gamble/BlackJack/BlackJackController.cs
  artifactKey: Guid(84b0b01a22e01e94bb2c04969198556a) Importer(2089858483,0ecaa5967403d082aa24f35e1b516d23)
Start importing Assets/01_Scripts/Gamble/BlackJack/BlackJackController.cs using Guid(84b0b01a22e01e94bb2c04969198556a) Importer(2089858483,0ecaa5967403d082aa24f35e1b516d23) (ScriptedImporter) -> (artifact id: '101e28ec1220d162fb1e16cdc7199776') in 0.2741497 seconds
Number of updated asset objects reloaded before import = 0Number of asset objects unloaded after import = 0

========================================================================
Received Import Request.
  Time since last request: 0.011050 seconds.
  path: Assets/TextMesh Pro/Sprites/StatIcon.png
  artifactKey: Guid(5c3cbf8423e90834bab5c622ce07f9a2) Importer(2089858483,0ecaa5967403d082aa24f35e1b516d23)
Start importing Assets/TextMesh Pro/Sprites/StatIcon.png using Guid(5c3cbf8423e90834bab5c622ce07f9a2) Importer(2089858483,0ecaa5967403d082aa24f35e1b516d23) (ScriptedImporter) -> (artifact id: 'fc224cfe2c3cb70ecda3bb017917e12d') in 0.0990398 seconds
Number of updated asset objects reloaded before import = 0Number of asset objects unloaded after import = 1

========================================================================
Received Import Request.
  Time since last request: 0.008750 seconds.
  path: Assets/01_Scripts/Gamble/Roulette/Demo.cs
  artifactKey: Guid(fe32089132e76394dbb22d55be4797da) Importer(2089858483,0ecaa5967403d082aa24f35e1b516d23)
Start importing Assets/01_Scripts/Gamble/Roulette/Demo.cs using Guid(fe32089132e76394dbb22d55be4797da) Importer(2089858483,0ecaa5967403d082aa24f35e1b516d23) (ScriptedImporter) -> (artifact id: 'a27a241fb0734e9418a491183839d7b1') in 0.1674481 seconds
Number of updated asset objects reloaded before import = 0Number of asset objects unloaded after import = 0

========================================================================
Received Import Request.
  Time since last request: 0.016554 seconds.
  path: Assets/02_Sprites/ItemIcon/Armor/31.png
  artifactKey: Guid(c4de8273bb2fde041baa646a3102f9e0) Importer(2089858483,0ecaa5967403d082aa24f35e1b516d23)
Start importing Assets/02_Sprites/ItemIcon/Armor/31.png using Guid(c4de8273bb2fde041baa646a3102f9e0) Importer(2089858483,0ecaa5967403d082aa24f35e1b516d23) (ScriptedImporter) -> (artifact id: 'b03568835604ae421ab6a4ebd359dd6b') in 0.4202956 seconds
Number of updated asset objects reloaded before import = 0Number of asset objects unloaded after import = 3

========================================================================
Received Import Request.
  Time since last request: 0.004132 seconds.
  path: Assets/Editor Default Resources/MasterAudio/LED2.png
  artifactKey: Guid(5db131867b395b94890a10001532ae2d) Importer(2089858483,0ecaa5967403d082aa24f35e1b516d23)
Start importing Assets/Editor Default Resources/MasterAudio/LED2.png using Guid(5db131867b395b94890a10001532ae2d) Importer(2089858483,0ecaa5967403d082aa24f35e1b516d23) (ScriptedImporter) -> (artifact id: '5cfb3294e9b7d90387e7f6079752dd60') in 0.1828861 seconds
Number of updated asset objects reloaded before import = 0Number of asset objects unloaded after import = 1

========================================================================
Received Import Request.
  Time since last request: 0.006438 seconds.
  path: Assets/TextMesh Pro/Shaders/TMP_SDF-HDRP LIT.shadergraph
  artifactKey: Guid(ca2ed216f98028c4dae6c5224a952b3c) Importer(2089858483,0ecaa5967403d082aa24f35e1b516d23)
Start importing Assets/TextMesh Pro/Shaders/TMP_SDF-HDRP LIT.shadergraph using Guid(ca2ed216f98028c4dae6c5224a952b3c) Importer(2089858483,0ecaa5967403d082aa24f35e1b516d23) (ScriptedImporter) -> (artifact id: '6e832f4a748e836da29ddd75ebb60a4f') in 1.2501747 seconds
Number of updated asset objects reloaded before import = 0Number of asset objects unloaded after import = 4

========================================================================
Received Import Request.
  Time since last request: 0.000046 seconds.
  path: Assets/02_Sprites/ItemIcon/Consumable/P006.png
  artifactKey: Guid(221f6d12122977e49ab734eae5afc486) Importer(2089858483,0ecaa5967403d082aa24f35e1b516d23)
Start importing Assets/02_Sprites/ItemIcon/Consumable/P006.png using Guid(221f6d12122977e49ab734eae5afc486) Importer(2089858483,0ecaa5967403d082aa24f35e1b516d23) (ScriptedImporter) -> (artifact id: '3fde0af5682abcd69694e8498326756b') in 0.2423512 seconds
Number of updated asset objects reloaded before import = 0Number of asset objects unloaded after import = 3

========================================================================
Received Import Request.
  Time since last request: 0.000037 seconds.
  path: Assets/Font/TFF/NanumGothic.ttf
  artifactKey: Guid(181624b0cd825494e86b5d1008af3bc5) Importer(2089858483,0ecaa5967403d082aa24f35e1b516d23)
Start importing Assets/Font/TFF/NanumGothic.ttf using Guid(181624b0cd825494e86b5d1008af3bc5) Importer(2089858483,0ecaa5967403d082aa24f35e1b516d23) (ScriptedImporter) -> (artifact id: 'd2322c05c6378103da4994c1c61c2a2c') in 0.4510861 seconds
Number of updated asset objects reloaded before import = 0Number of asset objects unloaded after import = 3

========================================================================
Received Import Request.
  Time since last request: 0.000033 seconds.
  path: Assets/Editor Default Resources/MasterAudio/LED4.png
  artifactKey: Guid(5a0bea4e29231f74297bbab5a34bc03e) Importer(2089858483,0ecaa5967403d082aa24f35e1b516d23)
Start importing Assets/Editor Default Resources/MasterAudio/LED4.png using Guid(5a0bea4e29231f74297bbab5a34bc03e) Importer(2089858483,0ecaa5967403d082aa24f35e1b516d23) (ScriptedImporter) -> (artifact id: 'f984b6dae3a3dd14bbdf547a415eafcf') in 0.2537368 seconds
Number of updated asset objects reloaded before import = 0Number of asset objects unloaded after import = 1

========================================================================
Received Import Request.
  Time since last request: 0.009661 seconds.
  path: Assets/Dice2.5D/Scenes/dice_roll_demo.unity
  artifactKey: Guid(dff19129560412d4abf8851f24d1592f) Importer(2089858483,0ecaa5967403d082aa24f35e1b516d23)
Start importing Assets/Dice2.5D/Scenes/dice_roll_demo.unity using Guid(dff19129560412d4abf8851f24d1592f) Importer(2089858483,0ecaa5967403d082aa24f35e1b516d23) (ScriptedImporter) -> (artifact id: '2ec78c2bd4b1b4576c6b1367dd74348b') in 0.0613806 seconds
Number of updated asset objects reloaded before import = 0Number of asset objects unloaded after import = 1

========================================================================
Received Import Request.
  Time since last request: 0.000525 seconds.
  path: Assets/TextMesh Pro/Shaders/TMPro_Surface.cginc
  artifactKey: Guid(d930090c0cd643c7b55f19a38538c162) Importer(2089858483,0ecaa5967403d082aa24f35e1b516d23)
Start importing Assets/TextMesh Pro/Shaders/TMPro_Surface.cginc using Guid(d930090c0cd643c7b55f19a38538c162) Importer(2089858483,0ecaa5967403d082aa24f35e1b516d23) (ScriptedImporter) -> (artifact id: '162bb922bafcf90caa09a0c933256115') in 0.0394336 seconds
Number of updated asset objects reloaded before import = 0Number of asset objects unloaded after import = 1

========================================================================
Received Import Request.
  Time since last request: 0.000268 seconds.
  path: Assets/02_Sprites/ItemIcon/Armor/1.png
  artifactKey: Guid(c0785399192a0ed4c94953db281d13d1) Importer(2089858483,0ecaa5967403d082aa24f35e1b516d23)
Start importing Assets/02_Sprites/ItemIcon/Armor/1.png using Guid(c0785399192a0ed4c94953db281d13d1) Importer(2089858483,0ecaa5967403d082aa24f35e1b516d23) (ScriptedImporter) -> (artifact id: '55449f00dcb19f4c2ed1492d471f4587') in 0.1221541 seconds
Number of updated asset objects reloaded before import = 0Number of asset objects unloaded after import = 3

========================================================================
Received Import Request.
  Time since last request: 0.000040 seconds.
  path: Assets/Dice2.5D/animations/DiceRoll4.anim
  artifactKey: Guid(bd1eacf8e2bb6b247bc53bd47261c830) Importer(2089858483,0ecaa5967403d082aa24f35e1b516d23)
Start importing Assets/Dice2.5D/animations/DiceRoll4.anim using Guid(bd1eacf8e2bb6b247bc53bd47261c830) Importer(2089858483,0ecaa5967403d082aa24f35e1b516d23) (ScriptedImporter) -> (artifact id: 'f2631d4f503f337566980311c82f7355') in 0.0566798 seconds
Number of updated asset objects reloaded before import = 0Number of asset objects unloaded after import = 1

========================================================================
Received Import Request.
  Time since last request: 0.000495 seconds.
  path: Assets/Gizmos/MasterAudio/PlaylistController Icon.png
  artifactKey: Guid(d61af542319c025419e499366537de2b) Importer(2089858483,0ecaa5967403d082aa24f35e1b516d23)
Start importing Assets/Gizmos/MasterAudio/PlaylistController Icon.png using Guid(d61af542319c025419e499366537de2b) Importer(2089858483,0ecaa5967403d082aa24f35e1b516d23) (ScriptedImporter) -> (artifact id: '0a290ecbb0c3f81c9335dade07139a5b') in 0.1222147 seconds
Number of updated asset objects reloaded before import = 0Number of asset objects unloaded after import = 1

========================================================================
Received Import Request.
  Time since last request: 0.000815 seconds.
  path: Assets/TextMesh Pro/Shaders/TMP_SDF Overlay.shader
  artifactKey: Guid(dd89cf5b9246416f84610a006f916af7) Importer(2089858483,0ecaa5967403d082aa24f35e1b516d23)
Start importing Assets/TextMesh Pro/Shaders/TMP_SDF Overlay.shader using Guid(dd89cf5b9246416f84610a006f916af7) Importer(2089858483,0ecaa5967403d082aa24f35e1b516d23) (ScriptedImporter) -> (artifact id: '25b28505d271dbf66c46e0789bd81553') in 0.2301216 seconds
Number of updated asset objects reloaded before import = 0Number of asset objects unloaded after import = 1

========================================================================
Received Import Request.
  Time since last request: 0.000024 seconds.
  path: Assets/Editor Default Resources/MasterAudio/soloOn.png
  artifactKey: Guid(2190b762f478b6c4e86eb56f9b74d401) Importer(2089858483,0ecaa5967403d082aa24f35e1b516d23)
Start importing Assets/Editor Default Resources/MasterAudio/soloOn.png using Guid(2190b762f478b6c4e86eb56f9b74d401) Importer(2089858483,0ecaa5967403d082aa24f35e1b516d23) (ScriptedImporter) -> (artifact id: '6ee00d4353a61a0735d44a75fba92752') in 0.119513 seconds
Number of updated asset objects reloaded before import = 0Number of asset objects unloaded after import = 1

========================================================================
Received Import Request.
  Time since last request: 0.001004 seconds.
  path: Assets/02_Sprites/ItemIcon/Armor/45.png
  artifactKey: Guid(f8b6d5c7b08da3146ba9b99f7be84758) Importer(2089858483,0ecaa5967403d082aa24f35e1b516d23)
Start importing Assets/02_Sprites/ItemIcon/Armor/45.png using Guid(f8b6d5c7b08da3146ba9b99f7be84758) Importer(2089858483,0ecaa5967403d082aa24f35e1b516d23) (ScriptedImporter) -> (artifact id: '57134f3da27664e2d401c47e197313ae') in 0.1255394 seconds
Number of updated asset objects reloaded before import = 0Number of asset objects unloaded after import = 3

========================================================================
Received Import Request.
  Time since last request: 0.000066 seconds.
  path: Assets/02_Sprites/ItemIcon/Consumable/P010.png
  artifactKey: Guid(4f9c1ccde740fff4dbf051c4a64a6bc2) Importer(2089858483,0ecaa5967403d082aa24f35e1b516d23)
Start importing Assets/02_Sprites/ItemIcon/Consumable/P010.png using Guid(4f9c1ccde740fff4dbf051c4a64a6bc2) Importer(2089858483,0ecaa5967403d082aa24f35e1b516d23) (ScriptedImporter) -> (artifact id: '52050bccd1827db8e2c3c0ac1e7197f5') in 0.1119743 seconds
Number of updated asset objects reloaded before import = 0Number of asset objects unloaded after import = 3

========================================================================
Received Import Request.
  Time since last request: 0.000026 seconds.
  path: Assets/TextMesh Pro/Shaders/TMP_SDF-Mobile.shader
  artifactKey: Guid(fe393ace9b354375a9cb14cdbbc28be4) Importer(2089858483,0ecaa5967403d082aa24f35e1b516d23)
Start importing Assets/TextMesh Pro/Shaders/TMP_SDF-Mobile.shader using Guid(fe393ace9b354375a9cb14cdbbc28be4) Importer(2089858483,0ecaa5967403d082aa24f35e1b516d23) (ScriptedImporter) -> (artifact id: 'ebf36140ae4b686be128939a355921fa') in 0.0700643 seconds
Number of updated asset objects reloaded before import = 0Number of asset objects unloaded after import = 1

========================================================================
Received Import Request.
  Time since last request: 0.000292 seconds.
  path: Assets/TextMesh Pro/Resources/TMP Settings.asset
  artifactKey: Guid(3f5b5dff67a942289a9defa416b206f3) Importer(2089858483,0ecaa5967403d082aa24f35e1b516d23)
Start importing Assets/TextMesh Pro/Resources/TMP Settings.asset using Guid(3f5b5dff67a942289a9defa416b206f3) Importer(2089858483,0ecaa5967403d082aa24f35e1b516d23) (ScriptedImporter) -> (artifact id: 'fe5e4ad5c288c02f765491e1b73ef0b4') in 2.0534672 seconds
Number of updated asset objects reloaded before import = 0Number of asset objects unloaded after import = 13

========================================================================
Received Import Request.
  Time since last request: 0.000032 seconds.
  path: Assets/02_Sprites/ItemIcon/Armor/14.png
  artifactKey: Guid(8723f71be220e5d4bb0d8aebec00354b) Importer(2089858483,0ecaa5967403d082aa24f35e1b516d23)
Start importing Assets/02_Sprites/ItemIcon/Armor/14.png using Guid(8723f71be220e5d4bb0d8aebec00354b) Importer(2089858483,0ecaa5967403d082aa24f35e1b516d23) (ScriptedImporter) -> (artifact id: 'a5159bf27b3e6851873cfd60531e03f8') in 0.0808695 seconds
Number of updated asset objects reloaded before import = 0Number of asset objects unloaded after import = 3

========================================================================
Received Import Request.
  Time since last request: 0.000254 seconds.
  path: Assets/SpecialSkillsEffectsPack/Scripts/HDRPDecalTransferMatrix.cs
  artifactKey: Guid(876c1ff56fcb0c945a5381916d811e5d) Importer(2089858483,0ecaa5967403d082aa24f35e1b516d23)
Start importing Assets/SpecialSkillsEffectsPack/Scripts/HDRPDecalTransferMatrix.cs using Guid(876c1ff56fcb0c945a5381916d811e5d) Importer(2089858483,0ecaa5967403d082aa24f35e1b516d23) (ScriptedImporter) -> (artifact id: '7ef57840d9bf208f166d8d3137f36849') in 0.0337543 seconds
Number of updated asset objects reloaded before import = 0Number of asset objects unloaded after import = 0

========================================================================
Received Import Request.
  Time since last request: 0.000027 seconds.
  path: Assets/Dice2.5D/animations/Dice10Roll6.anim
  artifactKey: Guid(df54f7562da971b40aebf329b0afcf09) Importer(2089858483,0ecaa5967403d082aa24f35e1b516d23)
Start importing Assets/Dice2.5D/animations/Dice10Roll6.anim using Guid(df54f7562da971b40aebf329b0afcf09) Importer(2089858483,0ecaa5967403d082aa24f35e1b516d23) (ScriptedImporter) -> (artifact id: '8e7618f451faba97452ecf09f286f3a2') in 0.0474303 seconds
Number of updated asset objects reloaded before import = 0Number of asset objects unloaded after import = 1

========================================================================
Received Import Request.
  Time since last request: 0.000033 seconds.
  path: Assets/01_Scripts/Gamble/GhostLeg/GhostLegController.cs
  artifactKey: Guid(3ccbdd39554de834c83366ef67f891f5) Importer(2089858483,0ecaa5967403d082aa24f35e1b516d23)
Start importing Assets/01_Scripts/Gamble/GhostLeg/GhostLegController.cs using Guid(3ccbdd39554de834c83366ef67f891f5) Importer(2089858483,0ecaa5967403d082aa24f35e1b516d23) (ScriptedImporter) -> (artifact id: '712a1840f1c37cb09b48130661a98f7d') in 0.0369758 seconds
Number of updated asset objects reloaded before import = 0Number of asset objects unloaded after import = 0

========================================================================
Received Import Request.
  Time since last request: 0.000032 seconds.
  path: Assets/02_Sprites/ItemIcon/Armor/30.png
  artifactKey: Guid(969a9749f5f49ee49b7ed06ac8972b80) Importer(2089858483,0ecaa5967403d082aa24f35e1b516d23)
Start importing Assets/02_Sprites/ItemIcon/Armor/30.png using Guid(969a9749f5f49ee49b7ed06ac8972b80) Importer(2089858483,0ecaa5967403d082aa24f35e1b516d23) (ScriptedImporter) -> (artifact id: '3b79bd3263124515d0fe436a61db5d95') in 0.0757976 seconds
Number of updated asset objects reloaded before import = 0Number of asset objects unloaded after import = 3

========================================================================
Received Import Request.
  Time since last request: 0.000050 seconds.
  path: Assets/02_Sprites/ItemIcon/Jewelry/32.png
  artifactKey: Guid(30de4345693347f4d94aa95b90027052) Importer(2089858483,0ecaa5967403d082aa24f35e1b516d23)
Start importing Assets/02_Sprites/ItemIcon/Jewelry/32.png using Guid(30de4345693347f4d94aa95b90027052) Importer(2089858483,0ecaa5967403d082aa24f35e1b516d23) (ScriptedImporter) -> (artifact id: 'cc9fc7f1856a3047a73892038095158d') in 0.091899 seconds
Number of updated asset objects reloaded before import = 0Number of asset objects unloaded after import = 3

========================================================================
Received Import Request.
  Time since last request: 0.000047 seconds.
  path: Assets/Dice2.5D/Textures/dice10_0.png
  artifactKey: Guid(49c794c782c862242a5093771061aca8) Importer(2089858483,0ecaa5967403d082aa24f35e1b516d23)
Start importing Assets/Dice2.5D/Textures/dice10_0.png using Guid(49c794c782c862242a5093771061aca8) Importer(2089858483,0ecaa5967403d082aa24f35e1b516d23) (ScriptedImporter) -> (artifact id: 'b02cc78330c157bb075c7dc268782597') in 0.2117126 seconds
Number of updated asset objects reloaded before import = 0Number of asset objects unloaded after import = 26

========================================================================
Received Import Request.
  Time since last request: 0.000028 seconds.
  path: Assets/02_Sprites/ItemIcon/Armor/24.png
  artifactKey: Guid(501aa20a5e57eeb4d8d3e4a0cfb1a7a0) Importer(2089858483,0ecaa5967403d082aa24f35e1b516d23)
Start importing Assets/02_Sprites/ItemIcon/Armor/24.png using Guid(501aa20a5e57eeb4d8d3e4a0cfb1a7a0) Importer(2089858483,0ecaa5967403d082aa24f35e1b516d23) (ScriptedImporter) -> (artifact id: '144973ddf5961ffe660f83915c3cbc03') in 0.1078744 seconds
Number of updated asset objects reloaded before import = 0Number of asset objects unloaded after import = 3

========================================================================
Received Import Request.
  Time since last request: 0.000072 seconds.
  path: Assets/02_Sprites/ItemIcon/Jewelry/23.png
  artifactKey: Guid(2982315a0271c344aa7192c218dc6777) Importer(2089858483,0ecaa5967403d082aa24f35e1b516d23)
Start importing Assets/02_Sprites/ItemIcon/Jewelry/23.png using Guid(2982315a0271c344aa7192c218dc6777) Importer(2089858483,0ecaa5967403d082aa24f35e1b516d23) (ScriptedImporter) -> (artifact id: 'df50f77a9c7120278c06ec3e28694cb3') in 0.0713846 seconds
Number of updated asset objects reloaded before import = 0Number of asset objects unloaded after import = 3

========================================================================
Received Import Request.
  Time since last request: 0.000033 seconds.
  path: Assets/02_Sprites/ItemIcon/Armor/42.png
  artifactKey: Guid(03708a9247e55284ba7672db15e71acc) Importer(2089858483,0ecaa5967403d082aa24f35e1b516d23)
Start importing Assets/02_Sprites/ItemIcon/Armor/42.png using Guid(03708a9247e55284ba7672db15e71acc) Importer(2089858483,0ecaa5967403d082aa24f35e1b516d23) (ScriptedImporter) -> (artifact id: '13440ea1dff208fa67305bdd02181757') in 0.1178283 seconds
Number of updated asset objects reloaded before import = 0Number of asset objects unloaded after import = 3

========================================================================
Received Import Request.
  Time since last request: 0.000033 seconds.
  path: Assets/01_Scripts/Gamble/BlackJack/Card.cs
  artifactKey: Guid(7f1ca1a4bac98334cbb7be7b75ab893e) Importer(2089858483,0ecaa5967403d082aa24f35e1b516d23)
Start importing Assets/01_Scripts/Gamble/BlackJack/Card.cs using Guid(7f1ca1a4bac98334cbb7be7b75ab893e) Importer(2089858483,0ecaa5967403d082aa24f35e1b516d23) (ScriptedImporter) -> (artifact id: 'b5688233b1164281f447cabc3192445a') in 0.0413737 seconds
Number of updated asset objects reloaded before import = 0Number of asset objects unloaded after import = 0

========================================================================
Received Import Request.
  Time since last request: 0.000211 seconds.
  path: Assets/02_Sprites/ItemIcon/Armor/23.png
  artifactKey: Guid(406a291cccbd3ae44857a740bc0c05bf) Importer(2089858483,0ecaa5967403d082aa24f35e1b516d23)
Start importing Assets/02_Sprites/ItemIcon/Armor/23.png using Guid(406a291cccbd3ae44857a740bc0c05bf) Importer(2089858483,0ecaa5967403d082aa24f35e1b516d23) (ScriptedImporter) -> (artifact id: 'e8b5d90cd7d1c7a27db1b05634d8494d') in 0.0656407 seconds
Number of updated asset objects reloaded before import = 0Number of asset objects unloaded after import = 3

========================================================================
Received Import Request.
  Time since last request: 0.000027 seconds.
  path: Assets/02_Sprites/ItemIcon/Armor/6.png
  artifactKey: Guid(4acddb2839eb0984e83453c3cae53193) Importer(2089858483,0ecaa5967403d082aa24f35e1b516d23)
Start importing Assets/02_Sprites/ItemIcon/Armor/6.png using Guid(4acddb2839eb0984e83453c3cae53193) Importer(2089858483,0ecaa5967403d082aa24f35e1b516d23) (ScriptedImporter) -> (artifact id: 'f92dfd8948f49f41efb47b1ef3b5f62e') in 0.0826679 seconds
Number of updated asset objects reloaded before import = 0Number of asset objects unloaded after import = 3

========================================================================
Received Import Request.
  Time since last request: 0.000030 seconds.
  path: Assets/02_Sprites/ItemIcon/Armor/40.png
  artifactKey: Guid(a1cd6ef53fc5ab64f966302d032527d3) Importer(2089858483,0ecaa5967403d082aa24f35e1b516d23)
Start importing Assets/02_Sprites/ItemIcon/Armor/40.png using Guid(a1cd6ef53fc5ab64f966302d032527d3) Importer(2089858483,0ecaa5967403d082aa24f35e1b516d23) (ScriptedImporter) -> (artifact id: '95a8fb1f2d1fc7d4541449e720685c02') in 0.0959832 seconds
Number of updated asset objects reloaded before import = 0Number of asset objects unloaded after import = 3

========================================================================
Received Import Request.
  Time since last request: 0.000036 seconds.
  path: Assets/02_Sprites/ItemIcon/Jewelry/46.png
  artifactKey: Guid(e7e40e30c67bbd84ab4ad02884c75d4e) Importer(2089858483,0ecaa5967403d082aa24f35e1b516d23)
Start importing Assets/02_Sprites/ItemIcon/Jewelry/46.png using Guid(e7e40e30c67bbd84ab4ad02884c75d4e) Importer(2089858483,0ecaa5967403d082aa24f35e1b516d23) (ScriptedImporter) -> (artifact id: '17e0bfd67aff52b522839fdbc81ab08a') in 0.1112359 seconds
Number of updated asset objects reloaded before import = 0Number of asset objects unloaded after import = 3

========================================================================
Received Import Request.
  Time since last request: 0.000052 seconds.
  path: Assets/02_Sprites/ItemIcon/Jewelry/36.png
  artifactKey: Guid(2a39a620377c0f04b869dd6e572c9d56) Importer(2089858483,0ecaa5967403d082aa24f35e1b516d23)
Start importing Assets/02_Sprites/ItemIcon/Jewelry/36.png using Guid(2a39a620377c0f04b869dd6e572c9d56) Importer(2089858483,0ecaa5967403d082aa24f35e1b516d23) (ScriptedImporter) -> (artifact id: '8f8a7d0cbdbe2b0f3f931aceffa993e8') in 0.1247996 seconds
Number of updated asset objects reloaded before import = 0Number of asset objects unloaded after import = 3

========================================================================
Received Import Request.
  Time since last request: 0.000084 seconds.
  path: Assets/02_Sprites/ItemIcon/Jewelry/49.png
  artifactKey: Guid(f2fad0464d27d804dbc1882ddba44fc3) Importer(2089858483,0ecaa5967403d082aa24f35e1b516d23)
Start importing Assets/02_Sprites/ItemIcon/Jewelry/49.png using Guid(f2fad0464d27d804dbc1882ddba44fc3) Importer(2089858483,0ecaa5967403d082aa24f35e1b516d23) (ScriptedImporter) -> (artifact id: '84114f5aad766e724f20e242b3fea09a') in 0.1466262 seconds
Number of updated asset objects reloaded before import = 0Number of asset objects unloaded after import = 3

========================================================================
Received Import Request.
  Time since last request: 0.000031 seconds.
  path: Assets/02_Sprites/ItemIcon/Rune/11.png
  artifactKey: Guid(182320f604a477a4b85c0b407addba9f) Importer(2089858483,0ecaa5967403d082aa24f35e1b516d23)
Start importing Assets/02_Sprites/ItemIcon/Rune/11.png using Guid(182320f604a477a4b85c0b407addba9f) Importer(2089858483,0ecaa5967403d082aa24f35e1b516d23) (ScriptedImporter) -> (artifact id: 'e991fa4dad1d77e6d3796c473e6ee903') in 0.1605508 seconds
Number of updated asset objects reloaded before import = 0Number of asset objects unloaded after import = 3

========================================================================
Received Import Request.
  Time since last request: 0.000044 seconds.
  path: Assets/Editor Default Resources/MasterAudio/find.png
  artifactKey: Guid(8174da2a682b1bc42822acafeae9dc0b) Importer(2089858483,0ecaa5967403d082aa24f35e1b516d23)
Start importing Assets/Editor Default Resources/MasterAudio/find.png using Guid(8174da2a682b1bc42822acafeae9dc0b) Importer(2089858483,0ecaa5967403d082aa24f35e1b516d23) (ScriptedImporter) -> (artifact id: 'dc869614ffb14485654361f8ba1a9047') in 0.1434236 seconds
Number of updated asset objects reloaded before import = 0Number of asset objects unloaded after import = 1

========================================================================
Received Import Request.
  Time since last request: 0.000872 seconds.
  path: Assets/02_Sprites/ItemIcon/Consumable/P009.png
  artifactKey: Guid(238fdd12dc6976f4b8e2790ae757ab2d) Importer(2089858483,0ecaa5967403d082aa24f35e1b516d23)
Start importing Assets/02_Sprites/ItemIcon/Consumable/P009.png using Guid(238fdd12dc6976f4b8e2790ae757ab2d) Importer(2089858483,0ecaa5967403d082aa24f35e1b516d23) (ScriptedImporter) -> (artifact id: '1b6952504d3b98d3f532313b5b357a5b') in 0.2620372 seconds
Number of updated asset objects reloaded before import = 0Number of asset objects unloaded after import = 3

========================================================================
Received Import Request.
  Time since last request: 0.000187 seconds.
  path: Assets/TextMesh Pro/Shaders/TMP_SDF-URP Lit.shadergraph
  artifactKey: Guid(a3d800b099a06e0478fb790c5e79057a) Importer(2089858483,0ecaa5967403d082aa24f35e1b516d23)
Start importing Assets/TextMesh Pro/Shaders/TMP_SDF-URP Lit.shadergraph using Guid(a3d800b099a06e0478fb790c5e79057a) Importer(2089858483,0ecaa5967403d082aa24f35e1b516d23) (ScriptedImporter) -> (artifact id: 'e43d3dc32ef577685873b90d775985bb') in 0.2684382 seconds
Number of updated asset objects reloaded before import = 0Number of asset objects unloaded after import = 5

========================================================================
Received Import Request.
  Time since last request: 0.000400 seconds.
  path: Assets/Font/TFF/완주대둔산체 Regular.ttf
  artifactKey: Guid(a4b661a370eb0ab49b82d7b3320a4cbe) Importer(2089858483,0ecaa5967403d082aa24f35e1b516d23)
Start importing Assets/Font/TFF/완주대둔산체 Regular.ttf using Guid(a4b661a370eb0ab49b82d7b3320a4cbe) Importer(2089858483,0ecaa5967403d082aa24f35e1b516d23) (ScriptedImporter) -> (artifact id: '0258961ca0cd8faaa62fa661b3ab8f0a') in 0.1590331 seconds
Number of updated asset objects reloaded before import = 0Number of asset objects unloaded after import = 3

========================================================================
Received Import Request.
  Time since last request: 0.000065 seconds.
  path: Assets/Dice2.5D/Scenes/dice_roll_3DTex_demo.unity
  artifactKey: Guid(61f1240604d72c94299410242f57d9e5) Importer(2089858483,0ecaa5967403d082aa24f35e1b516d23)
Start importing Assets/Dice2.5D/Scenes/dice_roll_3DTex_demo.unity using Guid(61f1240604d72c94299410242f57d9e5) Importer(2089858483,0ecaa5967403d082aa24f35e1b516d23) (ScriptedImporter) -> (artifact id: '3bf150967a1128b2ca0cb68dbb6a5f7f') in 0.0691715 seconds
Number of updated asset objects reloaded before import = 0Number of asset objects unloaded after import = 1

========================================================================
Received Import Request.
  Time since last request: 0.000039 seconds.
  path: Assets/02_Sprites/ItemIcon/Armor/2.png
  artifactKey: Guid(5745cf9da19f44d4e805572f8ee49401) Importer(2089858483,0ecaa5967403d082aa24f35e1b516d23)
Start importing Assets/02_Sprites/ItemIcon/Armor/2.png using Guid(5745cf9da19f44d4e805572f8ee49401) Importer(2089858483,0ecaa5967403d082aa24f35e1b516d23) (ScriptedImporter) -> (artifact id: '191d4ba4a53ad1e96f3dbbc15e34a6c3') in 0.1308017 seconds
Number of updated asset objects reloaded before import = 0Number of asset objects unloaded after import = 3

========================================================================
Received Import Request.
  Time since last request: 0.000037 seconds.
  path: Assets/Gizmos/MasterAudio/MasterAudio Icon.png
  artifactKey: Guid(b22c7dabdaae3d54896c5027823c021b) Importer(2089858483,0ecaa5967403d082aa24f35e1b516d23)
Start importing Assets/Gizmos/MasterAudio/MasterAudio Icon.png using Guid(b22c7dabdaae3d54896c5027823c021b) Importer(2089858483,0ecaa5967403d082aa24f35e1b516d23) (ScriptedImporter) -> (artifact id: 'fe3335b9093558d192465e858d4e8436') in 0.0727728 seconds
Number of updated asset objects reloaded before import = 0Number of asset objects unloaded after import = 1

========================================================================
Received Import Request.
  Time since last request: 0.000027 seconds.
  path: Assets/01_Scripts/Gamble/GhostLeg/EndPoint.cs
  artifactKey: Guid(1f8ee4ae342110542b84b217a98ede3a) Importer(2089858483,0ecaa5967403d082aa24f35e1b516d23)
Start importing Assets/01_Scripts/Gamble/GhostLeg/EndPoint.cs using Guid(1f8ee4ae342110542b84b217a98ede3a) Importer(2089858483,0ecaa5967403d082aa24f35e1b516d23) (ScriptedImporter) -> (artifact id: '0d65d41b0b13c05898ef876bcda8c656') in 0.031259 seconds
Number of updated asset objects reloaded before import = 0Number of asset objects unloaded after import = 0

========================================================================
Received Import Request.
  Time since last request: 0.000363 seconds.
  path: Assets/Editor Default Resources/MasterAudio/ready.png
  artifactKey: Guid(33cb6602fac5c5141a8917bef6f55337) Importer(2089858483,0ecaa5967403d082aa24f35e1b516d23)
Start importing Assets/Editor Default Resources/MasterAudio/ready.png using Guid(33cb6602fac5c5141a8917bef6f55337) Importer(2089858483,0ecaa5967403d082aa24f35e1b516d23) (ScriptedImporter) -> (artifact id: '974aea2a6ac33ff0d4b0c47efa79e31d') in 0.0796176 seconds
Number of updated asset objects reloaded before import = 0Number of asset objects unloaded after import = 1

========================================================================
Received Import Request.
  Time since last request: 0.000025 seconds.
  path: Assets/Dice2.5D/Documents/readme.txt
  artifactKey: Guid(912539dfbc84c2b44b99abf250e79aac) Importer(2089858483,0ecaa5967403d082aa24f35e1b516d23)
Start importing Assets/Dice2.5D/Documents/readme.txt using Guid(912539dfbc84c2b44b99abf250e79aac) Importer(2089858483,0ecaa5967403d082aa24f35e1b516d23) (ScriptedImporter) -> (artifact id: '4b7ad6e81a8399664c8e9d45c5eccb81') in 0.0296123 seconds
Number of updated asset objects reloaded before import = 0Number of asset objects unloaded after import = 1

========================================================================
Received Import Request.
  Time since last request: 0.000021 seconds.
  path: Assets/TextMesh Pro/Shaders/TMPro_Properties.cginc
  artifactKey: Guid(3997e2241185407d80309a82f9148466) Importer(2089858483,0ecaa5967403d082aa24f35e1b516d23)
Start importing Assets/TextMesh Pro/Shaders/TMPro_Properties.cginc using Guid(3997e2241185407d80309a82f9148466) Importer(2089858483,0ecaa5967403d082aa24f35e1b516d23) (ScriptedImporter) -> (artifact id: '87c0c134085af5404172c7ecbd61b94d') in 0.0501916 seconds
Number of updated asset objects reloaded before import = 0Number of asset objects unloaded after import = 1

========================================================================
Received Import Request.
  Time since last request: 0.000044 seconds.
  path: Assets/02_Sprites/ItemIcon/Jewelry/10.png
  artifactKey: Guid(2d8da2d2dfc90494abda8ea4b6086601) Importer(2089858483,0ecaa5967403d082aa24f35e1b516d23)
Start importing Assets/02_Sprites/ItemIcon/Jewelry/10.png using Guid(2d8da2d2dfc90494abda8ea4b6086601) Importer(2089858483,0ecaa5967403d082aa24f35e1b516d23) (ScriptedImporter) -> (artifact id: '6052d629b09900742732df940b12dc95') in 0.0642838 seconds
Number of updated asset objects reloaded before import = 0Number of asset objects unloaded after import = 3

========================================================================
Received Import Request.
  Time since last request: 0.000029 seconds.
  path: Assets/01_Scripts/Gamble/Roulette/Roulette.cs
  artifactKey: Guid(0658c562197709d428b66a85deb923c0) Importer(2089858483,0ecaa5967403d082aa24f35e1b516d23)
Start importing Assets/01_Scripts/Gamble/Roulette/Roulette.cs using Guid(0658c562197709d428b66a85deb923c0) Importer(2089858483,0ecaa5967403d082aa24f35e1b516d23) (ScriptedImporter) -> (artifact id: '109ef045fdf7577270f84466484e4022') in 0.0308195 seconds
Number of updated asset objects reloaded before import = 0Number of asset objects unloaded after import = 0

========================================================================
Received Import Request.
  Time since last request: 0.000322 seconds.
  path: Assets/TextMesh Pro/Shaders/TMP_SDF.shader
  artifactKey: Guid(68e6db2ebdc24f95958faec2be5558d6) Importer(2089858483,0ecaa5967403d082aa24f35e1b516d23)
Start importing Assets/TextMesh Pro/Shaders/TMP_SDF.shader using Guid(68e6db2ebdc24f95958faec2be5558d6) Importer(2089858483,0ecaa5967403d082aa24f35e1b516d23) (ScriptedImporter) -> (artifact id: 'ba3defb33271517de7787ce36284ecf9') in 0.0615112 seconds
Number of updated asset objects reloaded before import = 0Number of asset objects unloaded after import = 1

========================================================================
Received Import Request.
  Time since last request: 0.000434 seconds.
  path: Assets/Plugins/RelationsInspector/AutoBackendAttributes.cs
  artifactKey: Guid(508186bc9effaad43b8c286a04adadfb) Importer(2089858483,0ecaa5967403d082aa24f35e1b516d23)
Start importing Assets/Plugins/RelationsInspector/AutoBackendAttributes.cs using Guid(508186bc9effaad43b8c286a04adadfb) Importer(2089858483,0ecaa5967403d082aa24f35e1b516d23) (ScriptedImporter) -> (artifact id: '7bc17550ab0b389e2b4389d65009b5c1') in 0.0441971 seconds
Number of updated asset objects reloaded before import = 0Number of asset objects unloaded after import = 0

========================================================================
Received Import Request.
  Time since last request: 0.003213 seconds.
  path: Assets/Dice2.5D/Textures/dice10_rolling.png
  artifactKey: Guid(e5f93832c8c5dcb4987606be52112ae6) Importer(2089858483,0ecaa5967403d082aa24f35e1b516d23)
Start importing Assets/Dice2.5D/Textures/dice10_rolling.png using Guid(e5f93832c8c5dcb4987606be52112ae6) Importer(2089858483,0ecaa5967403d082aa24f35e1b516d23) (ScriptedImporter) -> (artifact id: '170ed7e4d2d91d11123010fddfb96ca7') in 0.2657463 seconds
Number of updated asset objects reloaded before import = 0Number of asset objects unloaded after import = 18

========================================================================
Received Import Request.
  Time since last request: 0.000036 seconds.
  path: Assets/Font/TFF/NanumGothicBold.ttf
  artifactKey: Guid(26fc34d2d73767a42afc2503bef70dd3) Importer(2089858483,0ecaa5967403d082aa24f35e1b516d23)
Start importing Assets/Font/TFF/NanumGothicBold.ttf using Guid(26fc34d2d73767a42afc2503bef70dd3) Importer(2089858483,0ecaa5967403d082aa24f35e1b516d23) (ScriptedImporter) -> (artifact id: 'a246d8e6f5f22d17a2fa235d78fa81a7') in 0.1338233 seconds
Number of updated asset objects reloaded before import = 0Number of asset objects unloaded after import = 3

========================================================================
Received Import Request.
  Time since last request: 0.000034 seconds.
  path: Assets/Dice2.5D/animations/DiceRoll2.anim
  artifactKey: Guid(975328cd4f90d634ab4bc1192edfe80c) Importer(2089858483,0ecaa5967403d082aa24f35e1b516d23)
Start importing Assets/Dice2.5D/animations/DiceRoll2.anim using Guid(975328cd4f90d634ab4bc1192edfe80c) Importer(2089858483,0ecaa5967403d082aa24f35e1b516d23) (ScriptedImporter) -> (artifact id: 'ae2ac3203b83f562bd292a50375f09ba') in 0.0617414 seconds
Number of updated asset objects reloaded before import = 0Number of asset objects unloaded after import = 1

========================================================================
Received Import Request.
  Time since last request: 0.000272 seconds.
  path: Assets/02_Sprites/ItemIcon/Armor/19.png
  artifactKey: Guid(4192f2a4cbfe27b4cafe91b329f5caf2) Importer(2089858483,0ecaa5967403d082aa24f35e1b516d23)
Start importing Assets/02_Sprites/ItemIcon/Armor/19.png using Guid(4192f2a4cbfe27b4cafe91b329f5caf2) Importer(2089858483,0ecaa5967403d082aa24f35e1b516d23) (ScriptedImporter) -> (artifact id: 'f5f2e84c61f2234b779027167dc2cff4') in 0.1522338 seconds
Number of updated asset objects reloaded before import = 0Number of asset objects unloaded after import = 3

========================================================================
Received Import Request.
  Time since last request: 0.002883 seconds.
  path: Assets/02_Sprites/ItemIcon/Jewelry/18.png
  artifactKey: Guid(316968134f80b1f47b0969542a9610f8) Importer(2089858483,0ecaa5967403d082aa24f35e1b516d23)
Start importing Assets/02_Sprites/ItemIcon/Jewelry/18.png using Guid(316968134f80b1f47b0969542a9610f8) Importer(2089858483,0ecaa5967403d082aa24f35e1b516d23) (ScriptedImporter) -> (artifact id: 'e39fdc1a8524e3979bba7bab3270e8c3') in 0.1280283 seconds
Number of updated asset objects reloaded before import = 0Number of asset objects unloaded after import = 3

========================================================================
Received Import Request.
  Time since last request: 0.000193 seconds.
  path: Assets/02_Sprites/ItemIcon/Rune/13.png
  artifactKey: Guid(a7467be2f1a61b04c82b754f1329eabe) Importer(2089858483,0ecaa5967403d082aa24f35e1b516d23)
Start importing Assets/02_Sprites/ItemIcon/Rune/13.png using Guid(a7467be2f1a61b04c82b754f1329eabe) Importer(2089858483,0ecaa5967403d082aa24f35e1b516d23) (ScriptedImporter) -> (artifact id: '4c5b7381fbea68949c2ef8afa5ac433b') in 0.1156291 seconds
Number of updated asset objects reloaded before import = 0Number of asset objects unloaded after import = 3

========================================================================
Received Import Request.
  Time since last request: 0.000045 seconds.
  path: Assets/02_Sprites/ItemIcon/Rune/9.png
  artifactKey: Guid(fb05a40a0e6b7764d96f9cf8bc88a137) Importer(2089858483,0ecaa5967403d082aa24f35e1b516d23)
Start importing Assets/02_Sprites/ItemIcon/Rune/9.png using Guid(fb05a40a0e6b7764d96f9cf8bc88a137) Importer(2089858483,0ecaa5967403d082aa24f35e1b516d23) (ScriptedImporter) -> (artifact id: 'bf5ad79108e62b16794032f0469eb207') in 0.1449499 seconds
Number of updated asset objects reloaded before import = 0Number of asset objects unloaded after import = 3

========================================================================
Received Import Request.
  Time since last request: 0.000058 seconds.
  path: Assets/02_Sprites/ItemIcon/Rune/36.png
  artifactKey: Guid(0d2cd26adaed8fe4fb08a52851a3945c) Importer(2089858483,0ecaa5967403d082aa24f35e1b516d23)
Start importing Assets/02_Sprites/ItemIcon/Rune/36.png using Guid(0d2cd26adaed8fe4fb08a52851a3945c) Importer(2089858483,0ecaa5967403d082aa24f35e1b516d23) (ScriptedImporter) -> (artifact id: '605c49a7a18b4946a77b57d699aca29e') in 0.1232261 seconds
Number of updated asset objects reloaded before import = 0Number of asset objects unloaded after import = 3

========================================================================
Received Import Request.
  Time since last request: 0.000033 seconds.
  path: Assets/02_Sprites/ItemIcon/Rune/5.png
  artifactKey: Guid(f6a9b920840c3264a93922fe252111ba) Importer(2089858483,0ecaa5967403d082aa24f35e1b516d23)
Start importing Assets/02_Sprites/ItemIcon/Rune/5.png using Guid(f6a9b920840c3264a93922fe252111ba) Importer(2089858483,0ecaa5967403d082aa24f35e1b516d23) (ScriptedImporter) -> (artifact id: 'ac87f060737a459802f6cb7ef1173f21') in 0.1402292 seconds
Number of updated asset objects reloaded before import = 0Number of asset objects unloaded after import = 3

========================================================================
Received Import Request.
  Time since last request: 0.000038 seconds.
  path: Assets/02_Sprites/ItemIcon/Rune/14.png
  artifactKey: Guid(c3fbb8729c9d1cb41ac7e5fa4492d335) Importer(2089858483,0ecaa5967403d082aa24f35e1b516d23)
Start importing Assets/02_Sprites/ItemIcon/Rune/14.png using Guid(c3fbb8729c9d1cb41ac7e5fa4492d335) Importer(2089858483,0ecaa5967403d082aa24f35e1b516d23) (ScriptedImporter) -> (artifact id: 'b9a791d5603491b60350aa1e7be34b6f') in 0.1727324 seconds
Number of updated asset objects reloaded before import = 0Number of asset objects unloaded after import = 3

========================================================================
Received Import Request.
  Time since last request: 0.000067 seconds.
  path: Assets/02_Sprites/ItemIcon/Rune/32.png
  artifactKey: Guid(55d17af598fe314428210966e13f4a88) Importer(2089858483,0ecaa5967403d082aa24f35e1b516d23)
Start importing Assets/02_Sprites/ItemIcon/Rune/32.png using Guid(55d17af598fe314428210966e13f4a88) Importer(2089858483,0ecaa5967403d082aa24f35e1b516d23) (ScriptedImporter) -> (artifact id: '21a872ae05f264da08ffc0f03eea9450') in 0.1113452 seconds
Number of updated asset objects reloaded before import = 0Number of asset objects unloaded after import = 3

========================================================================
Received Import Request.
  Time since last request: 0.000021 seconds.
  path: Assets/02_Sprites/ItemIcon/Rune/33.png
  artifactKey: Guid(435ccc908bdfb0e42a77a747279a8a47) Importer(2089858483,0ecaa5967403d082aa24f35e1b516d23)
Start importing Assets/02_Sprites/ItemIcon/Rune/33.png using Guid(435ccc908bdfb0e42a77a747279a8a47) Importer(2089858483,0ecaa5967403d082aa24f35e1b516d23) (ScriptedImporter) -> (artifact id: '8cc35f584213fce95f838ca1297a901e') in 0.1165676 seconds
Number of updated asset objects reloaded before import = 0Number of asset objects unloaded after import = 3

========================================================================
Received Import Request.
  Time since last request: 0.000027 seconds.
  path: Assets/02_Sprites/ItemIcon/Rune/25.png
  artifactKey: Guid(1c9ca3c5bafa536499303bce1b9baefb) Importer(2089858483,0ecaa5967403d082aa24f35e1b516d23)
Start importing Assets/02_Sprites/ItemIcon/Rune/25.png using Guid(1c9ca3c5bafa536499303bce1b9baefb) Importer(2089858483,0ecaa5967403d082aa24f35e1b516d23) (ScriptedImporter) -> (artifact id: 'f836cb93aab3afd0771cbb17f7e83b78') in 0.1125934 seconds
Number of updated asset objects reloaded before import = 0Number of asset objects unloaded after import = 3

========================================================================
Received Import Request.
  Time since last request: 0.000040 seconds.
  path: Assets/02_Sprites/ItemIcon/Rune/27.png
  artifactKey: Guid(55935e0f3911bfc4f9db790f1ae08c28) Importer(2089858483,0ecaa5967403d082aa24f35e1b516d23)
Start importing Assets/02_Sprites/ItemIcon/Rune/27.png using Guid(55935e0f3911bfc4f9db790f1ae08c28) Importer(2089858483,0ecaa5967403d082aa24f35e1b516d23) (ScriptedImporter) -> (artifact id: '6e08c8d204c5bebf97694a1794fa0455') in 0.1244469 seconds
Number of updated asset objects reloaded before import = 0Number of asset objects unloaded after import = 3

========================================================================
Received Import Request.
  Time since last request: 0.000021 seconds.
  path: Assets/02_Sprites/ItemIcon/Rune/15.png
  artifactKey: Guid(aa9d2cce295fae447bf42cc15f17f2a3) Importer(2089858483,0ecaa5967403d082aa24f35e1b516d23)
Start importing Assets/02_Sprites/ItemIcon/Rune/15.png using Guid(aa9d2cce295fae447bf42cc15f17f2a3) Importer(2089858483,0ecaa5967403d082aa24f35e1b516d23) (ScriptedImporter) -> (artifact id: 'fb9ad93a2194d98211b25b191125d391') in 0.1105975 seconds
Number of updated asset objects reloaded before import = 0Number of asset objects unloaded after import = 3

========================================================================
Received Import Request.
  Time since last request: 0.000042 seconds.
  path: Assets/02_Sprites/ItemIcon/Rune/47.png
  artifactKey: Guid(95a0d05efa9437d43ae6fb2091fc0b68) Importer(2089858483,0ecaa5967403d082aa24f35e1b516d23)
Start importing Assets/02_Sprites/ItemIcon/Rune/47.png using Guid(95a0d05efa9437d43ae6fb2091fc0b68) Importer(2089858483,0ecaa5967403d082aa24f35e1b516d23) (ScriptedImporter) -> (artifact id: '87bf305540d3b2f7d9692910445ead83') in 0.2216362 seconds
Number of updated asset objects reloaded before import = 0Number of asset objects unloaded after import = 3

========================================================================
Received Import Request.
  Time since last request: 0.004899 seconds.
  path: Assets/02_Sprites/ItemIcon/Rune/3.png
  artifactKey: Guid(6770b7eb35e334542b00d6f48eb1735d) Importer(2089858483,0ecaa5967403d082aa24f35e1b516d23)
Start importing Assets/02_Sprites/ItemIcon/Rune/3.png using Guid(6770b7eb35e334542b00d6f48eb1735d) Importer(2089858483,0ecaa5967403d082aa24f35e1b516d23) (ScriptedImporter) -> (artifact id: '41a4bb05744c4b339f01c416fc40c171') in 0.1330604 seconds
Number of updated asset objects reloaded before import = 0Number of asset objects unloaded after import = 3

========================================================================
Received Import Request.
  Time since last request: 0.000035 seconds.
  path: Assets/02_Sprites/ItemIcon/SkillBook/SB001.png
  artifactKey: Guid(9768574278c7b4b488ef9e28beebad06) Importer(2089858483,0ecaa5967403d082aa24f35e1b516d23)
Start importing Assets/02_Sprites/ItemIcon/SkillBook/SB001.png using Guid(9768574278c7b4b488ef9e28beebad06) Importer(2089858483,0ecaa5967403d082aa24f35e1b516d23) (ScriptedImporter) -> (artifact id: '071a11a25ed7ae9835389fff27c6b9f7') in 0.0770981 seconds
Number of updated asset objects reloaded before import = 0Number of asset objects unloaded after import = 3

========================================================================
Received Import Request.
  Time since last request: 0.000039 seconds.
  path: Assets/02_Sprites/ItemIcon/Jewelry/41.png
  artifactKey: Guid(d519ddfb8858bf84485825c74ab166b1) Importer(2089858483,0ecaa5967403d082aa24f35e1b516d23)
Start importing Assets/02_Sprites/ItemIcon/Jewelry/41.png using Guid(d519ddfb8858bf84485825c74ab166b1) Importer(2089858483,0ecaa5967403d082aa24f35e1b516d23) (ScriptedImporter) -> (artifact id: '8112a69cb56854b30501147ec9b82150') in 0.097666 seconds
Number of updated asset objects reloaded before import = 0Number of asset objects unloaded after import = 3

========================================================================
Received Import Request.
  Time since last request: 0.000037 seconds.
  path: Assets/02_Sprites/ItemIcon/Rune/10.png
  artifactKey: Guid(1bb9e07db1e2603428f63b123350dada) Importer(2089858483,0ecaa5967403d082aa24f35e1b516d23)
Start importing Assets/02_Sprites/ItemIcon/Rune/10.png using Guid(1bb9e07db1e2603428f63b123350dada) Importer(2089858483,0ecaa5967403d082aa24f35e1b516d23) (ScriptedImporter) -> (artifact id: '2211bc10e31dc77d6973eb8add0b80b2') in 0.0670553 seconds
Number of updated asset objects reloaded before import = 0Number of asset objects unloaded after import = 3

========================================================================
Received Import Request.
  Time since last request: 0.000022 seconds.
  path: Assets/02_Sprites/ItemIcon/Armor/13.png
  artifactKey: Guid(40baf74f8c5c4df47880191ccb0e029f) Importer(2089858483,0ecaa5967403d082aa24f35e1b516d23)
Start importing Assets/02_Sprites/ItemIcon/Armor/13.png using Guid(40baf74f8c5c4df47880191ccb0e029f) Importer(2089858483,0ecaa5967403d082aa24f35e1b516d23) (ScriptedImporter) -> (artifact id: '2826aab5ffd7534e937e0638d9a0a177') in 0.0909046 seconds
Number of updated asset objects reloaded before import = 0Number of asset objects unloaded after import = 3

========================================================================
Received Import Request.
  Time since last request: 0.000047 seconds.
  path: Assets/Dice2.5D/Scripts/DiceRoll3DTex.cs
  artifactKey: Guid(5822a2f1e03a5b24eab95cf5b6a07fc0) Importer(2089858483,0ecaa5967403d082aa24f35e1b516d23)
Start importing Assets/Dice2.5D/Scripts/DiceRoll3DTex.cs using Guid(5822a2f1e03a5b24eab95cf5b6a07fc0) Importer(2089858483,0ecaa5967403d082aa24f35e1b516d23) (ScriptedImporter) -> (artifact id: 'fa6bc0f6929dad5481b21a74646a847a') in 0.072343 seconds
Number of updated asset objects reloaded before import = 0Number of asset objects unloaded after import = 0

========================================================================
Received Import Request.
  Time since last request: 0.000120 seconds.
  path: Assets/Dice2.5D/Textures/dice10_1.png
  artifactKey: Guid(cf5545621ec4e574ca66a8c89bb2b9ab) Importer(2089858483,0ecaa5967403d082aa24f35e1b516d23)
Start importing Assets/Dice2.5D/Textures/dice10_1.png using Guid(cf5545621ec4e574ca66a8c89bb2b9ab) Importer(2089858483,0ecaa5967403d082aa24f35e1b516d23) (ScriptedImporter) -> (artifact id: '18d1a84a83eac5abca71f5e564f42e53') in 0.3677052 seconds
Number of updated asset objects reloaded before import = 0Number of asset objects unloaded after import = 26

========================================================================
Received Import Request.
  Time since last request: 0.000049 seconds.
  path: Assets/Editor Default Resources/MasterAudio/LED5.png
  artifactKey: Guid(498cfbcba4b1ca34f8044294a10f9486) Importer(2089858483,0ecaa5967403d082aa24f35e1b516d23)
Start importing Assets/Editor Default Resources/MasterAudio/LED5.png using Guid(498cfbcba4b1ca34f8044294a10f9486) Importer(2089858483,0ecaa5967403d082aa24f35e1b516d23) (ScriptedImporter) -> (artifact id: '6259e4178e656ca00936cbf0ab934701') in 0.1291117 seconds
Number of updated asset objects reloaded before import = 0Number of asset objects unloaded after import = 1

========================================================================
Received Import Request.
  Time since last request: 0.000046 seconds.
  path: Assets/02_Sprites/ItemIcon/Rune/12.png
  artifactKey: Guid(f6e1f704b648366489369c02ea7f48fb) Importer(2089858483,0ecaa5967403d082aa24f35e1b516d23)
Start importing Assets/02_Sprites/ItemIcon/Rune/12.png using Guid(f6e1f704b648366489369c02ea7f48fb) Importer(2089858483,0ecaa5967403d082aa24f35e1b516d23) (ScriptedImporter) -> (artifact id: '8424b7cf48e5d6fd0ea98d9db45f3c94') in 0.1223401 seconds
Number of updated asset objects reloaded before import = 0Number of asset objects unloaded after import = 3

========================================================================
Received Import Request.
  Time since last request: 0.000022 seconds.
  path: Assets/TextMesh Pro/Shaders/TMP_SDF-Mobile-2-Pass.shader
  artifactKey: Guid(0178fcb869bafef4690d177d31d17db8) Importer(2089858483,0ecaa5967403d082aa24f35e1b516d23)
Start importing Assets/TextMesh Pro/Shaders/TMP_SDF-Mobile-2-Pass.shader using Guid(0178fcb869bafef4690d177d31d17db8) Importer(2089858483,0ecaa5967403d082aa24f35e1b516d23) (ScriptedImporter) -> (artifact id: 'a5aa0ca444058506fa90d0697a444be1') in 0.0640756 seconds
Number of updated asset objects reloaded before import = 0Number of asset objects unloaded after import = 1

========================================================================
Received Import Request.
  Time since last request: 0.000218 seconds.
  path: Assets/02_Sprites/ItemIcon/Armor/35.png
  artifactKey: Guid(19df9ae5766eb4447a8f4859aca9492c) Importer(2089858483,0ecaa5967403d082aa24f35e1b516d23)
Start importing Assets/02_Sprites/ItemIcon/Armor/35.png using Guid(19df9ae5766eb4447a8f4859aca9492c) Importer(2089858483,0ecaa5967403d082aa24f35e1b516d23) (ScriptedImporter) -> (artifact id: '33362b08a3acc7f3524bb62742806772') in 0.0992911 seconds
Number of updated asset objects reloaded before import = 0Number of asset objects unloaded after import = 3

========================================================================
Received Import Request.
  Time since last request: 0.000040 seconds.
  path: Assets/02_Sprites/ItemIcon/Jewelry/45.png
  artifactKey: Guid(be3fb16adf8fbda449aab54d003cfe2f) Importer(2089858483,0ecaa5967403d082aa24f35e1b516d23)
Start importing Assets/02_Sprites/ItemIcon/Jewelry/45.png using Guid(be3fb16adf8fbda449aab54d003cfe2f) Importer(2089858483,0ecaa5967403d082aa24f35e1b516d23) (ScriptedImporter) -> (artifact id: '5f98605c701c88a733ea42c2846e331d') in 0.0562878 seconds
Number of updated asset objects reloaded before import = 0Number of asset objects unloaded after import = 3

========================================================================
Received Import Request.
  Time since last request: 0.000023 seconds.
  path: Assets/02_Sprites/ItemIcon/Staff/5.png
  artifactKey: Guid(f46b4e60884530040b5b6a233e6bb5c7) Importer(2089858483,0ecaa5967403d082aa24f35e1b516d23)
Start importing Assets/02_Sprites/ItemIcon/Staff/5.png using Guid(f46b4e60884530040b5b6a233e6bb5c7) Importer(2089858483,0ecaa5967403d082aa24f35e1b516d23) (ScriptedImporter) -> (artifact id: '5c06b784ccbda9f4ee0c84baaa8320d2') in 0.0607965 seconds
Number of updated asset objects reloaded before import = 0Number of asset objects unloaded after import = 3

========================================================================
Received Import Request.
  Time since last request: 0.000027 seconds.
  path: Assets/02_Sprites/ItemIcon/Staff/11.png
  artifactKey: Guid(b7662e146650b3c41b5315412a762a39) Importer(2089858483,0ecaa5967403d082aa24f35e1b516d23)
Start importing Assets/02_Sprites/ItemIcon/Staff/11.png using Guid(b7662e146650b3c41b5315412a762a39) Importer(2089858483,0ecaa5967403d082aa24f35e1b516d23) (ScriptedImporter) -> (artifact id: 'd322783bd10e9376a834dc0198a40ab0') in 0.1079777 seconds
Number of updated asset objects reloaded before import = 0Number of asset objects unloaded after import = 3

========================================================================
Received Import Request.
  Time since last request: 0.000047 seconds.
  path: Assets/02_Sprites/ItemIcon/Staff/39.png
  artifactKey: Guid(11163eca09004b44f8a8645a743aa5e8) Importer(2089858483,0ecaa5967403d082aa24f35e1b516d23)
Start importing Assets/02_Sprites/ItemIcon/Staff/39.png using Guid(11163eca09004b44f8a8645a743aa5e8) Importer(2089858483,0ecaa5967403d082aa24f35e1b516d23) (ScriptedImporter) -> (artifact id: '3ad37d006b6b223b830987a574f43930') in 0.1006159 seconds
Number of updated asset objects reloaded before import = 0Number of asset objects unloaded after import = 3

========================================================================
Received Import Request.
  Time since last request: 0.000239 seconds.
  path: Assets/02_Sprites/ItemIcon/Staff/29.png
  artifactKey: Guid(d52d364b259eb124b91f8431d10ab032) Importer(2089858483,0ecaa5967403d082aa24f35e1b516d23)
Start importing Assets/02_Sprites/ItemIcon/Staff/29.png using Guid(d52d364b259eb124b91f8431d10ab032) Importer(2089858483,0ecaa5967403d082aa24f35e1b516d23) (ScriptedImporter) -> (artifact id: '68a8e56d7ed661e0d0a5bd53f6341e57') in 0.1178521 seconds
Number of updated asset objects reloaded before import = 0Number of asset objects unloaded after import = 3

========================================================================
Received Import Request.
  Time since last request: 0.000041 seconds.
  path: Assets/02_Sprites/ItemIcon/Staff/10.png
  artifactKey: Guid(1f28b8ab018f6bb468d061a1d05c7238) Importer(2089858483,0ecaa5967403d082aa24f35e1b516d23)
Start importing Assets/02_Sprites/ItemIcon/Staff/10.png using Guid(1f28b8ab018f6bb468d061a1d05c7238) Importer(2089858483,0ecaa5967403d082aa24f35e1b516d23) (ScriptedImporter) -> (artifact id: 'ae949e560e64d0f4295fc81f1e60ca7f') in 0.0695248 seconds
Number of updated asset objects reloaded before import = 0Number of asset objects unloaded after import = 3

========================================================================
Received Import Request.
  Time since last request: 0.000032 seconds.
  path: Assets/02_Sprites/ItemIcon/Staff/38.png
  artifactKey: Guid(e736c38eca20fa14c820190446713843) Importer(2089858483,0ecaa5967403d082aa24f35e1b516d23)
Start importing Assets/02_Sprites/ItemIcon/Staff/38.png using Guid(e736c38eca20fa14c820190446713843) Importer(2089858483,0ecaa5967403d082aa24f35e1b516d23) (ScriptedImporter) -> (artifact id: '4b4b7676c7719ae1c1272ef0b7df420e') in 0.0809851 seconds
Number of updated asset objects reloaded before import = 0Number of asset objects unloaded after import = 3

========================================================================
Received Import Request.
  Time since last request: 0.000117 seconds.
  path: Assets/02_Sprites/ItemIcon/Staff/43.png
  artifactKey: Guid(a2782c8211a08334ea3115edcdb61fd1) Importer(2089858483,0ecaa5967403d082aa24f35e1b516d23)
Start importing Assets/02_Sprites/ItemIcon/Staff/43.png using Guid(a2782c8211a08334ea3115edcdb61fd1) Importer(2089858483,0ecaa5967403d082aa24f35e1b516d23) (ScriptedImporter) -> (artifact id: 'b102a54c034a961cd9ca0e4ccd954d96') in 0.0951296 seconds
Number of updated asset objects reloaded before import = 0Number of asset objects unloaded after import = 3

========================================================================
Received Import Request.
  Time since last request: 0.000028 seconds.
  path: Assets/02_Sprites/ItemIcon/Staff/15.png
  artifactKey: Guid(d6c3659b845b89d419dd109ffd014923) Importer(2089858483,0ecaa5967403d082aa24f35e1b516d23)
Start importing Assets/02_Sprites/ItemIcon/Staff/15.png using Guid(d6c3659b845b89d419dd109ffd014923) Importer(2089858483,0ecaa5967403d082aa24f35e1b516d23) (ScriptedImporter) -> (artifact id: 'd98740351132b2ca1833fe97bc7e9f14') in 0.0927014 seconds
Number of updated asset objects reloaded before import = 0Number of asset objects unloaded after import = 3

========================================================================
Received Import Request.
  Time since last request: 0.000051 seconds.
  path: Assets/02_Sprites/ItemIcon/Staff/1.png
  artifactKey: Guid(b9afce5f1ef891e40ab10a206f2f771f) Importer(2089858483,0ecaa5967403d082aa24f35e1b516d23)
Start importing Assets/02_Sprites/ItemIcon/Staff/1.png using Guid(b9afce5f1ef891e40ab10a206f2f771f) Importer(2089858483,0ecaa5967403d082aa24f35e1b516d23) (ScriptedImporter) -> (artifact id: '56de9c100b047e75e6c63fad48ca6b9c') in 0.1121837 seconds
Number of updated asset objects reloaded before import = 0Number of asset objects unloaded after import = 3

========================================================================
Received Import Request.
  Time since last request: 0.000036 seconds.
  path: Assets/02_Sprites/ItemIcon/Staff/30.png
  artifactKey: Guid(e1bdd6edfaff51b4e83eaef6a6ba52b4) Importer(2089858483,0ecaa5967403d082aa24f35e1b516d23)
Start importing Assets/02_Sprites/ItemIcon/Staff/30.png using Guid(e1bdd6edfaff51b4e83eaef6a6ba52b4) Importer(2089858483,0ecaa5967403d082aa24f35e1b516d23) (ScriptedImporter) -> (artifact id: 'b136d34b6b9af17c218fbed538d16f59') in 0.1007637 seconds
Number of updated asset objects reloaded before import = 0Number of asset objects unloaded after import = 3

========================================================================
Received Import Request.
  Time since last request: 0.000031 seconds.
  path: Assets/02_Sprites/ItemIcon/Staff/2.png
  artifactKey: Guid(6ddb15dcc7edc4e46abfdb3f9bf0a375) Importer(2089858483,0ecaa5967403d082aa24f35e1b516d23)
Start importing Assets/02_Sprites/ItemIcon/Staff/2.png using Guid(6ddb15dcc7edc4e46abfdb3f9bf0a375) Importer(2089858483,0ecaa5967403d082aa24f35e1b516d23) (ScriptedImporter) -> (artifact id: '3cca5be1b05c5ee3a005fdfec215e38e') in 0.0683609 seconds
Number of updated asset objects reloaded before import = 0Number of asset objects unloaded after import = 3

========================================================================
Received Import Request.
  Time since last request: 0.000027 seconds.
  path: Assets/02_Sprites/ItemIcon/Staff/31.png
  artifactKey: Guid(ea9ce0ad5ebeee04f8e0418faf94607c) Importer(2089858483,0ecaa5967403d082aa24f35e1b516d23)
Start importing Assets/02_Sprites/ItemIcon/Staff/31.png using Guid(ea9ce0ad5ebeee04f8e0418faf94607c) Importer(2089858483,0ecaa5967403d082aa24f35e1b516d23) (ScriptedImporter) -> (artifact id: '267b5bb4dc9f17adf30dce54bcc03794') in 0.1189934 seconds
Number of updated asset objects reloaded before import = 0Number of asset objects unloaded after import = 3

========================================================================
Received Import Request.
  Time since last request: 0.000050 seconds.
  path: Assets/02_Sprites/ItemIcon/Staff/27.png
  artifactKey: Guid(5657341b803c535449e2ff87aaa5e9c7) Importer(2089858483,0ecaa5967403d082aa24f35e1b516d23)
Start importing Assets/02_Sprites/ItemIcon/Staff/27.png using Guid(5657341b803c535449e2ff87aaa5e9c7) Importer(2089858483,0ecaa5967403d082aa24f35e1b516d23) (ScriptedImporter) -> (artifact id: '721ea48abcdebb9aa7202edd6fff09c3') in 0.1510609 seconds
Number of updated asset objects reloaded before import = 0Number of asset objects unloaded after import = 3

========================================================================
Received Import Request.
  Time since last request: 0.000116 seconds.
  path: Assets/02_Sprites/ItemIcon/Staff/18.png
  artifactKey: Guid(1a148921b94cdec47b26b799035e4fb0) Importer(2089858483,0ecaa5967403d082aa24f35e1b516d23)
Start importing Assets/02_Sprites/ItemIcon/Staff/18.png using Guid(1a148921b94cdec47b26b799035e4fb0) Importer(2089858483,0ecaa5967403d082aa24f35e1b516d23) (ScriptedImporter) -> (artifact id: '325b283ef285e2f3714e4b6f0fadede2') in 0.1089311 seconds
Number of updated asset objects reloaded before import = 0Number of asset objects unloaded after import = 3

========================================================================
Received Import Request.
  Time since last request: 0.000034 seconds.
  path: Assets/02_Sprites/ItemIcon/Staff/50.png
  artifactKey: Guid(951a143404bf83c42a708cced0e5c0f7) Importer(2089858483,0ecaa5967403d082aa24f35e1b516d23)
Start importing Assets/02_Sprites/ItemIcon/Staff/50.png using Guid(951a143404bf83c42a708cced0e5c0f7) Importer(2089858483,0ecaa5967403d082aa24f35e1b516d23) (ScriptedImporter) -> (artifact id: '124842935e7188a13c8976fcfa786e01') in 0.156537 seconds
Number of updated asset objects reloaded before import = 0Number of asset objects unloaded after import = 3

========================================================================
Received Import Request.
  Time since last request: 0.000033 seconds.
  path: Assets/02_Sprites/ItemIcon/Staff/48.png
  artifactKey: Guid(bd8c051fe9856b64a8cc14fd050055f9) Importer(2089858483,0ecaa5967403d082aa24f35e1b516d23)
Start importing Assets/02_Sprites/ItemIcon/Staff/48.png using Guid(bd8c051fe9856b64a8cc14fd050055f9) Importer(2089858483,0ecaa5967403d082aa24f35e1b516d23) (ScriptedImporter) -> (artifact id: '549782c1626b53a9b2a623957cedd9e8') in 0.0946917 seconds
Number of updated asset objects reloaded before import = 0Number of asset objects unloaded after import = 3

========================================================================
Received Import Request.
  Time since last request: 0.000055 seconds.
  path: Assets/02_Sprites/ItemIcon/Rune/21.png
  artifactKey: Guid(43286608708e5f447968c809f4b0f939) Importer(2089858483,0ecaa5967403d082aa24f35e1b516d23)
Start importing Assets/02_Sprites/ItemIcon/Rune/21.png using Guid(43286608708e5f447968c809f4b0f939) Importer(2089858483,0ecaa5967403d082aa24f35e1b516d23) (ScriptedImporter) -> (artifact id: '42b1053cc2dab7eb719706b3cb5c672e') in 0.0736421 seconds
Number of updated asset objects reloaded before import = 0Number of asset objects unloaded after import = 3

========================================================================
Received Import Request.
  Time since last request: 0.000028 seconds.
  path: Assets/Editor Default Resources/MasterAudio/arrow_down.png
  artifactKey: Guid(36b8dedd93eefef4f84f95d748649395) Importer(2089858483,0ecaa5967403d082aa24f35e1b516d23)
Start importing Assets/Editor Default Resources/MasterAudio/arrow_down.png using Guid(36b8dedd93eefef4f84f95d748649395) Importer(2089858483,0ecaa5967403d082aa24f35e1b516d23) (ScriptedImporter) -> (artifact id: '463b3a5744bb930d8395527a7ebcda5b') in 0.0810308 seconds
Number of updated asset objects reloaded before import = 0Number of asset objects unloaded after import = 1

========================================================================
Received Import Request.
  Time since last request: 0.000021 seconds.
  path: Assets/02_Sprites/ItemIcon/Armor/22.png
  artifactKey: Guid(bc1dd965eb9a559459801b3b025282c5) Importer(2089858483,0ecaa5967403d082aa24f35e1b516d23)
Start importing Assets/02_Sprites/ItemIcon/Armor/22.png using Guid(bc1dd965eb9a559459801b3b025282c5) Importer(2089858483,0ecaa5967403d082aa24f35e1b516d23) (ScriptedImporter) -> (artifact id: '6c1cf78ed709b5876cfbac889d4b9a03') in 0.0891466 seconds
Number of updated asset objects reloaded before import = 0Number of asset objects unloaded after import = 3

========================================================================
Received Import Request.
  Time since last request: 0.000033 seconds.
  path: Assets/02_Sprites/ItemIcon/Jewelry/25.png
  artifactKey: Guid(b581c02499e167f4a94c1243ddbd0d33) Importer(2089858483,0ecaa5967403d082aa24f35e1b516d23)
Start importing Assets/02_Sprites/ItemIcon/Jewelry/25.png using Guid(b581c02499e167f4a94c1243ddbd0d33) Importer(2089858483,0ecaa5967403d082aa24f35e1b516d23) (ScriptedImporter) -> (artifact id: '84dee4db2d3e755f1a3d6a0d27c8aefd') in 0.0925733 seconds
Number of updated asset objects reloaded before import = 0Number of asset objects unloaded after import = 3

========================================================================
Received Import Request.
  Time since last request: 0.000040 seconds.
  path: Assets/02_Sprites/ItemIcon/MagicStone/MS001.png
  artifactKey: Guid(b5d83f206ffaa2449964a9fbccf80ea1) Importer(2089858483,0ecaa5967403d082aa24f35e1b516d23)
Start importing Assets/02_Sprites/ItemIcon/MagicStone/MS001.png using Guid(b5d83f206ffaa2449964a9fbccf80ea1) Importer(2089858483,0ecaa5967403d082aa24f35e1b516d23) (ScriptedImporter) -> (artifact id: '2894276dc6383a0c72da17cab0dbdc10') in 0.0976792 seconds
Number of updated asset objects reloaded before import = 0Number of asset objects unloaded after import = 3

========================================================================
Received Import Request.
  Time since last request: 0.000033 seconds.
  path: Assets/02_Sprites/ItemIcon/Staff/20.png
  artifactKey: Guid(beec33d01fe2bde479398c8cf43a965b) Importer(2089858483,0ecaa5967403d082aa24f35e1b516d23)
Start importing Assets/02_Sprites/ItemIcon/Staff/20.png using Guid(beec33d01fe2bde479398c8cf43a965b) Importer(2089858483,0ecaa5967403d082aa24f35e1b516d23) (ScriptedImporter) -> (artifact id: '7e908ea829ee13c05c078f924e1e265a') in 0.074564 seconds
Number of updated asset objects reloaded before import = 0Number of asset objects unloaded after import = 3

========================================================================
Received Import Request.
  Time since last request: 0.000046 seconds.
  path: Assets/02_Sprites/ItemIcon/Jewelry/28.png
  artifactKey: Guid(2b05a38bda1f93e43ad2be856f8d5c59) Importer(2089858483,0ecaa5967403d082aa24f35e1b516d23)
Start importing Assets/02_Sprites/ItemIcon/Jewelry/28.png using Guid(2b05a38bda1f93e43ad2be856f8d5c59) Importer(2089858483,0ecaa5967403d082aa24f35e1b516d23) (ScriptedImporter) -> (artifact id: 'bde615e79d657755de6ce0c106c7255b') in 0.0783928 seconds
Number of updated asset objects reloaded before import = 0Number of asset objects unloaded after import = 3

========================================================================
Received Import Request.
  Time since last request: 0.000032 seconds.
  path: Assets/02_Sprites/ItemIcon/Staff/33.png
  artifactKey: Guid(af92e90fae98af94a8e5ab8c3a4fe2c9) Importer(2089858483,0ecaa5967403d082aa24f35e1b516d23)
Start importing Assets/02_Sprites/ItemIcon/Staff/33.png using Guid(af92e90fae98af94a8e5ab8c3a4fe2c9) Importer(2089858483,0ecaa5967403d082aa24f35e1b516d23) (ScriptedImporter) -> (artifact id: '18a091e5b8e97f24e7cf8f9afc4e5fa2') in 0.1310392 seconds
Number of updated asset objects reloaded before import = 0Number of asset objects unloaded after import = 3

========================================================================
Received Import Request.
  Time since last request: 0.000062 seconds.
  path: Assets/02_Sprites/ItemIcon/Jewelry/6.png
  artifactKey: Guid(e0ee5dc3e16618b478e1ffca7a0b9d70) Importer(2089858483,0ecaa5967403d082aa24f35e1b516d23)
Start importing Assets/02_Sprites/ItemIcon/Jewelry/6.png using Guid(e0ee5dc3e16618b478e1ffca7a0b9d70) Importer(2089858483,0ecaa5967403d082aa24f35e1b516d23) (ScriptedImporter) -> (artifact id: '725116797123fa22a62e8dac2a03edf9') in 0.1175386 seconds
Number of updated asset objects reloaded before import = 0Number of asset objects unloaded after import = 3

========================================================================
Received Import Request.
  Time since last request: 0.000018 seconds.
  path: Assets/02_Sprites/ItemIcon/MagicStone/MS002.png
  artifactKey: Guid(33006a2a6230c824baa5efa95f0c1f7d) Importer(2089858483,0ecaa5967403d082aa24f35e1b516d23)
Start importing Assets/02_Sprites/ItemIcon/MagicStone/MS002.png using Guid(33006a2a6230c824baa5efa95f0c1f7d) Importer(2089858483,0ecaa5967403d082aa24f35e1b516d23) (ScriptedImporter) -> (artifact id: '2f05bcfaaa239f85da6eca4abe9935d4') in 0.0798791 seconds
Number of updated asset objects reloaded before import = 0Number of asset objects unloaded after import = 3

========================================================================
Received Import Request.
  Time since last request: 0.000022 seconds.
  path: Assets/02_Sprites/ItemIcon/Rune/28.png
  artifactKey: Guid(3759945f0ae713645a9d25384b729351) Importer(2089858483,0ecaa5967403d082aa24f35e1b516d23)
Start importing Assets/02_Sprites/ItemIcon/Rune/28.png using Guid(3759945f0ae713645a9d25384b729351) Importer(2089858483,0ecaa5967403d082aa24f35e1b516d23) (ScriptedImporter) -> (artifact id: '11e3e9e563a8c6132182d0d90c3233a7') in 0.0882431 seconds
Number of updated asset objects reloaded before import = 0Number of asset objects unloaded after import = 3

========================================================================
Received Import Request.
  Time since last request: 0.000037 seconds.
  path: Assets/02_Sprites/ItemIcon/Staff/14.png
  artifactKey: Guid(bb9257792c1e0c04a8099eb4352e07df) Importer(2089858483,0ecaa5967403d082aa24f35e1b516d23)
Start importing Assets/02_Sprites/ItemIcon/Staff/14.png using Guid(bb9257792c1e0c04a8099eb4352e07df) Importer(2089858483,0ecaa5967403d082aa24f35e1b516d23) (ScriptedImporter) -> (artifact id: '96b9f82ff6ce1b7bcdc7b91e0aae8ef1') in 0.0675626 seconds
Number of updated asset objects reloaded before import = 0Number of asset objects unloaded after import = 3

========================================================================
Received Import Request.
  Time since last request: 0.000030 seconds.
  path: Assets/TextMesh Pro/Shaders/TMP_SDF-HDRP UNLIT.shadergraph
  artifactKey: Guid(f63d574838ccfb44f84acc05fed0af48) Importer(2089858483,0ecaa5967403d082aa24f35e1b516d23)
Start importing Assets/TextMesh Pro/Shaders/TMP_SDF-HDRP UNLIT.shadergraph using Guid(f63d574838ccfb44f84acc05fed0af48) Importer(2089858483,0ecaa5967403d082aa24f35e1b516d23) (ScriptedImporter) -> (artifact id: 'c0e9a793e09bc6e1f9380b15812032b3') in 0.0626807 seconds
Number of updated asset objects reloaded before import = 0Number of asset objects unloaded after import = 4

========================================================================
Received Import Request.
  Time since last request: 0.000549 seconds.
  path: Assets/Editor Default Resources/MasterAudio/speakerIcon.png
  artifactKey: Guid(60c1aef6e42a1a74686d4fef01f424fc) Importer(2089858483,0ecaa5967403d082aa24f35e1b516d23)
Start importing Assets/Editor Default Resources/MasterAudio/speakerIcon.png using Guid(60c1aef6e42a1a74686d4fef01f424fc) Importer(2089858483,0ecaa5967403d082aa24f35e1b516d23) (ScriptedImporter) -> (artifact id: '5da676a2a86456c83cd5ad64c50cc6df') in 0.0822968 seconds
Number of updated asset objects reloaded before import = 0Number of asset objects unloaded after import = 1

========================================================================
Received Import Request.
  Time since last request: 0.000022 seconds.
  path: Assets/02_Sprites/ItemIcon/Jewelry/48.png
  artifactKey: Guid(300a087cc29c39b4fbb7e6544703253c) Importer(2089858483,0ecaa5967403d082aa24f35e1b516d23)
Start importing Assets/02_Sprites/ItemIcon/Jewelry/48.png using Guid(300a087cc29c39b4fbb7e6544703253c) Importer(2089858483,0ecaa5967403d082aa24f35e1b516d23) (ScriptedImporter) -> (artifact id: 'f643fce0f5044520db66205ed80973e3') in 0.072818 seconds
Number of updated asset objects reloaded before import = 0Number of asset objects unloaded after import = 3

========================================================================
Received Import Request.
  Time since last request: 0.000117 seconds.
  path: Assets/02_Sprites/ItemIcon/Sword/23.png
  artifactKey: Guid(7adffa0e7eded194db58847cdeaa19b6) Importer(2089858483,0ecaa5967403d082aa24f35e1b516d23)
Start importing Assets/02_Sprites/ItemIcon/Sword/23.png using Guid(7adffa0e7eded194db58847cdeaa19b6) Importer(2089858483,0ecaa5967403d082aa24f35e1b516d23) (ScriptedImporter) -> (artifact id: 'c61ae6bc126b8267cd89dd130029c015') in 0.0985785 seconds
Number of updated asset objects reloaded before import = 0Number of asset objects unloaded after import = 3

========================================================================
Received Import Request.
  Time since last request: 0.000027 seconds.
  path: Assets/02_Sprites/ItemIcon/Sword/41.png
  artifactKey: Guid(9a9881767e1990c42ac6b5a8b3162df0) Importer(2089858483,0ecaa5967403d082aa24f35e1b516d23)
Start importing Assets/02_Sprites/ItemIcon/Sword/41.png using Guid(9a9881767e1990c42ac6b5a8b3162df0) Importer(2089858483,0ecaa5967403d082aa24f35e1b516d23) (ScriptedImporter) -> (artifact id: '3d5d77257d0f29da08d6a3db7f2e0214') in 0.103345 seconds
Number of updated asset objects reloaded before import = 0Number of asset objects unloaded after import = 3

========================================================================
Received Import Request.
  Time since last request: 0.002393 seconds.
  path: Assets/02_Sprites/ItemIcon/Weapon/W002.png
  artifactKey: Guid(a77b05dcf7228a74081fbddc0a4975e0) Importer(2089858483,0ecaa5967403d082aa24f35e1b516d23)
Start importing Assets/02_Sprites/ItemIcon/Weapon/W002.png using Guid(a77b05dcf7228a74081fbddc0a4975e0) Importer(2089858483,0ecaa5967403d082aa24f35e1b516d23) (ScriptedImporter) -> (artifact id: '038c58b0a0c7696f64f10bf750942745') in 0.1200968 seconds
Number of updated asset objects reloaded before import = 0Number of asset objects unloaded after import = 3

========================================================================
Received Import Request.
  Time since last request: 0.008476 seconds.
  path: Assets/02_Sprites/ItemIcon/Sword/44.png
  artifactKey: Guid(753d35a6f797f5d4f862fbcb3e26b5de) Importer(2089858483,0ecaa5967403d082aa24f35e1b516d23)
Start importing Assets/02_Sprites/ItemIcon/Sword/44.png using Guid(753d35a6f797f5d4f862fbcb3e26b5de) Importer(2089858483,0ecaa5967403d082aa24f35e1b516d23) (ScriptedImporter) -> (artifact id: '5a6c4b617cd19ea128790c285d8887c6') in 0.1632759 seconds
Number of updated asset objects reloaded before import = 0Number of asset objects unloaded after import = 3

========================================================================
Received Import Request.
  Time since last request: 0.000319 seconds.
  path: Assets/02_Sprites/ItemIcon/Sword/15.png
  artifactKey: Guid(de699dcbbe3292342a89cad014110554) Importer(2089858483,0ecaa5967403d082aa24f35e1b516d23)
Start importing Assets/02_Sprites/ItemIcon/Sword/15.png using Guid(de699dcbbe3292342a89cad014110554) Importer(2089858483,0ecaa5967403d082aa24f35e1b516d23) (ScriptedImporter) -> (artifact id: 'b9572ea2c7e083c014914ea95688a0a8') in 0.1009193 seconds
Number of updated asset objects reloaded before import = 0Number of asset objects unloaded after import = 3

========================================================================
Received Import Request.
  Time since last request: 0.000029 seconds.
  path: Assets/02_Sprites/ItemIcon/Sword/39.png
  artifactKey: Guid(2e3946014f4f63e41867f55db9748846) Importer(2089858483,0ecaa5967403d082aa24f35e1b516d23)
Start importing Assets/02_Sprites/ItemIcon/Sword/39.png using Guid(2e3946014f4f63e41867f55db9748846) Importer(2089858483,0ecaa5967403d082aa24f35e1b516d23) (ScriptedImporter) -> (artifact id: '7f80d0ca1c736518d61955f89f5ad6b8') in 0.1053253 seconds
Number of updated asset objects reloaded before import = 0Number of asset objects unloaded after import = 3

========================================================================
Received Import Request.
  Time since last request: 0.000029 seconds.
  path: Assets/02_Sprites/ItemIcon/Sword/34.png
  artifactKey: Guid(754b44d2eff5f3b459a31d40fa459bd5) Importer(2089858483,0ecaa5967403d082aa24f35e1b516d23)
Start importing Assets/02_Sprites/ItemIcon/Sword/34.png using Guid(754b44d2eff5f3b459a31d40fa459bd5) Importer(2089858483,0ecaa5967403d082aa24f35e1b516d23) (ScriptedImporter) -> (artifact id: 'a5c7289608303ca30de9631cb94a2186') in 0.0829923 seconds
Number of updated asset objects reloaded before import = 0Number of asset objects unloaded after import = 3

========================================================================
Received Import Request.
  Time since last request: 0.000017 seconds.
  path: Assets/02_Sprites/ItemIcon/Sword/20.png
  artifactKey: Guid(10b95dbd0c1773b498f87da312fc1019) Importer(2089858483,0ecaa5967403d082aa24f35e1b516d23)
Start importing Assets/02_Sprites/ItemIcon/Sword/20.png using Guid(10b95dbd0c1773b498f87da312fc1019) Importer(2089858483,0ecaa5967403d082aa24f35e1b516d23) (ScriptedImporter) -> (artifact id: '27014acb2838f8debde4061b595e6972') in 0.0886251 seconds
Number of updated asset objects reloaded before import = 0Number of asset objects unloaded after import = 3

========================================================================
Received Import Request.
  Time since last request: 0.000027 seconds.
  path: Assets/02_Sprites/ItemIcon/Sword/22.png
  artifactKey: Guid(7aafefc481ce33048bf5aa133d61fb8d) Importer(2089858483,0ecaa5967403d082aa24f35e1b516d23)
Start importing Assets/02_Sprites/ItemIcon/Sword/22.png using Guid(7aafefc481ce33048bf5aa133d61fb8d) Importer(2089858483,0ecaa5967403d082aa24f35e1b516d23) (ScriptedImporter) -> (artifact id: 'df942a746186814f7a3f1bc2f9844bae') in 0.0691479 seconds
Number of updated asset objects reloaded before import = 0Number of asset objects unloaded after import = 3

========================================================================
Received Import Request.
  Time since last request: 0.000023 seconds.
  path: Assets/02_Sprites/ItemIcon/Sword/40.png
  artifactKey: Guid(7137c20b5b3cb1b4aab9b1ee14089160) Importer(2089858483,0ecaa5967403d082aa24f35e1b516d23)
Start importing Assets/02_Sprites/ItemIcon/Sword/40.png using Guid(7137c20b5b3cb1b4aab9b1ee14089160) Importer(2089858483,0ecaa5967403d082aa24f35e1b516d23) (ScriptedImporter) -> (artifact id: '22fe6b485b5354d4564ff2ae60375393') in 0.1005672 seconds
Number of updated asset objects reloaded before import = 0Number of asset objects unloaded after import = 3

========================================================================
Received Import Request.
  Time since last request: 0.000054 seconds.
  path: Assets/02_Sprites/ItemIcon/Sword/50.png
  artifactKey: Guid(6b20a7c7eeedb1d4eafb86dcf173084a) Importer(2089858483,0ecaa5967403d082aa24f35e1b516d23)
Start importing Assets/02_Sprites/ItemIcon/Sword/50.png using Guid(6b20a7c7eeedb1d4eafb86dcf173084a) Importer(2089858483,0ecaa5967403d082aa24f35e1b516d23) (ScriptedImporter) -> (artifact id: '786cf90b6789ea2c9577dd59888deb88') in 0.0758232 seconds
Number of updated asset objects reloaded before import = 0Number of asset objects unloaded after import = 3

========================================================================
Received Import Request.
  Time since last request: 0.000025 seconds.
  path: Assets/02_Sprites/ItemIcon/Sword/26.png
  artifactKey: Guid(0d3b5c083f9115c429514cb0c6171a21) Importer(2089858483,0ecaa5967403d082aa24f35e1b516d23)
Start importing Assets/02_Sprites/ItemIcon/Sword/26.png using Guid(0d3b5c083f9115c429514cb0c6171a21) Importer(2089858483,0ecaa5967403d082aa24f35e1b516d23) (ScriptedImporter) -> (artifact id: 'ea1f28c35e2d1b63b3034c630fe266ae') in 0.0759779 seconds
Number of updated asset objects reloaded before import = 0Number of asset objects unloaded after import = 3

========================================================================
Received Import Request.
  Time since last request: 0.000029 seconds.
  path: Assets/02_Sprites/ItemIcon/Weapon/W007.png
  artifactKey: Guid(6e65ba7b91e2d524da3ebc7506333d99) Importer(2089858483,0ecaa5967403d082aa24f35e1b516d23)
Start importing Assets/02_Sprites/ItemIcon/Weapon/W007.png using Guid(6e65ba7b91e2d524da3ebc7506333d99) Importer(2089858483,0ecaa5967403d082aa24f35e1b516d23) (ScriptedImporter) -> (artifact id: '95311f640bc3f7f5871a034530253425') in 0.1001169 seconds
Number of updated asset objects reloaded before import = 0Number of asset objects unloaded after import = 3

========================================================================
Received Import Request.
  Time since last request: 0.000035 seconds.
  path: Assets/02_Sprites/ItemIcon/Weapon/W006.png
  artifactKey: Guid(c063924d2a52d7a4392ecdbd1031ff98) Importer(2089858483,0ecaa5967403d082aa24f35e1b516d23)
Start importing Assets/02_Sprites/ItemIcon/Weapon/W006.png using Guid(c063924d2a52d7a4392ecdbd1031ff98) Importer(2089858483,0ecaa5967403d082aa24f35e1b516d23) (ScriptedImporter) -> (artifact id: 'ccb08c134bd16dc9f5c6f98744d2275c') in 0.1456065 seconds
Number of updated asset objects reloaded before import = 0Number of asset objects unloaded after import = 3

========================================================================
Received Import Request.
  Time since last request: 0.001960 seconds.
  path: Assets/02_Sprites/ItemIcon/Sword/7.png
  artifactKey: Guid(3d8239a003b997b4c8890bfd809389ae) Importer(2089858483,0ecaa5967403d082aa24f35e1b516d23)
Start importing Assets/02_Sprites/ItemIcon/Sword/7.png using Guid(3d8239a003b997b4c8890bfd809389ae) Importer(2089858483,0ecaa5967403d082aa24f35e1b516d23) (ScriptedImporter) -> (artifact id: '026562d4749387d40ed4dc9c72b56108') in 0.243339 seconds
Number of updated asset objects reloaded before import = 0Number of asset objects unloaded after import = 3

========================================================================
Received Import Request.
  Time since last request: 0.000033 seconds.
  path: Assets/02_Sprites/ItemIcon/Sword/19.png
  artifactKey: Guid(f126aad5766a93344b752dd0e48dbdf7) Importer(2089858483,0ecaa5967403d082aa24f35e1b516d23)
Start importing Assets/02_Sprites/ItemIcon/Sword/19.png using Guid(f126aad5766a93344b752dd0e48dbdf7) Importer(2089858483,0ecaa5967403d082aa24f35e1b516d23) (ScriptedImporter) -> (artifact id: '30396d57d48ae63c7c56784c2926412c') in 0.0881983 seconds
Number of updated asset objects reloaded before import = 0Number of asset objects unloaded after import = 3

========================================================================
Received Import Request.
  Time since last request: 0.000034 seconds.
  path: Assets/02_Sprites/ItemIcon/Sword/16.png
  artifactKey: Guid(9628f8dfd9607fb4ea0c40f8d67569cb) Importer(2089858483,0ecaa5967403d082aa24f35e1b516d23)
Start importing Assets/02_Sprites/ItemIcon/Sword/16.png using Guid(9628f8dfd9607fb4ea0c40f8d67569cb) Importer(2089858483,0ecaa5967403d082aa24f35e1b516d23) (ScriptedImporter) -> (artifact id: 'dc3f17699f08ec6d46317414b611641a') in 0.0571865 seconds
Number of updated asset objects reloaded before import = 0Number of asset objects unloaded after import = 3

========================================================================
Received Import Request.
  Time since last request: 0.000128 seconds.
  path: Assets/02_Sprites/ItemIcon/Sword/13.png
  artifactKey: Guid(ef03413844487d4408e66f6cf2d22d08) Importer(2089858483,0ecaa5967403d082aa24f35e1b516d23)
Start importing Assets/02_Sprites/ItemIcon/Sword/13.png using Guid(ef03413844487d4408e66f6cf2d22d08) Importer(2089858483,0ecaa5967403d082aa24f35e1b516d23) (ScriptedImporter) -> (artifact id: '2203649d595fbb2a1f42781dbdc500be') in 0.0609383 seconds
Number of updated asset objects reloaded before import = 0Number of asset objects unloaded after import = 3

========================================================================
Received Import Request.
  Time since last request: 0.000021 seconds.
  path: Assets/02_Sprites/ItemIcon/Sword/24.png
  artifactKey: Guid(4efbd43f81d41c3428956bb3e0377082) Importer(2089858483,0ecaa5967403d082aa24f35e1b516d23)
Start importing Assets/02_Sprites/ItemIcon/Sword/24.png using Guid(4efbd43f81d41c3428956bb3e0377082) Importer(2089858483,0ecaa5967403d082aa24f35e1b516d23) (ScriptedImporter) -> (artifact id: '8fcf8c0ca2ce3d7accf0324c8af787d2') in 0.218135 seconds
Number of updated asset objects reloaded before import = 0Number of asset objects unloaded after import = 3

========================================================================
Received Import Request.
  Time since last request: 0.000034 seconds.
  path: Assets/02_Sprites/ItemIcon/Sword/28.png
  artifactKey: Guid(5292ab61bb80846459bc823798828aeb) Importer(2089858483,0ecaa5967403d082aa24f35e1b516d23)
Start importing Assets/02_Sprites/ItemIcon/Sword/28.png using Guid(5292ab61bb80846459bc823798828aeb) Importer(2089858483,0ecaa5967403d082aa24f35e1b516d23) (ScriptedImporter) -> (artifact id: '6812a81b6e85551828a60d88126156db') in 0.1909238 seconds
Number of updated asset objects reloaded before import = 0Number of asset objects unloaded after import = 3

========================================================================
Received Import Request.
  Time since last request: 0.000038 seconds.
  path: Assets/02_Sprites/ItemIcon/Sword/2.png
  artifactKey: Guid(06a0204ace4d0bb4f9b83fccbf86e4e8) Importer(2089858483,0ecaa5967403d082aa24f35e1b516d23)
Start importing Assets/02_Sprites/ItemIcon/Sword/2.png using Guid(06a0204ace4d0bb4f9b83fccbf86e4e8) Importer(2089858483,0ecaa5967403d082aa24f35e1b516d23) (ScriptedImporter) -> (artifact id: '2192b4e17a2a2ff3996889cd6de6b45e') in 0.1550374 seconds
Number of updated asset objects reloaded before import = 0Number of asset objects unloaded after import = 3

========================================================================
Received Import Request.
  Time since last request: 0.028571 seconds.
  path: Assets/02_Sprites/ItemIcon/Sword/45.png
  artifactKey: Guid(168d4fb73a1b4e54595d23ea66f3d4c0) Importer(2089858483,0ecaa5967403d082aa24f35e1b516d23)
Start importing Assets/02_Sprites/ItemIcon/Sword/45.png using Guid(168d4fb73a1b4e54595d23ea66f3d4c0) Importer(2089858483,0ecaa5967403d082aa24f35e1b516d23) (ScriptedImporter) -> (artifact id: '9c62690b0d0180c3610329865cb984a1') in 0.2179471 seconds
Number of updated asset objects reloaded before import = 0Number of asset objects unloaded after import = 3

========================================================================
Received Import Request.
  Time since last request: 0.000100 seconds.
  path: Assets/02_Sprites/ItemIcon/Sword/29.png
  artifactKey: Guid(ee0587b70786b3f428bb4b122215ca3f) Importer(2089858483,0ecaa5967403d082aa24f35e1b516d23)
Start importing Assets/02_Sprites/ItemIcon/Sword/29.png using Guid(ee0587b70786b3f428bb4b122215ca3f) Importer(2089858483,0ecaa5967403d082aa24f35e1b516d23) (ScriptedImporter) -> (artifact id: '78e705f2321b811844ca235f9f606e68') in 0.273212 seconds
Number of updated asset objects reloaded before import = 0Number of asset objects unloaded after import = 3

========================================================================
Received Import Request.
  Time since last request: 0.000369 seconds.
  path: Assets/02_Sprites/SkillIcon/Range/Bomb.png
  artifactKey: Guid(6ab55a52dab44f5449e707f54d2fcc5e) Importer(2089858483,0ecaa5967403d082aa24f35e1b516d23)
Start importing Assets/02_Sprites/SkillIcon/Range/Bomb.png using Guid(6ab55a52dab44f5449e707f54d2fcc5e) Importer(2089858483,0ecaa5967403d082aa24f35e1b516d23) (ScriptedImporter) -> (artifact id: 'aa153136893c36610e60c695a4161e47') in 0.080691 seconds
Number of updated asset objects reloaded before import = 0Number of asset objects unloaded after import = 3

========================================================================
Received Import Request.
  Time since last request: 0.000032 seconds.
  path: Assets/02_Sprites/SkillIcon/Buff/APUp.png
  artifactKey: Guid(fffa54db0387b404f8fb943838c751cd) Importer(2089858483,0ecaa5967403d082aa24f35e1b516d23)
Start importing Assets/02_Sprites/SkillIcon/Buff/APUp.png using Guid(fffa54db0387b404f8fb943838c751cd) Importer(2089858483,0ecaa5967403d082aa24f35e1b516d23) (ScriptedImporter) -> (artifact id: '383c49ad8b6e47b62eb51f7f59f3bc3b') in 0.1389056 seconds
Number of updated asset objects reloaded before import = 0Number of asset objects unloaded after import = 3

========================================================================
Received Import Request.
  Time since last request: 0.000248 seconds.
  path: Assets/03_Prefabs/Effect Prefabs/CommonEffect/CardEffect.prefab
  artifactKey: Guid(8ac05725eb38086469705b76929eb709) Importer(2089858483,0ecaa5967403d082aa24f35e1b516d23)
Start importing Assets/03_Prefabs/Effect Prefabs/CommonEffect/CardEffect.prefab using Guid(8ac05725eb38086469705b76929eb709) Importer(2089858483,0ecaa5967403d082aa24f35e1b516d23) (ScriptedImporter) -> (artifact id: '4f3f0770a754ff218dfe6b09e56c0678') in 0.0775912 seconds
Number of updated asset objects reloaded before import = 0Number of asset objects unloaded after import = 22

========================================================================
Received Import Request.
  Time since last request: 0.000020 seconds.
  path: Assets/02_Sprites/SkillIcon/Melee/Sting.png
  artifactKey: Guid(eb68721322022054ca7701cbf06f472a) Importer(2089858483,0ecaa5967403d082aa24f35e1b516d23)
Start importing Assets/02_Sprites/SkillIcon/Melee/Sting.png using Guid(eb68721322022054ca7701cbf06f472a) Importer(2089858483,0ecaa5967403d082aa24f35e1b516d23) (ScriptedImporter) -> (artifact id: '9c26933e353407d65ae77d19f148ca97') in 0.0345438 seconds
Number of updated asset objects reloaded before import = 0Number of asset objects unloaded after import = 3

========================================================================
Received Import Request.
  Time since last request: 0.000028 seconds.
  path: Assets/02_Sprites/SkillIcon/MultiShot/SpearMultiShot.png
  artifactKey: Guid(d7dd5e66fd6b86349bd508039a34d46f) Importer(2089858483,0ecaa5967403d082aa24f35e1b516d23)
Start importing Assets/02_Sprites/SkillIcon/MultiShot/SpearMultiShot.png using Guid(d7dd5e66fd6b86349bd508039a34d46f) Importer(2089858483,0ecaa5967403d082aa24f35e1b516d23) (ScriptedImporter) -> (artifact id: '8a8b95dd8b2b65d8b8d24a553db16694') in 0.1024981 seconds
Number of updated asset objects reloaded before import = 0Number of asset objects unloaded after import = 3

========================================================================
Received Import Request.
  Time since last request: 0.000026 seconds.
  path: Assets/02_Sprites/SkillIcon/Debuff/BurnDamage.png
  artifactKey: Guid(cf42bbf30dc6ed24a9d260d79a987071) Importer(2089858483,0ecaa5967403d082aa24f35e1b516d23)
Start importing Assets/02_Sprites/SkillIcon/Debuff/BurnDamage.png using Guid(cf42bbf30dc6ed24a9d260d79a987071) Importer(2089858483,0ecaa5967403d082aa24f35e1b516d23) (ScriptedImporter) -> (artifact id: '98808746e99b388eafe6fc535f285e63') in 0.1056966 seconds
Number of updated asset objects reloaded before import = 0Number of asset objects unloaded after import = 3

========================================================================
Received Import Request.
  Time since last request: 0.000054 seconds.
  path: Assets/02_Sprites/ItemIcon/Weapon/W011.png
  artifactKey: Guid(6a0beb3679736f040b6f6467e4fa80eb) Importer(2089858483,0ecaa5967403d082aa24f35e1b516d23)
Start importing Assets/02_Sprites/ItemIcon/Weapon/W011.png using Guid(6a0beb3679736f040b6f6467e4fa80eb) Importer(2089858483,0ecaa5967403d082aa24f35e1b516d23) (ScriptedImporter) -> (artifact id: '05d7690afe90d557cb02f5a48c01f4f8') in 0.1176536 seconds
Number of updated asset objects reloaded before import = 0Number of asset objects unloaded after import = 3

========================================================================
Received Import Request.
  Time since last request: 0.000063 seconds.
  path: Assets/02_Sprites/uno_assets_2d/spritesheets/spritesheet_uno.png
  artifactKey: Guid(1c8dfa9ce8d210c418b713abc01c4c5d) Importer(2089858483,0ecaa5967403d082aa24f35e1b516d23)
Start importing Assets/02_Sprites/uno_assets_2d/spritesheets/spritesheet_uno.png using Guid(1c8dfa9ce8d210c418b713abc01c4c5d) Importer(2089858483,0ecaa5967403d082aa24f35e1b516d23) (ScriptedImporter) -> (artifact id: '02589edb1c125b4ceedc253c6ada51ef') in 0.2015483 seconds
Number of updated asset objects reloaded before import = 0Number of asset objects unloaded after import = 3

========================================================================
Received Import Request.
  Time since last request: 0.000036 seconds.
  path: Assets/03_Prefabs/Effect Prefabs/CommonEffect/Damaged.prefab
  artifactKey: Guid(c39a9fcba2149b743b7431d832df6ca1) Importer(2089858483,0ecaa5967403d082aa24f35e1b516d23)
Start importing Assets/03_Prefabs/Effect Prefabs/CommonEffect/Damaged.prefab using Guid(c39a9fcba2149b743b7431d832df6ca1) Importer(2089858483,0ecaa5967403d082aa24f35e1b516d23) (ScriptedImporter) -> (artifact id: '35341f70bd858a37f6f5858771bebb2f') in 1.761203 seconds
Number of updated asset objects reloaded before import = 0Number of asset objects unloaded after import = 32

========================================================================
Received Import Request.
  Time since last request: 0.000131 seconds.
  path: Assets/02_Sprites/SkillIcon/Debuff/ADDDown.png
  artifactKey: Guid(a5b00022900b51948996bd1e77a382a0) Importer(2089858483,0ecaa5967403d082aa24f35e1b516d23)
Start importing Assets/02_Sprites/SkillIcon/Debuff/ADDDown.png using Guid(a5b00022900b51948996bd1e77a382a0) Importer(2089858483,0ecaa5967403d082aa24f35e1b516d23) (ScriptedImporter) -> (artifact id: 'b0e3125cfa5b47326e5b03080d57caac') in 0.0726587 seconds
Number of updated asset objects reloaded before import = 0Number of asset objects unloaded after import = 3

========================================================================
Received Import Request.
  Time since last request: 0.000027 seconds.
  path: Assets/02_Sprites/SkillIcon/Melee/DoubleSlash.png
  artifactKey: Guid(2345b0619c339e84d8ca613448d09555) Importer(2089858483,0ecaa5967403d082aa24f35e1b516d23)
Start importing Assets/02_Sprites/SkillIcon/Melee/DoubleSlash.png using Guid(2345b0619c339e84d8ca613448d09555) Importer(2089858483,0ecaa5967403d082aa24f35e1b516d23) (ScriptedImporter) -> (artifact id: '4fd3cfaf48231f794975b7f6f36fb39f') in 0.0670187 seconds
Number of updated asset objects reloaded before import = 0Number of asset objects unloaded after import = 3

========================================================================
Received Import Request.
  Time since last request: 0.000020 seconds.
  path: Assets/02_Sprites/Monster Skill/Debuff/Acid.png
  artifactKey: Guid(5d33fb10e57814f4f9c492cddbb1bc1e) Importer(2089858483,0ecaa5967403d082aa24f35e1b516d23)
Start importing Assets/02_Sprites/Monster Skill/Debuff/Acid.png using Guid(5d33fb10e57814f4f9c492cddbb1bc1e) Importer(2089858483,0ecaa5967403d082aa24f35e1b516d23) (ScriptedImporter) -> (artifact id: 'cf4d821b3b071c90d9a55fc101d5efd4') in 0.0647741 seconds
Number of updated asset objects reloaded before import = 0Number of asset objects unloaded after import = 3

========================================================================
Received Import Request.
  Time since last request: 0.000032 seconds.
  path: Assets/03_Prefabs/Effect Prefabs/CommonEffect/Revive.prefab
  artifactKey: Guid(4c9ae1db9d39712488d704728457800b) Importer(2089858483,0ecaa5967403d082aa24f35e1b516d23)
Start importing Assets/03_Prefabs/Effect Prefabs/CommonEffect/Revive.prefab using Guid(4c9ae1db9d39712488d704728457800b) Importer(2089858483,0ecaa5967403d082aa24f35e1b516d23) (ScriptedImporter) -> (artifact id: '6a6e994889586d40a80075b20289650e') in 0.1647523 seconds
Number of updated asset objects reloaded before import = 0Number of asset objects unloaded after import = 19

========================================================================
Received Import Request.
  Time since last request: 0.000114 seconds.
  path: Assets/03_Prefabs/Monster/Boss/Monster_66_Scythe Ghost(Final).prefab
  artifactKey: Guid(3433a07b9d73d5743a174566e9d81c2a) Importer(2089858483,0ecaa5967403d082aa24f35e1b516d23)
Start importing Assets/03_Prefabs/Monster/Boss/Monster_66_Scythe Ghost(Final).prefab using Guid(3433a07b9d73d5743a174566e9d81c2a) Importer(2089858483,0ecaa5967403d082aa24f35e1b516d23) (ScriptedImporter) -> (artifact id: '0d547cb32cc4f47929e0f2cfd829c4c0') in 1.0746471 seconds
Number of updated asset objects reloaded before import = 0Number of asset objects unloaded after import = 485

========================================================================
Received Import Request.
  Time since last request: 0.000043 seconds.
  path: Assets/03_Prefabs/Monster/Boss/Monster_33_Summer Tree.prefab
  artifactKey: Guid(64ffb0698dd9a6c428dc61fe291e0330) Importer(2089858483,0ecaa5967403d082aa24f35e1b516d23)
Start importing Assets/03_Prefabs/Monster/Boss/Monster_33_Summer Tree.prefab using Guid(64ffb0698dd9a6c428dc61fe291e0330) Importer(2089858483,0ecaa5967403d082aa24f35e1b516d23) (ScriptedImporter) -> (artifact id: '332174e26e0d4389cccd44c48673f033') in 0.4618649 seconds
Number of updated asset objects reloaded before import = 0Number of asset objects unloaded after import = 138

========================================================================
Received Import Request.
  Time since last request: 0.000102 seconds.
  path: Assets/03_Prefabs/Monster/Boss/Monster_85_TwoHeaded Orc.prefab
  artifactKey: Guid(ff6294124de6de44ca94a278227dd245) Importer(2089858483,0ecaa5967403d082aa24f35e1b516d23)
Start importing Assets/03_Prefabs/Monster/Boss/Monster_85_TwoHeaded Orc.prefab using Guid(ff6294124de6de44ca94a278227dd245) Importer(2089858483,0ecaa5967403d082aa24f35e1b516d23) (ScriptedImporter) -> (artifact id: 'ba0daf9d000e96dd8e13b646a2683362') in 0.4981837 seconds
Number of updated asset objects reloaded before import = 0Number of asset objects unloaded after import = 181

========================================================================
Received Import Request.
  Time since last request: 0.000039 seconds.
  path: Assets/03_Prefabs/Effect Prefabs/Text Effect/Number Text.prefab
  artifactKey: Guid(2d9329c2bad5c304ea9e343efaa48b76) Importer(2089858483,0ecaa5967403d082aa24f35e1b516d23)
Start importing Assets/03_Prefabs/Effect Prefabs/Text Effect/Number Text.prefab using Guid(2d9329c2bad5c304ea9e343efaa48b76) Importer(2089858483,0ecaa5967403d082aa24f35e1b516d23) (ScriptedImporter)The method get_fontSharedMaterials was not found on Number Text. This property will not be indexed.
UnityEngine.Debug:ExtractStackTraceNoAlloc (byte*,int,string)
UnityEngine.StackTraceUtility:ExtractStackTrace ()
UnityEngine.DebugLogHandler:Internal_Log (UnityEngine.LogType,UnityEngine.LogOption,string,UnityEngine.Object)
UnityEngine.DebugLogHandler:LogFormat (UnityEngine.LogType,UnityEngine.Object,string,object[])
UnityEngine.Logger:Log (UnityEngine.LogType,object)
UnityEngine.Debug:LogWarning (object)
UnityEditor.Rendering.Universal.MaterialReferenceBuilder:GetMaterialFromMethod (System.Reflection.MethodInfo,UnityEngine.Object,System.Func`3<string, string, string>) (at ./Library/PackageCache/com.unity.render-pipelines.universal@1e1527b3a17b/Editor/Converter/MaterialReferenceBuilder.cs:133)
UnityEditor.Rendering.Universal.ConversionIndexers:ConversionIndexer (UnityEditor.Search.CustomObjectIndexerTarget,UnityEditor.Search.ObjectIndexer) (at ./Library/PackageCache/com.unity.render-pipelines.universal@1e1527b3a17b/Editor/Converter/ConversionIndexers.cs:21)
UnityEditor.Search.ObjectIndexer:CallCustomIndexers (string,int,UnityEngine.Object,UnityEditor.SerializedObject,bool)
UnityEditor.Search.ObjectIndexer:IndexCustomProperties (string,int,UnityEngine.Object)
UnityEditor.Search.AssetIndexer:IndexCustomGameObjectProperties (string,int,UnityEngine.GameObject)
UnityEditor.Search.AssetIndexer:IndexProperties (int&,string&,bool&)
UnityEditor.Search.AssetIndexer:IndexDocument (string,bool)
UnityEditor.Search.SearchIndexEntryImporter:OnImportAsset (UnityEditor.AssetImporters.AssetImportContext)
UnityEditor.AssetImporters.ScriptedImporter:GenerateAssetData (UnityEditor.AssetImporters.AssetImportContext)

(Filename: ./Library/PackageCache/com.unity.render-pipelines.universal@1e1527b3a17b/Editor/Converter/MaterialReferenceBuilder.cs Line: 133)

 -> (artifact id: '404c12c81ba03310efea6c664d50bd45') in 0.8792522 seconds
Number of updated asset objects reloaded before import = 0Number of asset objects unloaded after import = 9

========================================================================
Received Import Request.
  Time since last request: 0.000047 seconds.
  path: Assets/03_Prefabs/Monster/FinalCave/Monster_71_Corrupted Knight.prefab
  artifactKey: Guid(678eb9a11f7b8b7468aeef7d577109fb) Importer(2089858483,0ecaa5967403d082aa24f35e1b516d23)
Start importing Assets/03_Prefabs/Monster/FinalCave/Monster_71_Corrupted Knight.prefab using Guid(678eb9a11f7b8b7468aeef7d577109fb) Importer(2089858483,0ecaa5967403d082aa24f35e1b516d23) (ScriptedImporter) -> (artifact id: '07216e5b94727c26fd7b623d62846708') in 0.1662694 seconds
Number of updated asset objects reloaded before import = 0Number of asset objects unloaded after import = 41

========================================================================
Received Import Request.
  Time since last request: 0.000038 seconds.
  path: Assets/03_Prefabs/Effect Prefabs/Santuary/SantuaryGoldEffect.prefab
  artifactKey: Guid(c5930d85c65f9cc458216b95776e41cc) Importer(2089858483,0ecaa5967403d082aa24f35e1b516d23)
Start importing Assets/03_Prefabs/Effect Prefabs/Santuary/SantuaryGoldEffect.prefab using Guid(c5930d85c65f9cc458216b95776e41cc) Importer(2089858483,0ecaa5967403d082aa24f35e1b516d23) (ScriptedImporter) -> (artifact id: 'fc44225ff2f532de450b2194704c9b5d') in 0.1542511 seconds
Number of updated asset objects reloaded before import = 0Number of asset objects unloaded after import = 16

========================================================================
Received Import Request.
  Time since last request: 0.000052 seconds.
  path: Assets/03_Prefabs/Monster/Forest/Monster_48_Flower.prefab
  artifactKey: Guid(f3a5d626e29aedb4bbd692eb4407828c) Importer(2089858483,0ecaa5967403d082aa24f35e1b516d23)
Start importing Assets/03_Prefabs/Monster/Forest/Monster_48_Flower.prefab using Guid(f3a5d626e29aedb4bbd692eb4407828c) Importer(2089858483,0ecaa5967403d082aa24f35e1b516d23) (ScriptedImporter) -> (artifact id: '84157f6e569aea26fcdf28eca11b00f1') in 0.4136884 seconds
Number of updated asset objects reloaded before import = 0Number of asset objects unloaded after import = 183

========================================================================
Received Import Request.
  Time since last request: 0.000049 seconds.
  path: Assets/03_Prefabs/PlayerUnitPrefabs/Animation/2hand-attack-stab-up.anim
  artifactKey: Guid(26167ac5610ec814cb0cda640c83c794) Importer(2089858483,0ecaa5967403d082aa24f35e1b516d23)
Start importing Assets/03_Prefabs/PlayerUnitPrefabs/Animation/2hand-attack-stab-up.anim using Guid(26167ac5610ec814cb0cda640c83c794) Importer(2089858483,0ecaa5967403d082aa24f35e1b516d23) (ScriptedImporter) -> (artifact id: '3b579349b6555d799fc2200b128124ae') in 0.0741861 seconds
Number of updated asset objects reloaded before import = 0Number of asset objects unloaded after import = 1

========================================================================
Received Import Request.
  Time since last request: 0.000016 seconds.
  path: Assets/03_Prefabs/Monster/Slimes/Monster_8_Slime.prefab
  artifactKey: Guid(4d4e403da519e0843b7389e29b1b01b9) Importer(2089858483,0ecaa5967403d082aa24f35e1b516d23)
Start importing Assets/03_Prefabs/Monster/Slimes/Monster_8_Slime.prefab using Guid(4d4e403da519e0843b7389e29b1b01b9) Importer(2089858483,0ecaa5967403d082aa24f35e1b516d23) (ScriptedImporter) -> (artifact id: '900854b09a2c933af7375846aa66ec93') in 0.2425098 seconds
Number of updated asset objects reloaded before import = 0Number of asset objects unloaded after import = 79

========================================================================
Received Import Request.
  Time since last request: 0.000043 seconds.
  path: Assets/03_Prefabs/Monster/Snow/Monster_29_Water Rabbit.prefab
  artifactKey: Guid(ea8d8e2d9afad3f4a867f5b88ed7697b) Importer(2089858483,0ecaa5967403d082aa24f35e1b516d23)
Start importing Assets/03_Prefabs/Monster/Snow/Monster_29_Water Rabbit.prefab using Guid(ea8d8e2d9afad3f4a867f5b88ed7697b) Importer(2089858483,0ecaa5967403d082aa24f35e1b516d23) (ScriptedImporter) -> (artifact id: 'd6d7ed61a085aff9e0baab525e43f5ed') in 0.2865821 seconds
Number of updated asset objects reloaded before import = 0Number of asset objects unloaded after import = 95

========================================================================
Received Import Request.
  Time since last request: 0.000042 seconds.
  path: Assets/03_Prefabs/Monster/Snow/Monster_23_Floating Ice.prefab
  artifactKey: Guid(e6c840c72e6bf7e4499c853997561e3e) Importer(2089858483,0ecaa5967403d082aa24f35e1b516d23)
Start importing Assets/03_Prefabs/Monster/Snow/Monster_23_Floating Ice.prefab using Guid(e6c840c72e6bf7e4499c853997561e3e) Importer(2089858483,0ecaa5967403d082aa24f35e1b516d23) (ScriptedImporter) -> (artifact id: 'e009012717bfb4b9d19e97e968f3eb73') in 0.311276 seconds
Number of updated asset objects reloaded before import = 0Number of asset objects unloaded after import = 99

========================================================================
Received Import Request.
  Time since last request: 0.000032 seconds.
  path: Assets/03_Prefabs/PlayerUnitPrefabs/Animation/2hand-attack-stab-down.anim
  artifactKey: Guid(8f6daae57067db746ac91ba562603f84) Importer(2089858483,0ecaa5967403d082aa24f35e1b516d23)
Start importing Assets/03_Prefabs/PlayerUnitPrefabs/Animation/2hand-attack-stab-down.anim using Guid(8f6daae57067db746ac91ba562603f84) Importer(2089858483,0ecaa5967403d082aa24f35e1b516d23) (ScriptedImporter) -> (artifact id: '5f867f0d4e71c1b946e3cb2954640fcb') in 0.0495283 seconds
Number of updated asset objects reloaded before import = 0Number of asset objects unloaded after import = 1

========================================================================
Received Import Request.
  Time since last request: 0.000128 seconds.
  path: Assets/03_Prefabs/PlayerUnitPrefabs/Animation/2hand-attack-stab-middle.anim
  artifactKey: Guid(523bfa69eb4400e43a02bc24b6df91cc) Importer(2089858483,0ecaa5967403d082aa24f35e1b516d23)
Start importing Assets/03_Prefabs/PlayerUnitPrefabs/Animation/2hand-attack-stab-middle.anim using Guid(523bfa69eb4400e43a02bc24b6df91cc) Importer(2089858483,0ecaa5967403d082aa24f35e1b516d23) (ScriptedImporter) -> (artifact id: '2df2c612622cc7794e2e3d5836594b06') in 0.0582775 seconds
Number of updated asset objects reloaded before import = 0Number of asset objects unloaded after import = 1

========================================================================
Received Import Request.
  Time since last request: 0.000020 seconds.
  path: Assets/03_Prefabs/Monster/Slimes/Monster_10_Bird Slime.prefab
  artifactKey: Guid(2f8f6130c866ccb4eaa70617170f38fd) Importer(2089858483,0ecaa5967403d082aa24f35e1b516d23)
Start importing Assets/03_Prefabs/Monster/Slimes/Monster_10_Bird Slime.prefab using Guid(2f8f6130c866ccb4eaa70617170f38fd) Importer(2089858483,0ecaa5967403d082aa24f35e1b516d23) (ScriptedImporter) -> (artifact id: '167d6c845874b6783328f0850772d4b0') in 0.2868625 seconds
Number of updated asset objects reloaded before import = 0Number of asset objects unloaded after import = 79

========================================================================
Received Import Request.
  Time since last request: 0.000116 seconds.
  path: Assets/03_Prefabs/Monster/Fire/Monster_14_Magma Golem.prefab
  artifactKey: Guid(9fcc6c377bf87fc4c87fe896b6a53c40) Importer(2089858483,0ecaa5967403d082aa24f35e1b516d23)
Start importing Assets/03_Prefabs/Monster/Fire/Monster_14_Magma Golem.prefab using Guid(9fcc6c377bf87fc4c87fe896b6a53c40) Importer(2089858483,0ecaa5967403d082aa24f35e1b516d23) (ScriptedImporter) -> (artifact id: 'b6f17ceb6a147ddeca9c7caf151760bf') in 0.2746835 seconds
Number of updated asset objects reloaded before import = 0Number of asset objects unloaded after import = 111

========================================================================
Received Import Request.
  Time since last request: 0.000039 seconds.
  path: Assets/03_Prefabs/Monster/Fire/Monster_54_Magma Turtle.prefab
  artifactKey: Guid(0b89aa7b78c04544188832b2a398f43a) Importer(2089858483,0ecaa5967403d082aa24f35e1b516d23)
Start importing Assets/03_Prefabs/Monster/Fire/Monster_54_Magma Turtle.prefab using Guid(0b89aa7b78c04544188832b2a398f43a) Importer(2089858483,0ecaa5967403d082aa24f35e1b516d23) (ScriptedImporter) -> (artifact id: '4146c86647a42e6072f94bbf13eaa370') in 0.3460205 seconds
Number of updated asset objects reloaded before import = 0Number of asset objects unloaded after import = 115

========================================================================
Received Import Request.
  Time since last request: 0.000045 seconds.
  path: Assets/03_Prefabs/Effect Prefabs/Santuary/SantuaryDiaEffect.prefab
  artifactKey: Guid(13e996c86fd66f94185eab2dd9cd6c11) Importer(2089858483,0ecaa5967403d082aa24f35e1b516d23)
Start importing Assets/03_Prefabs/Effect Prefabs/Santuary/SantuaryDiaEffect.prefab using Guid(13e996c86fd66f94185eab2dd9cd6c11) Importer(2089858483,0ecaa5967403d082aa24f35e1b516d23) (ScriptedImporter) -> (artifact id: 'c0785520a2aae12edc4a0591ea6b12fd') in 0.1130933 seconds
Number of updated asset objects reloaded before import = 0Number of asset objects unloaded after import = 16

========================================================================
Received Import Request.
  Time since last request: 0.000458 seconds.
  path: Assets/03_Prefabs/Gamble/Roulette/Line.prefab
  artifactKey: Guid(c6e1ce0519f3878478afe83963184117) Importer(2089858483,0ecaa5967403d082aa24f35e1b516d23)
Start importing Assets/03_Prefabs/Gamble/Roulette/Line.prefab using Guid(c6e1ce0519f3878478afe83963184117) Importer(2089858483,0ecaa5967403d082aa24f35e1b516d23) (ScriptedImporter) -> (artifact id: '34959e4cee77c43edd239363e30e895f') in 0.0942372 seconds
Number of updated asset objects reloaded before import = 0Number of asset objects unloaded after import = 6

========================================================================
Received Import Request.
  Time since last request: 0.000024 seconds.
  path: Assets/03_Prefabs/Monster/Fire/Monster_53_Magma Crab.prefab
  artifactKey: Guid(afc2adc2c86551a4ca6e3a5d9894c8c5) Importer(2089858483,0ecaa5967403d082aa24f35e1b516d23)
Start importing Assets/03_Prefabs/Monster/Fire/Monster_53_Magma Crab.prefab using Guid(afc2adc2c86551a4ca6e3a5d9894c8c5) Importer(2089858483,0ecaa5967403d082aa24f35e1b516d23) (ScriptedImporter) -> (artifact id: '8e44832e53b22d87cba75da1b9b9e36d') in 0.3975398 seconds
Number of updated asset objects reloaded before import = 0Number of asset objects unloaded after import = 116

========================================================================
Received Import Request.
  Time since last request: 0.000029 seconds.
  path: Assets/04_ScriptableObject/Enemy/Boss/FinalBoss.asset
  artifactKey: Guid(8816e41aa977afc40ab2cca754105755) Importer(2089858483,0ecaa5967403d082aa24f35e1b516d23)
Start importing Assets/04_ScriptableObject/Enemy/Boss/FinalBoss.asset using Guid(8816e41aa977afc40ab2cca754105755) Importer(2089858483,0ecaa5967403d082aa24f35e1b516d23) (ScriptedImporter) -> (artifact id: 'dc0755a06a67d77900bdc95265fc571a') in 0.1508023 seconds
Number of updated asset objects reloaded before import = 0Number of asset objects unloaded after import = 445

========================================================================
Received Import Request.
  Time since last request: 0.000041 seconds.
  path: Assets/03_Prefabs/PlayerUnitPrefabs/UI_Prefabs/Male_Under_01_UI.prefab
  artifactKey: Guid(9f083dc7d3c20ec42aa18a4c67d9babd) Importer(2089858483,0ecaa5967403d082aa24f35e1b516d23)
Start importing Assets/03_Prefabs/PlayerUnitPrefabs/UI_Prefabs/Male_Under_01_UI.prefab using Guid(9f083dc7d3c20ec42aa18a4c67d9babd) Importer(2089858483,0ecaa5967403d082aa24f35e1b516d23) (ScriptedImporter) -> (artifact id: 'd7fd9f4ee2cadd91b977852faa1f7a38') in 0.0468899 seconds
Number of updated asset objects reloaded before import = 0Number of asset objects unloaded after import = 74

========================================================================
Received Import Request.
  Time since last request: 0.000023 seconds.
  path: Assets/03_Prefabs/PlayerUnitPrefabs/UI_Prefabs/Female_Leather_01_UI.prefab
  artifactKey: Guid(546e82252148e614bbf25e6a8622e86a) Importer(2089858483,0ecaa5967403d082aa24f35e1b516d23)
Start importing Assets/03_Prefabs/PlayerUnitPrefabs/UI_Prefabs/Female_Leather_01_UI.prefab using Guid(546e82252148e614bbf25e6a8622e86a) Importer(2089858483,0ecaa5967403d082aa24f35e1b516d23) (ScriptedImporter) -> (artifact id: 'f0bd95671f5a997d6355147a02c7fe09') in 0.0516687 seconds
Number of updated asset objects reloaded before import = 0Number of asset objects unloaded after import = 69

========================================================================
Received Import Request.
  Time since last request: 0.000035 seconds.
  path: Assets/03_Prefabs/PlayerUnitPrefabs/T/Male_Chain_01.prefab
  artifactKey: Guid(b862df32488c044469d30d7d4e4e2feb) Importer(2089858483,0ecaa5967403d082aa24f35e1b516d23)
Start importing Assets/03_Prefabs/PlayerUnitPrefabs/T/Male_Chain_01.prefab using Guid(b862df32488c044469d30d7d4e4e2feb) Importer(2089858483,0ecaa5967403d082aa24f35e1b516d23) (ScriptedImporter) -> (artifact id: '600b27fa87f4cb01ff396880db0fc266') in 0.1161505 seconds
Number of updated asset objects reloaded before import = 0Number of asset objects unloaded after import = 127

========================================================================
Received Import Request.
  Time since last request: 0.000043 seconds.
  path: Assets/03_Prefabs/PlayerUnitPrefabs/T/Female_Chain_01.prefab
  artifactKey: Guid(5331ba1d620ce6448b11521c2dc66b12) Importer(2089858483,0ecaa5967403d082aa24f35e1b516d23)
Start importing Assets/03_Prefabs/PlayerUnitPrefabs/T/Female_Chain_01.prefab using Guid(5331ba1d620ce6448b11521c2dc66b12) Importer(2089858483,0ecaa5967403d082aa24f35e1b516d23) (ScriptedImporter) -> (artifact id: 'f33f7b3dad828663304c5b888f9cdca6') in 0.152719 seconds
Number of updated asset objects reloaded before import = 0Number of asset objects unloaded after import = 126

========================================================================
Received Import Request.
  Time since last request: 0.000045 seconds.
  path: Assets/03_Prefabs/PlayerUnitPrefabs/T/Male_Plate_01.prefab
  artifactKey: Guid(850bcc6dbfa5047458b1c29f44b003f8) Importer(2089858483,0ecaa5967403d082aa24f35e1b516d23)
Start importing Assets/03_Prefabs/PlayerUnitPrefabs/T/Male_Plate_01.prefab using Guid(850bcc6dbfa5047458b1c29f44b003f8) Importer(2089858483,0ecaa5967403d082aa24f35e1b516d23) (ScriptedImporter) -> (artifact id: '56bb19410573e4e717fab49c3174cc8a') in 0.1484221 seconds
Number of updated asset objects reloaded before import = 0Number of asset objects unloaded after import = 125

========================================================================
Received Import Request.
  Time since last request: 0.000031 seconds.
  path: Assets/04_ScriptableObject/Enemy/Cave/BossCave.asset
  artifactKey: Guid(5b8d69c776656774dafe493632c38d5e) Importer(2089858483,0ecaa5967403d082aa24f35e1b516d23)
Start importing Assets/04_ScriptableObject/Enemy/Cave/BossCave.asset using Guid(5b8d69c776656774dafe493632c38d5e) Importer(2089858483,0ecaa5967403d082aa24f35e1b516d23) (ScriptedImporter) -> (artifact id: '6743054062564190054fb5665181ab3c') in 0.342792 seconds
Number of updated asset objects reloaded before import = 0Number of asset objects unloaded after import = 188

========================================================================
Received Import Request.
  Time since last request: 0.000031 seconds.
  path: Assets/03_Prefabs/PlayerUnitPrefabs/T/Female_Plate_01.prefab
  artifactKey: Guid(c73fd3615b92c7d48b7fbaf2006aed77) Importer(2089858483,0ecaa5967403d082aa24f35e1b516d23)
Start importing Assets/03_Prefabs/PlayerUnitPrefabs/T/Female_Plate_01.prefab using Guid(c73fd3615b92c7d48b7fbaf2006aed77) Importer(2089858483,0ecaa5967403d082aa24f35e1b516d23) (ScriptedImporter) -> (artifact id: 'c0084dd8a97e2787ddd31bd9c2548252') in 0.1226739 seconds
Number of updated asset objects reloaded before import = 0Number of asset objects unloaded after import = 126

========================================================================
Received Import Request.
  Time since last request: 0.000051 seconds.
  path: Assets/03_Prefabs/PlayerUnitPrefabs/T/Female_Plate_02.prefab
  artifactKey: Guid(a611b3bb39ab6d44a9344057097147a9) Importer(2089858483,0ecaa5967403d082aa24f35e1b516d23)
Start importing Assets/03_Prefabs/PlayerUnitPrefabs/T/Female_Plate_02.prefab using Guid(a611b3bb39ab6d44a9344057097147a9) Importer(2089858483,0ecaa5967403d082aa24f35e1b516d23) (ScriptedImporter) -> (artifact id: '8d141833aa07613f824e99bb79956745') in 0.1245697 seconds
Number of updated asset objects reloaded before import = 0Number of asset objects unloaded after import = 126

========================================================================
Received Import Request.
  Time since last request: 0.000034 seconds.
  path: Assets/03_Prefabs/Gamble/GhostLeg/Slime.prefab
  artifactKey: Guid(f69b70d024fad8e43833eaad1a300fea) Importer(2089858483,0ecaa5967403d082aa24f35e1b516d23)
Start importing Assets/03_Prefabs/Gamble/GhostLeg/Slime.prefab using Guid(f69b70d024fad8e43833eaad1a300fea) Importer(2089858483,0ecaa5967403d082aa24f35e1b516d23) (ScriptedImporter) -> (artifact id: '6de45e0539c59f96367a6c17265a7a0c') in 0.1477866 seconds
Number of updated asset objects reloaded before import = 0Number of asset objects unloaded after import = 24

========================================================================
Received Import Request.
  Time since last request: 0.000029 seconds.
  path: Assets/03_Prefabs/Monster/Boss/Monster_7_Chained Yeti(Boss).prefab
  artifactKey: Guid(000cd038375d6a84cb31a54139716fca) Importer(2089858483,0ecaa5967403d082aa24f35e1b516d23)
Start importing Assets/03_Prefabs/Monster/Boss/Monster_7_Chained Yeti(Boss).prefab using Guid(000cd038375d6a84cb31a54139716fca) Importer(2089858483,0ecaa5967403d082aa24f35e1b516d23) (ScriptedImporter) -> (artifact id: 'f6b8adada5daee75962d32b11de8fbd8') in 0.4917235 seconds
Number of updated asset objects reloaded before import = 0Number of asset objects unloaded after import = 172

========================================================================
Received Import Request.
  Time since last request: 0.000049 seconds.
  path: Assets/02_Sprites/ItemIcon/Staff/44.png
  artifactKey: Guid(79bd95156f7ff8943be976e3a5cb2cd0) Importer(2089858483,0ecaa5967403d082aa24f35e1b516d23)
Start importing Assets/02_Sprites/ItemIcon/Staff/44.png using Guid(79bd95156f7ff8943be976e3a5cb2cd0) Importer(2089858483,0ecaa5967403d082aa24f35e1b516d23) (ScriptedImporter) -> (artifact id: '26f3580488daca5ac57787d526dd72b2') in 0.0462208 seconds
Number of updated asset objects reloaded before import = 0Number of asset objects unloaded after import = 3

========================================================================
Received Import Request.
  Time since last request: 0.000021 seconds.
  path: Assets/02_Sprites/ItemIcon/Weapon/W010.png
  artifactKey: Guid(b9c07c3b572006f4181229e9db77cbfc) Importer(2089858483,0ecaa5967403d082aa24f35e1b516d23)
Start importing Assets/02_Sprites/ItemIcon/Weapon/W010.png using Guid(b9c07c3b572006f4181229e9db77cbfc) Importer(2089858483,0ecaa5967403d082aa24f35e1b516d23) (ScriptedImporter) -> (artifact id: 'b682e6afcc50676292dade859d1be542') in 0.0526026 seconds
Number of updated asset objects reloaded before import = 0Number of asset objects unloaded after import = 3

========================================================================
Received Import Request.
  Time since last request: 0.000021 seconds.
  path: Assets/02_Sprites/ItemIcon/Armor/10.png
  artifactKey: Guid(e5d193032e738ca45a4ec63a6b710ab4) Importer(2089858483,0ecaa5967403d082aa24f35e1b516d23)
Start importing Assets/02_Sprites/ItemIcon/Armor/10.png using Guid(e5d193032e738ca45a4ec63a6b710ab4) Importer(2089858483,0ecaa5967403d082aa24f35e1b516d23) (ScriptedImporter) -> (artifact id: 'f6793897a249abd9759cf02711e310d9') in 0.0696069 seconds
Number of updated asset objects reloaded before import = 0Number of asset objects unloaded after import = 3

========================================================================
Received Import Request.
  Time since last request: 0.000315 seconds.
  path: Assets/Editor Default Resources/MasterAudio/inspector_header_bulk_audio_importer.png
  artifactKey: Guid(3cb171cc4a5575c458ca2eb1f4774f23) Importer(2089858483,0ecaa5967403d082aa24f35e1b516d23)
Start importing Assets/Editor Default Resources/MasterAudio/inspector_header_bulk_audio_importer.png using Guid(3cb171cc4a5575c458ca2eb1f4774f23) Importer(2089858483,0ecaa5967403d082aa24f35e1b516d23) (ScriptedImporter) -> (artifact id: 'b723f253dd0fa3bc12fc1fa5450a7097') in 0.0505988 seconds
Number of updated asset objects reloaded before import = 0Number of asset objects unloaded after import = 1

========================================================================
Received Import Request.
  Time since last request: 0.000027 seconds.
  path: Assets/01_Scripts/Gamble/GhostLeg/VerticalLine.cs
  artifactKey: Guid(9294860fb6bd84e40b0d0945aad0590e) Importer(2089858483,0ecaa5967403d082aa24f35e1b516d23)
Start importing Assets/01_Scripts/Gamble/GhostLeg/VerticalLine.cs using Guid(9294860fb6bd84e40b0d0945aad0590e) Importer(2089858483,0ecaa5967403d082aa24f35e1b516d23) (ScriptedImporter) -> (artifact id: '011041c40e7931429c45f229e272b6df') in 0.0245534 seconds
Number of updated asset objects reloaded before import = 0Number of asset objects unloaded after import = 0

========================================================================
Received Import Request.
  Time since last request: 0.000345 seconds.
  path: Assets/02_Sprites/ItemIcon/Jewelry/26.png
  artifactKey: Guid(28672f15c429ecd4eb220f3621941cdb) Importer(2089858483,0ecaa5967403d082aa24f35e1b516d23)
Start importing Assets/02_Sprites/ItemIcon/Jewelry/26.png using Guid(28672f15c429ecd4eb220f3621941cdb) Importer(2089858483,0ecaa5967403d082aa24f35e1b516d23) (ScriptedImporter) -> (artifact id: '998fffd0a4609460cbf86dd4d9b30caa') in 0.0647151 seconds
Number of updated asset objects reloaded before import = 0Number of asset objects unloaded after import = 3

========================================================================
Received Import Request.
  Time since last request: 0.000024 seconds.
  path: Assets/02_Sprites/ItemIcon/Rune/29.png
  artifactKey: Guid(4db11d57612ab7a4d9a593c2890618e4) Importer(2089858483,0ecaa5967403d082aa24f35e1b516d23)
Start importing Assets/02_Sprites/ItemIcon/Rune/29.png using Guid(4db11d57612ab7a4d9a593c2890618e4) Importer(2089858483,0ecaa5967403d082aa24f35e1b516d23) (ScriptedImporter) -> (artifact id: '79dbfd9ff903fd8ac3738e0aa000b6ab') in 0.0507656 seconds
Number of updated asset objects reloaded before import = 0Number of asset objects unloaded after import = 3

========================================================================
Received Import Request.
  Time since last request: 0.000021 seconds.
  path: Assets/Editor Default Resources/MasterAudio/pauseIcon.png
  artifactKey: Guid(b64008fbe954a7f4baf9c32b56ca7cfd) Importer(2089858483,0ecaa5967403d082aa24f35e1b516d23)
Start importing Assets/Editor Default Resources/MasterAudio/pauseIcon.png using Guid(b64008fbe954a7f4baf9c32b56ca7cfd) Importer(2089858483,0ecaa5967403d082aa24f35e1b516d23) (ScriptedImporter) -> (artifact id: 'eaf99a2bc79b667b2b16e7169c99b0f2') in 0.0618721 seconds
Number of updated asset objects reloaded before import = 0Number of asset objects unloaded after import = 1

========================================================================
Received Import Request.
  Time since last request: 0.000249 seconds.
  path: Assets/02_Sprites/ItemIcon/Rune/34.png
  artifactKey: Guid(31c5a6547a011b34d801223ed2826b1c) Importer(2089858483,0ecaa5967403d082aa24f35e1b516d23)
Start importing Assets/02_Sprites/ItemIcon/Rune/34.png using Guid(31c5a6547a011b34d801223ed2826b1c) Importer(2089858483,0ecaa5967403d082aa24f35e1b516d23) (ScriptedImporter) -> (artifact id: 'ef2d1d721d3afaf4711286146d685662') in 0.0625217 seconds
Number of updated asset objects reloaded before import = 0Number of asset objects unloaded after import = 3

========================================================================
Received Import Request.
  Time since last request: 0.000046 seconds.
  path: Assets/02_Sprites/ItemIcon/Sword/43.png
  artifactKey: Guid(f374d67bd8f3ad94da09a9da03cf5a8c) Importer(2089858483,0ecaa5967403d082aa24f35e1b516d23)
Start importing Assets/02_Sprites/ItemIcon/Sword/43.png using Guid(f374d67bd8f3ad94da09a9da03cf5a8c) Importer(2089858483,0ecaa5967403d082aa24f35e1b516d23) (ScriptedImporter) -> (artifact id: 'bdcea8ff537c7340f47ba58936967fb5') in 0.0558248 seconds
Number of updated asset objects reloaded before import = 0Number of asset objects unloaded after import = 3

========================================================================
Received Import Request.
  Time since last request: 0.000031 seconds.
  path: Assets/02_Sprites/ItemIcon/Rune/16.png
  artifactKey: Guid(6a5780f06cf7e7945a5c07e4e1122b81) Importer(2089858483,0ecaa5967403d082aa24f35e1b516d23)
Start importing Assets/02_Sprites/ItemIcon/Rune/16.png using Guid(6a5780f06cf7e7945a5c07e4e1122b81) Importer(2089858483,0ecaa5967403d082aa24f35e1b516d23) (ScriptedImporter) -> (artifact id: '1292ad034ce66780bd849fb4f1c171d3') in 0.0485385 seconds
Number of updated asset objects reloaded before import = 0Number of asset objects unloaded after import = 3

========================================================================
Received Import Request.
  Time since last request: 0.000021 seconds.
  path: Assets/Font/TFF/NanumGothicExtraBold.ttf
  artifactKey: Guid(8f032d424d655b4469d0a7d194ef3379) Importer(2089858483,0ecaa5967403d082aa24f35e1b516d23)
Start importing Assets/Font/TFF/NanumGothicExtraBold.ttf using Guid(8f032d424d655b4469d0a7d194ef3379) Importer(2089858483,0ecaa5967403d082aa24f35e1b516d23) (ScriptedImporter) -> (artifact id: 'b692d94a07e629ed3116e691b16c760b') in 0.0915051 seconds
Number of updated asset objects reloaded before import = 0Number of asset objects unloaded after import = 3

========================================================================
Received Import Request.
  Time since last request: 0.000044 seconds.
  path: Assets/02_Sprites/ItemIcon/Jewelry/21.png
  artifactKey: Guid(175d8eee7305cc745a3d7d77787e3fbc) Importer(2089858483,0ecaa5967403d082aa24f35e1b516d23)
Start importing Assets/02_Sprites/ItemIcon/Jewelry/21.png using Guid(175d8eee7305cc745a3d7d77787e3fbc) Importer(2089858483,0ecaa5967403d082aa24f35e1b516d23) (ScriptedImporter) -> (artifact id: '7d5f9b4976894ffb297444f4775b8b35') in 0.1258822 seconds
Number of updated asset objects reloaded before import = 0Number of asset objects unloaded after import = 3

========================================================================
Received Import Request.
  Time since last request: 0.000030 seconds.
  path: Assets/02_Sprites/ItemIcon/Staff/32.png
  artifactKey: Guid(b20bf26261f1f6948ad1e0ed18a65896) Importer(2089858483,0ecaa5967403d082aa24f35e1b516d23)
Start importing Assets/02_Sprites/ItemIcon/Staff/32.png using Guid(b20bf26261f1f6948ad1e0ed18a65896) Importer(2089858483,0ecaa5967403d082aa24f35e1b516d23) (ScriptedImporter) -> (artifact id: 'd6720a2de0c88e295dbec4deac17fcb4') in 0.0719099 seconds
Number of updated asset objects reloaded before import = 0Number of asset objects unloaded after import = 3

========================================================================
Received Import Request.
  Time since last request: 0.000049 seconds.
  path: Assets/02_Sprites/ItemIcon/Armor/17.png
  artifactKey: Guid(8a6345181a063a54988bba9b686442f0) Importer(2089858483,0ecaa5967403d082aa24f35e1b516d23)
Start importing Assets/02_Sprites/ItemIcon/Armor/17.png using Guid(8a6345181a063a54988bba9b686442f0) Importer(2089858483,0ecaa5967403d082aa24f35e1b516d23) (ScriptedImporter) -> (artifact id: 'b996ab2159e4f42e8bcea7291e97a4ab') in 0.073854 seconds
Number of updated asset objects reloaded before import = 0Number of asset objects unloaded after import = 3

========================================================================
Received Import Request.
  Time since last request: 0.000022 seconds.
  path: Assets/04_ScriptableObject/Enemy/FinalStage/SkeletonKing.asset
  artifactKey: Guid(21955c507fa35954286ca1454efb647d) Importer(2089858483,0ecaa5967403d082aa24f35e1b516d23)
Start importing Assets/04_ScriptableObject/Enemy/FinalStage/SkeletonKing.asset using Guid(21955c507fa35954286ca1454efb647d) Importer(2089858483,0ecaa5967403d082aa24f35e1b516d23) (ScriptedImporter) -> (artifact id: '2119b984d19ca873d75c2cfa6fed9fee') in 0.0285076 seconds
Number of updated asset objects reloaded before import = 0Number of asset objects unloaded after import = 1

========================================================================
Received Import Request.
  Time since last request: 0.000027 seconds.
  path: Assets/04_ScriptableObject/Enemy/Forest/TreeBlock.asset
  artifactKey: Guid(0e020c8a4d5c8374c85e0bb6e0ce6d3f) Importer(2089858483,0ecaa5967403d082aa24f35e1b516d23)
Start importing Assets/04_ScriptableObject/Enemy/Forest/TreeBlock.asset using Guid(0e020c8a4d5c8374c85e0bb6e0ce6d3f) Importer(2089858483,0ecaa5967403d082aa24f35e1b516d23) (ScriptedImporter) -> (artifact id: 'd76724f0ee17e1198f5ee26965d2a9ca') in 0.18842 seconds
Number of updated asset objects reloaded before import = 0Number of asset objects unloaded after import = 24

========================================================================
Received Import Request.
  Time since last request: 0.000027 seconds.
  path: Assets/04_ScriptableObject/Enemy/Tutorail/PureSlime.asset
  artifactKey: Guid(7e68f434dc4dc294196e9e387e9e26ae) Importer(2089858483,0ecaa5967403d082aa24f35e1b516d23)
Start importing Assets/04_ScriptableObject/Enemy/Tutorail/PureSlime.asset using Guid(7e68f434dc4dc294196e9e387e9e26ae) Importer(2089858483,0ecaa5967403d082aa24f35e1b516d23) (ScriptedImporter) -> (artifact id: '05f4904169022349031b62fe8a8dab76') in 0.0694228 seconds
Number of updated asset objects reloaded before import = 0Number of asset objects unloaded after import = 39

========================================================================
Received Import Request.
  Time since last request: 0.000042 seconds.
  path: Assets/04_ScriptableObject/Item/Rune/0_DefRune.asset
  artifactKey: Guid(f32e40ae6392dab4a8492e3aa69355fc) Importer(2089858483,0ecaa5967403d082aa24f35e1b516d23)
Start importing Assets/04_ScriptableObject/Item/Rune/0_DefRune.asset using Guid(f32e40ae6392dab4a8492e3aa69355fc) Importer(2089858483,0ecaa5967403d082aa24f35e1b516d23) (ScriptedImporter) -> (artifact id: '653c98e2a9b6f7141e5700de6f36ac1b') in 0.0620797 seconds
Number of updated asset objects reloaded before import = 0Number of asset objects unloaded after import = 2

========================================================================
Received Import Request.
  Time since last request: 0.000023 seconds.
  path: Assets/04_ScriptableObject/Item/Consume/AP003.asset
  artifactKey: Guid(f19cfb0e7ba33c04393720c11e6d2ab5) Importer(2089858483,0ecaa5967403d082aa24f35e1b516d23)
Start importing Assets/04_ScriptableObject/Item/Consume/AP003.asset using Guid(f19cfb0e7ba33c04393720c11e6d2ab5) Importer(2089858483,0ecaa5967403d082aa24f35e1b516d23) (ScriptedImporter) -> (artifact id: '4f9969e3fe4c9e09d81e66f7c199db64') in 0.0378257 seconds
Number of updated asset objects reloaded before import = 0Number of asset objects unloaded after import = 2

========================================================================
Received Import Request.
  Time since last request: 0.000024 seconds.
  path: Assets/04_ScriptableObject/Enemy/Tutorail/BirdSlime.asset
  artifactKey: Guid(3ea264947502d7943ac1c1e5968fca06) Importer(2089858483,0ecaa5967403d082aa24f35e1b516d23)
Start importing Assets/04_ScriptableObject/Enemy/Tutorail/BirdSlime.asset using Guid(3ea264947502d7943ac1c1e5968fca06) Importer(2089858483,0ecaa5967403d082aa24f35e1b516d23) (ScriptedImporter) -> (artifact id: '86f2dba07e63ac8ec12919d4e2d1457d') in 0.0641698 seconds
Number of updated asset objects reloaded before import = 0Number of asset objects unloaded after import = 39

========================================================================
Received Import Request.
  Time since last request: 0.000034 seconds.
  path: Assets/04_ScriptableObject/Item/Gamble/4_TempGambleStone.asset
  artifactKey: Guid(502560e260a526240ba09ffcd8c55c01) Importer(2089858483,0ecaa5967403d082aa24f35e1b516d23)
Start importing Assets/04_ScriptableObject/Item/Gamble/4_TempGambleStone.asset using Guid(502560e260a526240ba09ffcd8c55c01) Importer(2089858483,0ecaa5967403d082aa24f35e1b516d23) (ScriptedImporter) -> (artifact id: '7335341e20ab926f359b0039db590bf9') in 0.0463669 seconds
Number of updated asset objects reloaded before import = 0Number of asset objects unloaded after import = 2

========================================================================
Received Import Request.
  Time since last request: 0.000959 seconds.
  path: Assets/04_ScriptableObject/Item/Consume/H003.asset
  artifactKey: Guid(63340d8e220617a4f884bdbe59239deb) Importer(2089858483,0ecaa5967403d082aa24f35e1b516d23)
Start importing Assets/04_ScriptableObject/Item/Consume/H003.asset using Guid(63340d8e220617a4f884bdbe59239deb) Importer(2089858483,0ecaa5967403d082aa24f35e1b516d23) (ScriptedImporter) -> (artifact id: '4b481cd03d7c251764ddd4952f6aac42') in 0.0294601 seconds
Number of updated asset objects reloaded before import = 0Number of asset objects unloaded after import = 2

========================================================================
Received Import Request.
  Time since last request: 0.000021 seconds.
  path: Assets/04_ScriptableObject/Enemy/Fire/FireFox.asset
  artifactKey: Guid(d665e0b191928714582e1c64ebb3cb3d) Importer(2089858483,0ecaa5967403d082aa24f35e1b516d23)
Start importing Assets/04_ScriptableObject/Enemy/Fire/FireFox.asset using Guid(d665e0b191928714582e1c64ebb3cb3d) Importer(2089858483,0ecaa5967403d082aa24f35e1b516d23) (ScriptedImporter) -> (artifact id: 'd0038f886c96bdb64b310ccb737600a1') in 0.0967373 seconds
Number of updated asset objects reloaded before import = 0Number of asset objects unloaded after import = 76

========================================================================
Received Import Request.
  Time since last request: 0.000030 seconds.
  path: Assets/04_ScriptableObject/Item/Consume/AP001.asset
  artifactKey: Guid(64824a7f3a5f74e4aa86d540634d118f) Importer(2089858483,0ecaa5967403d082aa24f35e1b516d23)
Start importing Assets/04_ScriptableObject/Item/Consume/AP001.asset using Guid(64824a7f3a5f74e4aa86d540634d118f) Importer(2089858483,0ecaa5967403d082aa24f35e1b516d23) (ScriptedImporter) -> (artifact id: 'ac9b9a7a2f8feaa58ad460cfe1f5c027') in 0.0266031 seconds
Number of updated asset objects reloaded before import = 0Number of asset objects unloaded after import = 2

========================================================================
Received Import Request.
  Time since last request: 0.000022 seconds.
  path: Assets/04_ScriptableObject/Enemy/FinalStage/Skeleton.asset
  artifactKey: Guid(1c7954cd8aebd0149836128351b87cab) Importer(2089858483,0ecaa5967403d082aa24f35e1b516d23)
Start importing Assets/04_ScriptableObject/Enemy/FinalStage/Skeleton.asset using Guid(1c7954cd8aebd0149836128351b87cab) Importer(2089858483,0ecaa5967403d082aa24f35e1b516d23) (ScriptedImporter) -> (artifact id: '60dfcf3887454dc6f621f74ef2e1cc1b') in 0.0241571 seconds
Number of updated asset objects reloaded before import = 0Number of asset objects unloaded after import = 1

========================================================================
Received Import Request.
  Time since last request: 0.000018 seconds.
  path: Assets/04_ScriptableObject/Enemy/FinalStage/CorruptedHero.asset
  artifactKey: Guid(37718dbe9baa4dd478f7bee3a8830791) Importer(2089858483,0ecaa5967403d082aa24f35e1b516d23)
Start importing Assets/04_ScriptableObject/Enemy/FinalStage/CorruptedHero.asset using Guid(37718dbe9baa4dd478f7bee3a8830791) Importer(2089858483,0ecaa5967403d082aa24f35e1b516d23) (ScriptedImporter) -> (artifact id: '5bfe6474beb7615c2774ebe96fc7e5b2') in 0.0245012 seconds
Number of updated asset objects reloaded before import = 0Number of asset objects unloaded after import = 1

========================================================================
Received Import Request.
  Time since last request: 0.000032 seconds.
  path: Assets/04_ScriptableObject/Item/Consume/AD001.asset
  artifactKey: Guid(b7cc6ffdbe35c3244a009b77b1ae0204) Importer(2089858483,0ecaa5967403d082aa24f35e1b516d23)
Start importing Assets/04_ScriptableObject/Item/Consume/AD001.asset using Guid(b7cc6ffdbe35c3244a009b77b1ae0204) Importer(2089858483,0ecaa5967403d082aa24f35e1b516d23) (ScriptedImporter) -> (artifact id: '40ad0a513b69aacee4690f45fb44df05') in 0.0265226 seconds
Number of updated asset objects reloaded before import = 0Number of asset objects unloaded after import = 2

========================================================================
Received Import Request.
  Time since last request: 0.000170 seconds.
  path: Assets/04_ScriptableObject/Enemy/FinalStage/CorruptedDefender.asset
  artifactKey: Guid(4812398cb45d43a4d8aedcee97623280) Importer(2089858483,0ecaa5967403d082aa24f35e1b516d23)
Start importing Assets/04_ScriptableObject/Enemy/FinalStage/CorruptedDefender.asset using Guid(4812398cb45d43a4d8aedcee97623280) Importer(2089858483,0ecaa5967403d082aa24f35e1b516d23) (ScriptedImporter) -> (artifact id: '3ab2c3673a12fc081d160197d0c006fa') in 0.0243159 seconds
Number of updated asset objects reloaded before import = 0Number of asset objects unloaded after import = 1

========================================================================
Received Import Request.
  Time since last request: 0.000022 seconds.
  path: Assets/04_ScriptableObject/Enemy/Forest/BossForest.asset
  artifactKey: Guid(ee8f55b66fdb45542ad64219441e58cb) Importer(2089858483,0ecaa5967403d082aa24f35e1b516d23)
Start importing Assets/04_ScriptableObject/Enemy/Forest/BossForest.asset using Guid(ee8f55b66fdb45542ad64219441e58cb) Importer(2089858483,0ecaa5967403d082aa24f35e1b516d23) (ScriptedImporter) -> (artifact id: 'cdcca755fa8f04ca9927764fc3023bc7') in 0.0696692 seconds
Number of updated asset objects reloaded before import = 0Number of asset objects unloaded after import = 141

========================================================================
Received Import Request.
  Time since last request: 0.000028 seconds.
  path: Assets/04_ScriptableObject/Item/Consume/H001.asset
  artifactKey: Guid(d59890719bf9c774b8d8b1561d9c4eb4) Importer(2089858483,0ecaa5967403d082aa24f35e1b516d23)
Start importing Assets/04_ScriptableObject/Item/Consume/H001.asset using Guid(d59890719bf9c774b8d8b1561d9c4eb4) Importer(2089858483,0ecaa5967403d082aa24f35e1b516d23) (ScriptedImporter) -> (artifact id: '32006ab9a3e4058a145b93294d911b6f') in 0.0251672 seconds
Number of updated asset objects reloaded before import = 0Number of asset objects unloaded after import = 2

========================================================================
Received Import Request.
  Time since last request: 0.000022 seconds.
  path: Assets/04_ScriptableObject/Item/Consume/MR003.asset
  artifactKey: Guid(3c0ebfd28b636df45914ada48e37d6a3) Importer(2089858483,0ecaa5967403d082aa24f35e1b516d23)
Start importing Assets/04_ScriptableObject/Item/Consume/MR003.asset using Guid(3c0ebfd28b636df45914ada48e37d6a3) Importer(2089858483,0ecaa5967403d082aa24f35e1b516d23) (ScriptedImporter) -> (artifact id: '9b97af42e6f8f1191a18a08b90c470cc') in 0.0302 seconds
Number of updated asset objects reloaded before import = 0Number of asset objects unloaded after import = 2

========================================================================
Received Import Request.
  Time since last request: 0.000028 seconds.
  path: Assets/04_ScriptableObject/Item/Consume/AD002.asset
  artifactKey: Guid(943605dbec5506143bc41b353f9aef3b) Importer(2089858483,0ecaa5967403d082aa24f35e1b516d23)
Start importing Assets/04_ScriptableObject/Item/Consume/AD002.asset using Guid(943605dbec5506143bc41b353f9aef3b) Importer(2089858483,0ecaa5967403d082aa24f35e1b516d23) (ScriptedImporter) -> (artifact id: 'ff4f7a2b914fc8c577dbf5d1ab27f405') in 0.0391356 seconds
Number of updated asset objects reloaded before import = 0Number of asset objects unloaded after import = 2

========================================================================
Received Import Request.
  Time since last request: 0.000060 seconds.
  path: Assets/04_ScriptableObject/Item/Boss/4_TempGambleStone.asset
  artifactKey: Guid(ce5f81454f4484841b6540e0fe6cb3eb) Importer(2089858483,0ecaa5967403d082aa24f35e1b516d23)
Start importing Assets/04_ScriptableObject/Item/Boss/4_TempGambleStone.asset using Guid(ce5f81454f4484841b6540e0fe6cb3eb) Importer(2089858483,0ecaa5967403d082aa24f35e1b516d23) (ScriptedImporter) -> (artifact id: 'b00e0a6ca39b3112a93643a6a454f70a') in 0.0335675 seconds
Number of updated asset objects reloaded before import = 0Number of asset objects unloaded after import = 2

========================================================================
Received Import Request.
  Time since last request: 0.000029 seconds.
  path: Assets/04_ScriptableObject/Enemy/Snow/BossSnow.asset
  artifactKey: Guid(198300a47c2f51a4ebd7fda1bf57e664) Importer(2089858483,0ecaa5967403d082aa24f35e1b516d23)
Start importing Assets/04_ScriptableObject/Enemy/Snow/BossSnow.asset using Guid(198300a47c2f51a4ebd7fda1bf57e664) Importer(2089858483,0ecaa5967403d082aa24f35e1b516d23) (ScriptedImporter) -> (artifact id: 'a0a07fe7055ea94230e0f023441df9f2') in 0.0648865 seconds
Number of updated asset objects reloaded before import = 0Number of asset objects unloaded after import = 132

========================================================================
Received Import Request.
  Time since last request: 0.000054 seconds.
  path: Assets/04_ScriptableObject/Enemy/Cave/MaceShadow.asset
  artifactKey: Guid(75ea76f94d360cd43ba365e9f2be149d) Importer(2089858483,0ecaa5967403d082aa24f35e1b516d23)
Start importing Assets/04_ScriptableObject/Enemy/Cave/MaceShadow.asset using Guid(75ea76f94d360cd43ba365e9f2be149d) Importer(2089858483,0ecaa5967403d082aa24f35e1b516d23) (ScriptedImporter) -> (artifact id: 'e1780b68d57a77dcfe256e7149c41a57') in 0.0687385 seconds
Number of updated asset objects reloaded before import = 0Number of asset objects unloaded after import = 60

========================================================================
Received Import Request.
  Time since last request: 0.000029 seconds.
  path: Assets/04_ScriptableObject/Enemy/Forest/WarriorOrc.asset
  artifactKey: Guid(a3c22c4c8ff867042b90979b9a0b6c7f) Importer(2089858483,0ecaa5967403d082aa24f35e1b516d23)
Start importing Assets/04_ScriptableObject/Enemy/Forest/WarriorOrc.asset using Guid(a3c22c4c8ff867042b90979b9a0b6c7f) Importer(2089858483,0ecaa5967403d082aa24f35e1b516d23) (ScriptedImporter) -> (artifact id: '34a41276c510f450331cd7c18d802a73') in 0.0552433 seconds
Number of updated asset objects reloaded before import = 0Number of asset objects unloaded after import = 61

========================================================================
Received Import Request.
  Time since last request: 0.000041 seconds.
  path: Assets/04_ScriptableObject/Enemy/Tutorail/GlopSlime.asset
  artifactKey: Guid(84a876673de50d4499af613e1a81f3fd) Importer(2089858483,0ecaa5967403d082aa24f35e1b516d23)
Start importing Assets/04_ScriptableObject/Enemy/Tutorail/GlopSlime.asset using Guid(84a876673de50d4499af613e1a81f3fd) Importer(2089858483,0ecaa5967403d082aa24f35e1b516d23) (ScriptedImporter) -> (artifact id: '744cfa5c9ad6101e1ae39705269b1089') in 0.0614739 seconds
Number of updated asset objects reloaded before import = 0Number of asset objects unloaded after import = 39

========================================================================
Received Import Request.
  Time since last request: 0.000041 seconds.
  path: Assets/04_ScriptableObject/Enemy/Fire/MagmaCrap.asset
  artifactKey: Guid(63d0048badfbc7a41a2ab30052547090) Importer(2089858483,0ecaa5967403d082aa24f35e1b516d23)
Start importing Assets/04_ScriptableObject/Enemy/Fire/MagmaCrap.asset using Guid(63d0048badfbc7a41a2ab30052547090) Importer(2089858483,0ecaa5967403d082aa24f35e1b516d23) (ScriptedImporter) -> (artifact id: 'ede81d090c839920c55b573e13c4ec4e') in 0.072406 seconds
Number of updated asset objects reloaded before import = 0Number of asset objects unloaded after import = 76

========================================================================
Received Import Request.
  Time since last request: 0.000029 seconds.
  path: Assets/04_ScriptableObject/Enemy/FinalStage/SkeletonPirate.asset
  artifactKey: Guid(bd8c3cabe0f82df43970dfe7fd9e0b90) Importer(2089858483,0ecaa5967403d082aa24f35e1b516d23)
Start importing Assets/04_ScriptableObject/Enemy/FinalStage/SkeletonPirate.asset using Guid(bd8c3cabe0f82df43970dfe7fd9e0b90) Importer(2089858483,0ecaa5967403d082aa24f35e1b516d23) (ScriptedImporter) -> (artifact id: '603ef1259a7502f6affebe7a9986eee1') in 0.0255326 seconds
Number of updated asset objects reloaded before import = 0Number of asset objects unloaded after import = 1

========================================================================
Received Import Request.
  Time since last request: 0.000039 seconds.
  path: Assets/04_ScriptableObject/Enemy/Fire/BossFire.asset
  artifactKey: Guid(0312f5ca56324874f98067c49795757b) Importer(2089858483,0ecaa5967403d082aa24f35e1b516d23)
Start importing Assets/04_ScriptableObject/Enemy/Fire/BossFire.asset using Guid(0312f5ca56324874f98067c49795757b) Importer(2089858483,0ecaa5967403d082aa24f35e1b516d23) (ScriptedImporter) -> (artifact id: 'a5a00f848b90aa04d3f47dcfd7f7c0a3') in 0.0754116 seconds
Number of updated asset objects reloaded before import = 0Number of asset objects unloaded after import = 90

========================================================================
Received Import Request.
  Time since last request: 0.000044 seconds.
  path: Assets/04_ScriptableObject/Item/Rune/0_AttackRune.asset
  artifactKey: Guid(80307ae71ea3a7a46881b4db5784d0ac) Importer(2089858483,0ecaa5967403d082aa24f35e1b516d23)
Start importing Assets/04_ScriptableObject/Item/Rune/0_AttackRune.asset using Guid(80307ae71ea3a7a46881b4db5784d0ac) Importer(2089858483,0ecaa5967403d082aa24f35e1b516d23) (ScriptedImporter) -> (artifact id: '989d44325c32f840449fb9279ef8e903') in 0.0234601 seconds
Number of updated asset objects reloaded before import = 0Number of asset objects unloaded after import = 2

========================================================================
Received Import Request.
  Time since last request: 0.000108 seconds.
  path: Assets/04_ScriptableObject/Item/Consume/R001.asset
  artifactKey: Guid(af59d6d2a83fc2a43aa5ee2ec4f4e73e) Importer(2089858483,0ecaa5967403d082aa24f35e1b516d23)
Start importing Assets/04_ScriptableObject/Item/Consume/R001.asset using Guid(af59d6d2a83fc2a43aa5ee2ec4f4e73e) Importer(2089858483,0ecaa5967403d082aa24f35e1b516d23) (ScriptedImporter) -> (artifact id: 'e77a4f6d3057e618334742e775b94956') in 0.0258669 seconds
Number of updated asset objects reloaded before import = 0Number of asset objects unloaded after import = 2

========================================================================
Received Import Request.
  Time since last request: 0.000023 seconds.
  path: Assets/Editor Default Resources/MasterAudio/arrow_up.png
  artifactKey: Guid(bc62d6c1ceb5cd248b2261b8826e94e3) Importer(2089858483,0ecaa5967403d082aa24f35e1b516d23)
Start importing Assets/Editor Default Resources/MasterAudio/arrow_up.png using Guid(bc62d6c1ceb5cd248b2261b8826e94e3) Importer(2089858483,0ecaa5967403d082aa24f35e1b516d23) (ScriptedImporter) -> (artifact id: 'cfd85f51b980d6c096fbf3bbb8c45477') in 0.0468217 seconds
Number of updated asset objects reloaded before import = 0Number of asset objects unloaded after import = 1

========================================================================
Received Import Request.
  Time since last request: 0.000043 seconds.
  path: Assets/02_Sprites/ItemIcon/Jewelry/11.png
  artifactKey: Guid(4bb3566a97b3ca8489e74b63bcce7c9e) Importer(2089858483,0ecaa5967403d082aa24f35e1b516d23)
Start importing Assets/02_Sprites/ItemIcon/Jewelry/11.png using Guid(4bb3566a97b3ca8489e74b63bcce7c9e) Importer(2089858483,0ecaa5967403d082aa24f35e1b516d23) (ScriptedImporter) -> (artifact id: 'c9dc79e822f0fb3d647ccc6b0e21d592') in 0.0531207 seconds
Number of updated asset objects reloaded before import = 0Number of asset objects unloaded after import = 3

========================================================================
Received Import Request.
  Time since last request: 0.000021 seconds.
  path: Assets/Dice2.5D/Shaders/UnlitVolumeTransparent.shader
  artifactKey: Guid(8dfc7decfa2e259418aca0b98ce36169) Importer(2089858483,0ecaa5967403d082aa24f35e1b516d23)
Start importing Assets/Dice2.5D/Shaders/UnlitVolumeTransparent.shader using Guid(8dfc7decfa2e259418aca0b98ce36169) Importer(2089858483,0ecaa5967403d082aa24f35e1b516d23) (ScriptedImporter) -> (artifact id: '57dc61b0904bf1aaf9c9a316d5f84cf7') in 0.022869 seconds
Number of updated asset objects reloaded before import = 0Number of asset objects unloaded after import = 1

========================================================================
Received Import Request.
  Time since last request: 0.000037 seconds.
  path: Assets/Dice2.5D/animations/dice10_roll.controller
  artifactKey: Guid(13199115712c9f64e9d02fd7789534ea) Importer(2089858483,0ecaa5967403d082aa24f35e1b516d23)
Start importing Assets/Dice2.5D/animations/dice10_roll.controller using Guid(13199115712c9f64e9d02fd7789534ea) Importer(2089858483,0ecaa5967403d082aa24f35e1b516d23) (ScriptedImporter) -> (artifact id: 'a1d71c6c3afdc549ddb35290174b1bf4') in 0.0486772 seconds
Number of updated asset objects reloaded before import = 0Number of asset objects unloaded after import = 25

========================================================================
Received Import Request.
  Time since last request: 0.000028 seconds.
  path: Assets/Editor Default Resources/MasterAudio/inspector_header_master_audio.png
  artifactKey: Guid(8af7d6a686c12554fa27da741d80348a) Importer(2089858483,0ecaa5967403d082aa24f35e1b516d23)
Start importing Assets/Editor Default Resources/MasterAudio/inspector_header_master_audio.png using Guid(8af7d6a686c12554fa27da741d80348a) Importer(2089858483,0ecaa5967403d082aa24f35e1b516d23) (ScriptedImporter) -> (artifact id: 'a47f93c18f6f9e0322739641158c6939') in 0.0499705 seconds
Number of updated asset objects reloaded before import = 0Number of asset objects unloaded after import = 1

========================================================================
Received Import Request.
  Time since last request: 0.000203 seconds.
  path: Assets/02_Sprites/ItemIcon/Sword/9.png
  artifactKey: Guid(25b11fe26cf5ee749b7e55d57193caab) Importer(2089858483,0ecaa5967403d082aa24f35e1b516d23)
Start importing Assets/02_Sprites/ItemIcon/Sword/9.png using Guid(25b11fe26cf5ee749b7e55d57193caab) Importer(2089858483,0ecaa5967403d082aa24f35e1b516d23) (ScriptedImporter) -> (artifact id: 'bd4eace40822108b6ddc6c3d5ea924f9') in 0.055058 seconds
Number of updated asset objects reloaded before import = 0Number of asset objects unloaded after import = 3

========================================================================
Received Import Request.
  Time since last request: 0.000026 seconds.
  path: Assets/02_Sprites/ItemIcon/Rune/38.png
  artifactKey: Guid(6baf2c86988755c4eb3c334d4d32f369) Importer(2089858483,0ecaa5967403d082aa24f35e1b516d23)
Start importing Assets/02_Sprites/ItemIcon/Rune/38.png using Guid(6baf2c86988755c4eb3c334d4d32f369) Importer(2089858483,0ecaa5967403d082aa24f35e1b516d23) (ScriptedImporter) -> (artifact id: '4c0b29367ac5b45ba2ce9be605981433') in 0.0605204 seconds
Number of updated asset objects reloaded before import = 0Number of asset objects unloaded after import = 3

========================================================================
Received Import Request.
  Time since last request: 0.000021 seconds.
  path: Assets/02_Sprites/SkillIcon/Melee/FlameThrow.png
  artifactKey: Guid(871063b06a77fe64e955f4c02bcc7cfe) Importer(2089858483,0ecaa5967403d082aa24f35e1b516d23)
Start importing Assets/02_Sprites/SkillIcon/Melee/FlameThrow.png using Guid(871063b06a77fe64e955f4c02bcc7cfe) Importer(2089858483,0ecaa5967403d082aa24f35e1b516d23) (ScriptedImporter) -> (artifact id: '7103193509fb9a5bd8829bb9ac413d18') in 0.0852291 seconds
Number of updated asset objects reloaded before import = 0Number of asset objects unloaded after import = 3

========================================================================
Received Import Request.
  Time since last request: 0.000036 seconds.
  path: Assets/02_Sprites/ItemIcon/Staff/25.png
  artifactKey: Guid(9b2b9d862ebb4e44395b954ecde5c845) Importer(2089858483,0ecaa5967403d082aa24f35e1b516d23)
Start importing Assets/02_Sprites/ItemIcon/Staff/25.png using Guid(9b2b9d862ebb4e44395b954ecde5c845) Importer(2089858483,0ecaa5967403d082aa24f35e1b516d23) (ScriptedImporter) -> (artifact id: '8fc6d837e12eaf6c68034099bc2ee050') in 0.0861749 seconds
Number of updated asset objects reloaded before import = 0Number of asset objects unloaded after import = 3

========================================================================
Received Import Request.
  Time since last request: 0.000022 seconds.
  path: Assets/04_ScriptableObject/Enemy/Snow/SnowTurtle.asset
  artifactKey: Guid(47ffebe5e1a2566468e6b1cb7ffade98) Importer(2089858483,0ecaa5967403d082aa24f35e1b516d23)
Start importing Assets/04_ScriptableObject/Enemy/Snow/SnowTurtle.asset using Guid(47ffebe5e1a2566468e6b1cb7ffade98) Importer(2089858483,0ecaa5967403d082aa24f35e1b516d23) (ScriptedImporter) -> (artifact id: 'd6db70223a33a09dffe1d5e3707bc3b3') in 0.0678179 seconds
Number of updated asset objects reloaded before import = 0Number of asset objects unloaded after import = 87

========================================================================
Received Import Request.
  Time since last request: 0.000037 seconds.
  path: Assets/Dice2.5D/animations/DiceRoll6.anim
  artifactKey: Guid(0ec47f1ab543d3b489220bc1722eacf9) Importer(2089858483,0ecaa5967403d082aa24f35e1b516d23)
Start importing Assets/Dice2.5D/animations/DiceRoll6.anim using Guid(0ec47f1ab543d3b489220bc1722eacf9) Importer(2089858483,0ecaa5967403d082aa24f35e1b516d23) (ScriptedImporter) -> (artifact id: '9028d750b694a6cd9da2e63d18c163d6') in 0.0328819 seconds
Number of updated asset objects reloaded before import = 0Number of asset objects unloaded after import = 1

========================================================================
Received Import Request.
  Time since last request: 0.000060 seconds.
  path: Assets/Editor Default Resources/MasterAudio/randomIcon.png
  artifactKey: Guid(322929ab77a9d1b428d8b868d40cd499) Importer(2089858483,0ecaa5967403d082aa24f35e1b516d23)
Start importing Assets/Editor Default Resources/MasterAudio/randomIcon.png using Guid(322929ab77a9d1b428d8b868d40cd499) Importer(2089858483,0ecaa5967403d082aa24f35e1b516d23) (ScriptedImporter) -> (artifact id: '8fb94bd9bae48d28cd980e17b75e45ad') in 0.0615346 seconds
Number of updated asset objects reloaded before import = 0Number of asset objects unloaded after import = 1

========================================================================
Received Prepare
Begin MonoManager ReloadAssembly
[Licensing::Client] Successfully resolved entitlement details
- Loaded All Assemblies, in 10.265 seconds
Refreshing native plugins compatible for Editor in 7.66 ms, found 9 plugins.
Native extension for WindowsStandalone target not found
[Package Manager] Failed to launch server process. Reason: Unity was launched with the -noUpm command-line argument
[Package Manager] Unable to send message (not connected to server process).
[Package Manager] Cannot connect to Unity Package Manager local server
Mono: successfully reloaded assembly
- Finished resetting the current domain, in  3.094 seconds
Domain Reload Profiling: 13595ms
	BeginReloadAssembly (3787ms)
		ExecutionOrderSort (0ms)
		DisableScriptedObjects (316ms)
		BackupInstance (0ms)
		ReleaseScriptingObjects (5ms)
		CreateAndSetChildDomain (2275ms)
	RebuildCommonClasses (123ms)
	RebuildNativeTypeToScriptingClass (33ms)
	initialDomainReloadingComplete (133ms)
	LoadAllAssembliesAndSetupDomain (6422ms)
		LoadAssemblies (5159ms)
		RebuildTransferFunctionScriptingTraits (0ms)
		AnalyzeDomain (1720ms)
			TypeCache.Refresh (73ms)
				TypeCache.ScanAssembly (0ms)
			BuildScriptInfoCaches (1462ms)
			ResolveRequiredComponents (91ms)
	FinalizeReload (3097ms)
		ReleaseScriptCaches (0ms)
		RebuildScriptCaches (0ms)
		SetupLoadedEditorAssemblies (2605ms)
			LogAssemblyErrors (0ms)
			InitializePlatformSupportModulesInManaged (5ms)
			SetLoadedEditorAssemblies (14ms)
			BeforeProcessingInitializeOnLoad (793ms)
			ProcessInitializeOnLoadAttributes (1556ms)
			ProcessInitializeOnLoadMethodAttributes (215ms)
			AfterProcessingInitializeOnLoad (20ms)
			EditorAssembliesLoaded (2ms)
		ExecutionOrderSort2 (0ms)
		AwakeInstancesAfterBackupRestoration (23ms)
WARNING: Shader Unsupported: 'Hidden/Universal Render Pipeline/Terrain/Lit (Base Pass)' - All subshaders removed
WARNING: Shader Did you use #pragma only_renderers and omit this platform?
WARNING: Shader If subshaders removal was intentional, you may have forgotten turning Fallback off?
WARNING: Shader Unsupported: 'Hidden/Universal Render Pipeline/Terrain/Lit (Base Pass)' - All subshaders removed
WARNING: Shader Did you use #pragma only_renderers and omit this platform?
WARNING: Shader If subshaders removal was intentional, you may have forgotten turning Fallback off?
WARNING: Shader Unsupported: 'Universal Render Pipeline/Terrain/Lit' - All subshaders removed
WARNING: Shader Did you use #pragma only_renderers and omit this platform?
WARNING: Shader If subshaders removal was intentional, you may have forgotten turning Fallback off?
WARNING: Shader Unsupported: 'Universal Render Pipeline/Terrain/Lit' - All subshaders removed
WARNING: Shader Did you use #pragma only_renderers and omit this platform?
WARNING: Shader If subshaders removal was intentional, you may have forgotten turning Fallback off?
Refreshing native plugins compatible for Editor in 6.26 ms, found 9 plugins.
Preloading 0 native plugins for Editor in 0.00 ms.
Unloading 185 Unused Serialized files (Serialized files now loaded: 0)
Unloading 8338 unused Assets / (25.2 MB). Loaded Objects now: 8766.
Memory consumption went from 196.4 MB to 171.1 MB.
Total: 43.246700 ms (FindLiveObjects: 3.165100 ms CreateObjectMapping: 2.355600 ms MarkObjects: 15.956200 ms  DeleteObjects: 21.766000 ms)

Prepare: number of updated asset objects reloaded= 0
========================================================================
Received Prepare
Begin MonoManager ReloadAssembly
[Licensing::Client] Successfully resolved entitlement details
- Loaded All Assemblies, in  3.620 seconds
Refreshing native plugins compatible for Editor in 13.51 ms, found 9 plugins.
Native extension for WindowsStandalone target not found
[Package Manager] Failed to launch server process. Reason: Unity was launched with the -noUpm command-line argument
[Package Manager] Unable to send message (not connected to server process).
[Package Manager] Cannot connect to Unity Package Manager local server
Mono: successfully reloaded assembly
- Finished resetting the current domain, in  3.316 seconds
Domain Reload Profiling: 6940ms
	BeginReloadAssembly (888ms)
		ExecutionOrderSort (0ms)
		DisableScriptedObjects (84ms)
		BackupInstance (0ms)
		ReleaseScriptingObjects (1ms)
		CreateAndSetChildDomain (236ms)
	RebuildCommonClasses (100ms)
	RebuildNativeTypeToScriptingClass (35ms)
	initialDomainReloadingComplete (83ms)
	LoadAllAssembliesAndSetupDomain (2517ms)
		LoadAssemblies (1977ms)
		RebuildTransferFunctionScriptingTraits (0ms)
		AnalyzeDomain (931ms)
			TypeCache.Refresh (14ms)
				TypeCache.ScanAssembly (0ms)
			BuildScriptInfoCaches (858ms)
			ResolveRequiredComponents (41ms)
	FinalizeReload (3317ms)
		ReleaseScriptCaches (0ms)
		RebuildScriptCaches (0ms)
		SetupLoadedEditorAssemblies (2882ms)
			LogAssemblyErrors (0ms)
			InitializePlatformSupportModulesInManaged (4ms)
			SetLoadedEditorAssemblies (14ms)
			BeforeProcessingInitializeOnLoad (832ms)
			ProcessInitializeOnLoadAttributes (1790ms)
			ProcessInitializeOnLoadMethodAttributes (223ms)
			AfterProcessingInitializeOnLoad (18ms)
			EditorAssembliesLoaded (1ms)
		ExecutionOrderSort2 (0ms)
		AwakeInstancesAfterBackupRestoration (30ms)
WARNING: Shader Unsupported: 'Hidden/Universal Render Pipeline/Terrain/Lit (Base Pass)' - All subshaders removed
WARNING: Shader Did you use #pragma only_renderers and omit this platform?
WARNING: Shader If subshaders removal was intentional, you may have forgotten turning Fallback off?
WARNING: Shader Unsupported: 'Hidden/Universal Render Pipeline/Terrain/Lit (Base Pass)' - All subshaders removed
WARNING: Shader Did you use #pragma only_renderers and omit this platform?
WARNING: Shader If subshaders removal was intentional, you may have forgotten turning Fallback off?
WARNING: Shader Unsupported: 'Universal Render Pipeline/Terrain/Lit' - All subshaders removed
WARNING: Shader Did you use #pragma only_renderers and omit this platform?
WARNING: Shader If subshaders removal was intentional, you may have forgotten turning Fallback off?
WARNING: Shader Unsupported: 'Universal Render Pipeline/Terrain/Lit' - All subshaders removed
WARNING: Shader Did you use #pragma only_renderers and omit this platform?
WARNING: Shader If subshaders removal was intentional, you may have forgotten turning Fallback off?
Refreshing native plugins compatible for Editor in 8.77 ms, found 9 plugins.
Preloading 0 native plugins for Editor in 0.00 ms.
Unloading 185 Unused Serialized files (Serialized files now loaded: 0)
Unloading 8334 unused Assets / (21.6 MB). Loaded Objects now: 8771.
Memory consumption went from 196.3 MB to 174.7 MB.
Total: 48.488400 ms (FindLiveObjects: 3.232400 ms CreateObjectMapping: 2.767000 ms MarkObjects: 17.073900 ms  DeleteObjects: 25.413600 ms)

Prepare: number of updated asset objects reloaded= 0
========================================================================
Received Prepare
Begin MonoManager ReloadAssembly
[Licensing::Client] Successfully resolved entitlement details
- Loaded All Assemblies, in 10.135 seconds
Refreshing native plugins compatible for Editor in 6.67 ms, found 9 plugins.
Native extension for WindowsStandalone target not found
[Package Manager] Failed to launch server process. Reason: Unity was launched with the -noUpm command-line argument
[Package Manager] Unable to send message (not connected to server process).
[Package Manager] Cannot connect to Unity Package Manager local server
Mono: successfully reloaded assembly
- Finished resetting the current domain, in  4.407 seconds
Domain Reload Profiling: 14551ms
	BeginReloadAssembly (4565ms)
		ExecutionOrderSort (2ms)
		DisableScriptedObjects (986ms)
		BackupInstance (0ms)
		ReleaseScriptingObjects (19ms)
		CreateAndSetChildDomain (1243ms)
	RebuildCommonClasses (294ms)
	RebuildNativeTypeToScriptingClass (57ms)
	initialDomainReloadingComplete (142ms)
	LoadAllAssembliesAndSetupDomain (5084ms)
		LoadAssemblies (4629ms)
		RebuildTransferFunctionScriptingTraits (0ms)
		AnalyzeDomain (1483ms)
			TypeCache.Refresh (145ms)
				TypeCache.ScanAssembly (0ms)
			BuildScriptInfoCaches (1252ms)
			ResolveRequiredComponents (45ms)
	FinalizeReload (4408ms)
		ReleaseScriptCaches (0ms)
		RebuildScriptCaches (0ms)
		SetupLoadedEditorAssemblies (3835ms)
			LogAssemblyErrors (0ms)
			InitializePlatformSupportModulesInManaged (7ms)
			SetLoadedEditorAssemblies (27ms)
			BeforeProcessingInitializeOnLoad (1119ms)
			ProcessInitializeOnLoadAttributes (2300ms)
			ProcessInitializeOnLoadMethodAttributes (355ms)
			AfterProcessingInitializeOnLoad (23ms)
			EditorAssembliesLoaded (6ms)
		ExecutionOrderSort2 (0ms)
		AwakeInstancesAfterBackupRestoration (46ms)
WARNING: Shader Unsupported: 'Hidden/Universal Render Pipeline/Terrain/Lit (Base Pass)' - All subshaders removed
WARNING: Shader Did you use #pragma only_renderers and omit this platform?
WARNING: Shader If subshaders removal was intentional, you may have forgotten turning Fallback off?
WARNING: Shader Unsupported: 'Hidden/Universal Render Pipeline/Terrain/Lit (Base Pass)' - All subshaders removed
WARNING: Shader Did you use #pragma only_renderers and omit this platform?
WARNING: Shader If subshaders removal was intentional, you may have forgotten turning Fallback off?
WARNING: Shader Unsupported: 'Universal Render Pipeline/Terrain/Lit' - All subshaders removed
WARNING: Shader Did you use #pragma only_renderers and omit this platform?
WARNING: Shader If subshaders removal was intentional, you may have forgotten turning Fallback off?
WARNING: Shader Unsupported: 'Universal Render Pipeline/Terrain/Lit' - All subshaders removed
WARNING: Shader Did you use #pragma only_renderers and omit this platform?
WARNING: Shader If subshaders removal was intentional, you may have forgotten turning Fallback off?
Refreshing native plugins compatible for Editor in 6.93 ms, found 9 plugins.
Preloading 0 native plugins for Editor in 0.00 ms.
Unloading 185 Unused Serialized files (Serialized files now loaded: 0)
Unloading 8334 unused Assets / (22.5 MB). Loaded Objects now: 8776.
Memory consumption went from 196.3 MB to 173.8 MB.
Total: 52.487600 ms (FindLiveObjects: 2.947600 ms CreateObjectMapping: 2.144100 ms MarkObjects: 22.629500 ms  DeleteObjects: 24.761500 ms)

Prepare: number of updated asset objects reloaded= 0
